month,product_id,total_quantity,total_orders,sales_value,product_name,category,previous_month_quantity,demand_change_pct
2019-01,P001,513,56,12568500,Hydraulic Pump HP-300,Hydraulic,,
2019-02,P001,429,32,10510500,Hydraulic Pump HP-300,Hydraulic,513.0,-16.374269005847953
2019-03,P001,642,52,15729000,Hydraulic Pump HP-300,Hydraulic,429.0,49.65034965034965
2019-04,P001,549,51,13450500,Hydraulic Pump HP-300,Hydraulic,642.0,-14.485981308411214
2019-05,P001,748,67,18326000,Hydraulic Pump HP-300,Hydraulic,549.0,36.247723132969035
2019-06,P001,732,56,17934000,Hydraulic Pump HP-300,Hydraulic,748.0,-2.13903743315508
2019-07,P001,860,70,21070000,Hydraulic Pump HP-300,Hydraulic,732.0,17.48633879781421
2019-08,P001,622,55,15239000,Hydraulic Pump HP-300,Hydraulic,860.0,-27.674418604651162
2019-09,P001,580,51,14210000,Hydraulic Pump HP-300,Hydraulic,622.0,-6.752411575562702
2019-10,P001,654,51,16023000,Hydraulic Pump HP-300,Hydraulic,580.0,12.758620689655173
2019-11,P001,587,46,14381500,Hydraulic Pump HP-300,Hydraulic,654.0,-10.244648318042813
2019-12,P001,586,52,14357000,Hydraulic Pump HP-300,Hydraulic,587.0,-0.17035775127768313
2020-01,P001,777,65,19036500,Hydraulic Pump HP-300,Hydraulic,586.0,32.593856655290104
2020-02,P001,450,37,11025000,Hydraulic Pump HP-300,Hydraulic,777.0,-42.084942084942085
2020-03,P001,608,51,14896000,Hydraulic Pump HP-300,Hydraulic,450.0,35.11111111111111
2020-04,P001,663,50,16243500,Hydraulic Pump HP-300,Hydraulic,608.0,9.046052631578947
2020-05,P001,745,61,18252500,Hydraulic Pump HP-300,Hydraulic,663.0,12.368024132730016
2020-06,P001,525,43,12862500,Hydraulic Pump HP-300,Hydraulic,745.0,-29.53020134228188
2020-07,P001,811,68,19869500,Hydraulic Pump HP-300,Hydraulic,525.0,54.47619047619048
2020-08,P001,825,62,20212500,Hydraulic Pump HP-300,Hydraulic,811.0,1.726263871763255
2020-09,P001,545,55,13352500,Hydraulic Pump HP-300,Hydraulic,825.0,-33.939393939393945
2020-10,P001,467,46,11441500,Hydraulic Pump HP-300,Hydraulic,545.0,-14.311926605504588
2020-11,P001,616,56,15092000,Hydraulic Pump HP-300,Hydraulic,467.0,31.905781584582442
2020-12,P001,558,54,13671000,Hydraulic Pump HP-300,Hydraulic,616.0,-9.415584415584416
2021-01,P001,541,47,13254500,Hydraulic Pump HP-300,Hydraulic,558.0,-3.046594982078853
2021-02,P001,538,50,13181000,Hydraulic Pump HP-300,Hydraulic,541.0,-0.5545286506469501
2021-03,P001,534,45,13083000,Hydraulic Pump HP-300,Hydraulic,538.0,-0.7434944237918215
2021-04,P001,712,63,17444000,Hydraulic Pump HP-300,Hydraulic,534.0,33.33333333333333
2021-05,P001,632,52,15484000,Hydraulic Pump HP-300,Hydraulic,712.0,-11.235955056179774
2021-06,P001,497,48,12176500,Hydraulic Pump HP-300,Hydraulic,632.0,-21.360759493670887
2021-07,P001,574,54,14063000,Hydraulic Pump HP-300,Hydraulic,497.0,15.492957746478872
2021-08,P001,727,62,17811500,Hydraulic Pump HP-300,Hydraulic,574.0,26.65505226480836
2021-09,P001,628,48,15386000,Hydraulic Pump HP-300,Hydraulic,727.0,-13.617606602475929
2021-10,P001,732,69,17934000,Hydraulic Pump HP-300,Hydraulic,628.0,16.560509554140125
2021-11,P001,643,54,15753500,Hydraulic Pump HP-300,Hydraulic,732.0,-12.158469945355192
2021-12,P001,743,60,18203500,Hydraulic Pump HP-300,Hydraulic,643.0,15.552099533437014
2022-01,P001,606,55,14847000,Hydraulic Pump HP-300,Hydraulic,743.0,-18.438761776581426
2022-02,P001,595,45,14577500,Hydraulic Pump HP-300,Hydraulic,606.0,-1.8151815181518154
2022-03,P001,688,62,16856000,Hydraulic Pump HP-300,Hydraulic,595.0,15.630252100840336
2022-04,P001,637,51,15606500,Hydraulic Pump HP-300,Hydraulic,688.0,-7.412790697674419
2022-05,P001,803,67,19673500,Hydraulic Pump HP-300,Hydraulic,637.0,26.059654631083202
2022-06,P001,634,53,15533000,Hydraulic Pump HP-300,Hydraulic,803.0,-21.046077210460773
2022-07,P001,635,53,15557500,Hydraulic Pump HP-300,Hydraulic,634.0,0.15772870662460567
2022-08,P001,662,57,16219000,Hydraulic Pump HP-300,Hydraulic,635.0,4.251968503937007
2022-09,P001,576,45,14112000,Hydraulic Pump HP-300,Hydraulic,662.0,-12.990936555891238
2022-10,P001,680,58,16660000,Hydraulic Pump HP-300,Hydraulic,576.0,18.055555555555554
2022-11,P001,492,42,12054000,Hydraulic Pump HP-300,Hydraulic,680.0,-27.647058823529413
2022-12,P001,710,54,17395000,Hydraulic Pump HP-300,Hydraulic,492.0,44.3089430894309
2023-01,P001,631,57,15459500,Hydraulic Pump HP-300,Hydraulic,710.0,-11.126760563380282
2023-02,P001,631,51,15459500,Hydraulic Pump HP-300,Hydraulic,631.0,0.0
2023-03,P001,791,63,19379500,Hydraulic Pump HP-300,Hydraulic,631.0,25.356576862123614
2023-04,P001,626,53,15337000,Hydraulic Pump HP-300,Hydraulic,791.0,-20.859671302149177
2023-05,P001,453,37,11098500,Hydraulic Pump HP-300,Hydraulic,626.0,-27.635782747603834
2023-06,P001,638,52,15631000,Hydraulic Pump HP-300,Hydraulic,453.0,40.83885209713024
2023-07,P001,640,54,15680000,Hydraulic Pump HP-300,Hydraulic,638.0,0.3134796238244514
2023-08,P001,570,47,13965000,Hydraulic Pump HP-300,Hydraulic,640.0,-10.9375
2023-09,P001,697,58,17076500,Hydraulic Pump HP-300,Hydraulic,570.0,22.280701754385966
2023-10,P001,652,54,15974000,Hydraulic Pump HP-300,Hydraulic,697.0,-6.456241032998565
2023-11,P001,647,55,15851500,Hydraulic Pump HP-300,Hydraulic,652.0,-0.7668711656441718
2023-12,P001,639,56,15655500,Hydraulic Pump HP-300,Hydraulic,647.0,-1.2364760432766615
2024-01,P001,600,47,14700000,Hydraulic Pump HP-300,Hydraulic,639.0,-6.103286384976526
2024-02,P001,636,48,15582000,Hydraulic Pump HP-300,Hydraulic,600.0,6.0
2024-03,P001,489,44,11980500,Hydraulic Pump HP-300,Hydraulic,636.0,-23.11320754716981
2024-04,P001,544,50,13328000,Hydraulic Pump HP-300,Hydraulic,489.0,11.247443762781186
2024-05,P001,592,50,14504000,Hydraulic Pump HP-300,Hydraulic,544.0,8.823529411764707
2024-06,P001,682,58,16709000,Hydraulic Pump HP-300,Hydraulic,592.0,15.202702702702704
2024-07,P001,534,49,13083000,Hydraulic Pump HP-300,Hydraulic,682.0,-21.700879765395893
2024-08,P001,612,48,14994000,Hydraulic Pump HP-300,Hydraulic,534.0,14.606741573033707
2024-09,P001,733,58,17958500,Hydraulic Pump HP-300,Hydraulic,612.0,19.77124183006536
2024-10,P001,712,60,17444000,Hydraulic Pump HP-300,Hydraulic,733.0,-2.8649386084583903
2024-11,P001,611,57,14969500,Hydraulic Pump HP-300,Hydraulic,712.0,-14.185393258426968
2024-12,P001,718,67,17591000,Hydraulic Pump HP-300,Hydraulic,611.0,17.51227495908347
2019-01,P002,513,53,369360,Engine Oil Filter OF-90,Filters,,
2019-02,P002,487,42,350640,Engine Oil Filter OF-90,Filters,513.0,-5.0682261208577
2019-03,P002,666,65,479520,Engine Oil Filter OF-90,Filters,487.0,36.75564681724846
2019-04,P002,657,53,473040,Engine Oil Filter OF-90,Filters,666.0,-1.3513513513513513
2019-05,P002,672,58,483840,Engine Oil Filter OF-90,Filters,657.0,2.28310502283105
2019-06,P002,597,53,429840,Engine Oil Filter OF-90,Filters,672.0,-11.160714285714286
2019-07,P002,662,55,476640,Engine Oil Filter OF-90,Filters,597.0,10.887772194304858
2019-08,P002,761,66,547920,Engine Oil Filter OF-90,Filters,662.0,14.954682779456194
2019-09,P002,523,43,376560,Engine Oil Filter OF-90,Filters,761.0,-31.274638633377133
2019-10,P002,590,64,424800,Engine Oil Filter OF-90,Filters,523.0,12.810707456978967
2019-11,P002,773,68,556560,Engine Oil Filter OF-90,Filters,590.0,31.016949152542374
2019-12,P002,698,52,502560,Engine Oil Filter OF-90,Filters,773.0,-9.702457956015524
2020-01,P002,678,53,488160,Engine Oil Filter OF-90,Filters,698.0,-2.865329512893983
2020-02,P002,560,48,403200,Engine Oil Filter OF-90,Filters,678.0,-17.404129793510325
2020-03,P002,615,58,442800,Engine Oil Filter OF-90,Filters,560.0,9.821428571428571
2020-04,P002,594,45,427680,Engine Oil Filter OF-90,Filters,615.0,-3.414634146341464
2020-05,P002,631,55,454320,Engine Oil Filter OF-90,Filters,594.0,6.228956228956229
2020-06,P002,585,55,421200,Engine Oil Filter OF-90,Filters,631.0,-7.290015847860539
2020-07,P002,730,60,525600,Engine Oil Filter OF-90,Filters,585.0,24.786324786324787
2020-08,P002,771,64,555120,Engine Oil Filter OF-90,Filters,730.0,5.616438356164384
2020-09,P002,587,58,422640,Engine Oil Filter OF-90,Filters,771.0,-23.865110246433204
2020-10,P002,506,50,364320,Engine Oil Filter OF-90,Filters,587.0,-13.798977853492334
2020-11,P002,762,57,548640,Engine Oil Filter OF-90,Filters,506.0,50.59288537549407
2020-12,P002,483,46,347760,Engine Oil Filter OF-90,Filters,762.0,-36.61417322834646
2021-01,P002,811,64,583920,Engine Oil Filter OF-90,Filters,483.0,67.90890269151139
2021-02,P002,747,53,537840,Engine Oil Filter OF-90,Filters,811.0,-7.891491985203452
2021-03,P002,706,53,508320,Engine Oil Filter OF-90,Filters,747.0,-5.4886211512717535
2021-04,P002,637,56,458640,Engine Oil Filter OF-90,Filters,706.0,-9.773371104815865
2021-05,P002,559,53,402480,Engine Oil Filter OF-90,Filters,637.0,-12.244897959183673
2021-06,P002,498,48,358560,Engine Oil Filter OF-90,Filters,559.0,-10.912343470483005
2021-07,P002,578,50,416160,Engine Oil Filter OF-90,Filters,498.0,16.06425702811245
2021-08,P002,547,48,393840,Engine Oil Filter OF-90,Filters,578.0,-5.3633217993079585
2021-09,P002,596,50,429120,Engine Oil Filter OF-90,Filters,547.0,8.957952468007313
2021-10,P002,892,76,642240,Engine Oil Filter OF-90,Filters,596.0,49.664429530201346
2021-11,P002,728,65,524160,Engine Oil Filter OF-90,Filters,892.0,-18.385650224215247
2021-12,P002,736,62,529920,Engine Oil Filter OF-90,Filters,728.0,1.098901098901099
2022-01,P002,736,54,529920,Engine Oil Filter OF-90,Filters,736.0,0.0
2022-02,P002,502,46,361440,Engine Oil Filter OF-90,Filters,736.0,-31.793478260869566
2022-03,P002,666,48,479520,Engine Oil Filter OF-90,Filters,502.0,32.669322709163346
2022-04,P002,582,47,419040,Engine Oil Filter OF-90,Filters,666.0,-12.612612612612612
2022-05,P002,606,55,436320,Engine Oil Filter OF-90,Filters,582.0,4.123711340206185
2022-06,P002,572,49,411840,Engine Oil Filter OF-90,Filters,606.0,-5.6105610561056105
2022-07,P002,488,41,351360,Engine Oil Filter OF-90,Filters,572.0,-14.685314685314685
2022-08,P002,715,56,514800,Engine Oil Filter OF-90,Filters,488.0,46.51639344262295
2022-09,P002,551,46,396720,Engine Oil Filter OF-90,Filters,715.0,-22.937062937062937
2022-10,P002,525,45,378000,Engine Oil Filter OF-90,Filters,551.0,-4.71869328493648
2022-11,P002,476,42,342720,Engine Oil Filter OF-90,Filters,525.0,-9.333333333333334
2022-12,P002,606,56,436320,Engine Oil Filter OF-90,Filters,476.0,27.310924369747898
2023-01,P002,462,45,332640,Engine Oil Filter OF-90,Filters,606.0,-23.762376237623762
2023-02,P002,544,46,391680,Engine Oil Filter OF-90,Filters,462.0,17.74891774891775
2023-03,P002,514,45,370080,Engine Oil Filter OF-90,Filters,544.0,-5.514705882352941
2023-04,P002,700,53,504000,Engine Oil Filter OF-90,Filters,514.0,36.18677042801556
2023-05,P002,537,46,386640,Engine Oil Filter OF-90,Filters,700.0,-23.285714285714285
2023-06,P002,607,50,437040,Engine Oil Filter OF-90,Filters,537.0,13.03538175046555
2023-07,P002,569,55,409680,Engine Oil Filter OF-90,Filters,607.0,-6.260296540362438
2023-08,P002,689,60,496080,Engine Oil Filter OF-90,Filters,569.0,21.0896309314587
2023-09,P002,820,62,590400,Engine Oil Filter OF-90,Filters,689.0,19.013062409288825
2023-10,P002,471,49,339120,Engine Oil Filter OF-90,Filters,820.0,-42.5609756097561
2023-11,P002,574,44,413280,Engine Oil Filter OF-90,Filters,471.0,21.86836518046709
2023-12,P002,572,49,411840,Engine Oil Filter OF-90,Filters,574.0,-0.34843205574912894
2024-01,P002,729,53,524880,Engine Oil Filter OF-90,Filters,572.0,27.447552447552447
2024-02,P002,691,54,497520,Engine Oil Filter OF-90,Filters,729.0,-5.212620027434842
2024-03,P002,675,54,486000,Engine Oil Filter OF-90,Filters,691.0,-2.3154848046309695
2024-04,P002,761,64,547920,Engine Oil Filter OF-90,Filters,675.0,12.74074074074074
2024-05,P002,562,54,404640,Engine Oil Filter OF-90,Filters,761.0,-26.149802890932982
2024-06,P002,679,62,488880,Engine Oil Filter OF-90,Filters,562.0,20.818505338078293
2024-07,P002,631,50,454320,Engine Oil Filter OF-90,Filters,679.0,-7.069219440353461
2024-08,P002,778,57,560160,Engine Oil Filter OF-90,Filters,631.0,23.296354992076072
2024-09,P002,584,57,420480,Engine Oil Filter OF-90,Filters,778.0,-24.93573264781491
2024-10,P002,607,58,437040,Engine Oil Filter OF-90,Filters,584.0,3.9383561643835616
2024-11,P002,715,61,514800,Engine Oil Filter OF-90,Filters,607.0,17.792421746293247
2024-12,P002,710,49,511200,Engine Oil Filter OF-90,Filters,715.0,-0.6993006993006993
2019-01,P003,537,53,671250,Air Filter AF-120,Filters,,
2019-02,P003,656,47,820000,Air Filter AF-120,Filters,537.0,22.160148975791433
2019-03,P003,601,53,751250,Air Filter AF-120,Filters,656.0,-8.384146341463415
2019-04,P003,646,55,807500,Air Filter AF-120,Filters,601.0,7.487520798668886
2019-05,P003,852,64,1065000,Air Filter AF-120,Filters,646.0,31.88854489164087
2019-06,P003,542,47,677500,Air Filter AF-120,Filters,852.0,-36.38497652582159
2019-07,P003,692,58,865000,Air Filter AF-120,Filters,542.0,27.67527675276753
2019-08,P003,578,51,722500,Air Filter AF-120,Filters,692.0,-16.473988439306357
2019-09,P003,584,56,730000,Air Filter AF-120,Filters,578.0,1.0380622837370241
2019-10,P003,561,48,701250,Air Filter AF-120,Filters,584.0,-3.9383561643835616
2019-11,P003,669,57,836250,Air Filter AF-120,Filters,561.0,19.25133689839572
2019-12,P003,561,45,701250,Air Filter AF-120,Filters,669.0,-16.143497757847534
2020-01,P003,476,41,595000,Air Filter AF-120,Filters,561.0,-15.151515151515152
2020-02,P003,679,60,848750,Air Filter AF-120,Filters,476.0,42.64705882352941
2020-03,P003,594,48,742500,Air Filter AF-120,Filters,679.0,-12.51840942562592
2020-04,P003,505,51,631250,Air Filter AF-120,Filters,594.0,-14.983164983164984
2020-05,P003,833,73,1041250,Air Filter AF-120,Filters,505.0,64.95049504950495
2020-06,P003,522,43,652500,Air Filter AF-120,Filters,833.0,-37.334933973589436
2020-07,P003,841,74,1051250,Air Filter AF-120,Filters,522.0,61.111111111111114
2020-08,P003,973,79,1216250,Air Filter AF-120,Filters,841.0,15.695600475624257
2020-09,P003,639,52,798750,Air Filter AF-120,Filters,973.0,-34.326824254881814
2020-10,P003,611,51,763750,Air Filter AF-120,Filters,639.0,-4.381846635367762
2020-11,P003,702,55,877500,Air Filter AF-120,Filters,611.0,14.893617021276595
2020-12,P003,512,54,640000,Air Filter AF-120,Filters,702.0,-27.065527065527068
2021-01,P003,527,48,658750,Air Filter AF-120,Filters,512.0,2.9296875
2021-02,P003,627,51,783750,Air Filter AF-120,Filters,527.0,18.975332068311197
2021-03,P003,573,44,716250,Air Filter AF-120,Filters,627.0,-8.61244019138756
2021-04,P003,566,52,707500,Air Filter AF-120,Filters,573.0,-1.2216404886561953
2021-05,P003,530,48,662500,Air Filter AF-120,Filters,566.0,-6.36042402826855
2021-06,P003,609,54,761250,Air Filter AF-120,Filters,530.0,14.90566037735849
2021-07,P003,424,40,530000,Air Filter AF-120,Filters,609.0,-30.377668308702795
2021-08,P003,747,57,933750,Air Filter AF-120,Filters,424.0,76.17924528301887
2021-09,P003,623,62,778750,Air Filter AF-120,Filters,747.0,-16.599732262382865
2021-10,P003,888,76,1110000,Air Filter AF-120,Filters,623.0,42.53611556982344
2021-11,P003,749,64,936250,Air Filter AF-120,Filters,888.0,-15.653153153153154
2021-12,P003,697,63,871250,Air Filter AF-120,Filters,749.0,-6.942590120160213
2022-01,P003,628,53,785000,Air Filter AF-120,Filters,697.0,-9.899569583931134
2022-02,P003,579,47,723750,Air Filter AF-120,Filters,628.0,-7.802547770700636
2022-03,P003,513,51,641250,Air Filter AF-120,Filters,579.0,-11.398963730569948
2022-04,P003,660,57,825000,Air Filter AF-120,Filters,513.0,28.654970760233915
2022-05,P003,703,63,878750,Air Filter AF-120,Filters,660.0,6.515151515151516
2022-06,P003,611,57,763750,Air Filter AF-120,Filters,703.0,-13.086770981507822
2022-07,P003,650,49,812500,Air Filter AF-120,Filters,611.0,6.382978723404255
2022-08,P003,676,57,845000,Air Filter AF-120,Filters,650.0,4.0
2022-09,P003,638,53,797500,Air Filter AF-120,Filters,676.0,-5.621301775147929
2022-10,P003,586,56,732500,Air Filter AF-120,Filters,638.0,-8.150470219435736
2022-11,P003,623,54,778750,Air Filter AF-120,Filters,586.0,6.313993174061433
2022-12,P003,546,48,682500,Air Filter AF-120,Filters,623.0,-12.359550561797752
2023-01,P003,613,51,766250,Air Filter AF-120,Filters,546.0,12.27106227106227
2023-02,P003,593,55,741250,Air Filter AF-120,Filters,613.0,-3.262642740619902
2023-03,P003,697,55,871250,Air Filter AF-120,Filters,593.0,17.537942664418214
2023-04,P003,674,53,842500,Air Filter AF-120,Filters,697.0,-3.2998565279770444
2023-05,P003,658,58,822500,Air Filter AF-120,Filters,674.0,-2.3738872403560833
2023-06,P003,577,52,721250,Air Filter AF-120,Filters,658.0,-12.310030395136778
2023-07,P003,638,58,797500,Air Filter AF-120,Filters,577.0,10.571923743500866
2023-08,P003,759,59,948750,Air Filter AF-120,Filters,638.0,18.96551724137931
2023-09,P003,619,57,773750,Air Filter AF-120,Filters,759.0,-18.44532279314888
2023-10,P003,742,56,927500,Air Filter AF-120,Filters,619.0,19.87075928917609
2023-11,P003,668,54,835000,Air Filter AF-120,Filters,742.0,-9.973045822102426
2023-12,P003,620,56,775000,Air Filter AF-120,Filters,668.0,-7.18562874251497
2024-01,P003,732,57,915000,Air Filter AF-120,Filters,620.0,18.064516129032256
2024-02,P003,696,54,870000,Air Filter AF-120,Filters,732.0,-4.918032786885246
2024-03,P003,682,56,852500,Air Filter AF-120,Filters,696.0,-2.0114942528735633
2024-04,P003,466,39,582500,Air Filter AF-120,Filters,682.0,-31.671554252199414
2024-05,P003,582,49,727500,Air Filter AF-120,Filters,466.0,24.892703862660944
2024-06,P003,575,51,718750,Air Filter AF-120,Filters,582.0,-1.202749140893471
2024-07,P003,567,45,708750,Air Filter AF-120,Filters,575.0,-1.391304347826087
2024-08,P003,469,45,586250,Air Filter AF-120,Filters,567.0,-17.28395061728395
2024-09,P003,805,61,1006250,Air Filter AF-120,Filters,469.0,71.64179104477611
2024-10,P003,701,59,876250,Air Filter AF-120,Filters,805.0,-12.919254658385093
2024-11,P003,653,51,816250,Air Filter AF-120,Filters,701.0,-6.847360912981455
2024-12,P003,559,45,698750,Air Filter AF-120,Filters,653.0,-14.39509954058193
2019-01,P004,865,67,34427000,Track Chain TC-45,Undercarriage,,
2019-02,P004,517,43,20576600,Track Chain TC-45,Undercarriage,865.0,-40.23121387283237
2019-03,P004,626,53,24914800,Track Chain TC-45,Undercarriage,517.0,21.08317214700193
2019-04,P004,770,58,30646000,Track Chain TC-45,Undercarriage,626.0,23.003194888178914
2019-05,P004,577,49,22964600,Track Chain TC-45,Undercarriage,770.0,-25.064935064935064
2019-06,P004,673,53,26785400,Track Chain TC-45,Undercarriage,577.0,16.63778162911612
2019-07,P004,657,58,26148600,Track Chain TC-45,Undercarriage,673.0,-2.37741456166419
2019-08,P004,808,63,32158400,Track Chain TC-45,Undercarriage,657.0,22.98325722983257
2019-09,P004,729,61,29014200,Track Chain TC-45,Undercarriage,808.0,-9.777227722772277
2019-10,P004,511,47,20337800,Track Chain TC-45,Undercarriage,729.0,-29.903978052126202
2019-11,P004,732,58,29133600,Track Chain TC-45,Undercarriage,511.0,43.24853228962818
2019-12,P004,539,43,21452200,Track Chain TC-45,Undercarriage,732.0,-26.366120218579237
2020-01,P004,782,61,31123600,Track Chain TC-45,Undercarriage,539.0,45.083487940630796
2020-02,P004,473,45,18825400,Track Chain TC-45,Undercarriage,782.0,-39.514066496163686
2020-03,P004,473,41,18825400,Track Chain TC-45,Undercarriage,473.0,0.0
2020-04,P004,490,43,19502000,Track Chain TC-45,Undercarriage,473.0,3.5940803382663846
2020-05,P004,619,56,24636200,Track Chain TC-45,Undercarriage,490.0,26.3265306122449
2020-06,P004,490,47,19502000,Track Chain TC-45,Undercarriage,619.0,-20.84006462035541
2020-07,P004,706,59,28098800,Track Chain TC-45,Undercarriage,490.0,44.08163265306123
2020-08,P004,739,57,29412200,Track Chain TC-45,Undercarriage,706.0,4.674220963172805
2020-09,P004,593,49,23601400,Track Chain TC-45,Undercarriage,739.0,-19.756427604871448
2020-10,P004,569,47,22646200,Track Chain TC-45,Undercarriage,593.0,-4.0472175379426645
2020-11,P004,444,41,17671200,Track Chain TC-45,Undercarriage,569.0,-21.968365553602812
2020-12,P004,729,60,29014200,Track Chain TC-45,Undercarriage,444.0,64.1891891891892
2021-01,P004,653,51,25989400,Track Chain TC-45,Undercarriage,729.0,-10.425240054869684
2021-02,P004,507,44,20178600,Track Chain TC-45,Undercarriage,653.0,-22.358346094946402
2021-03,P004,572,49,22765600,Track Chain TC-45,Undercarriage,507.0,12.82051282051282
2021-04,P004,691,57,27501800,Track Chain TC-45,Undercarriage,572.0,20.804195804195803
2021-05,P004,614,62,24437200,Track Chain TC-45,Undercarriage,691.0,-11.143270622286542
2021-06,P004,700,52,27860000,Track Chain TC-45,Undercarriage,614.0,14.006514657980457
2021-07,P004,730,63,29054000,Track Chain TC-45,Undercarriage,700.0,4.285714285714286
2021-08,P004,548,49,21810400,Track Chain TC-45,Undercarriage,730.0,-24.93150684931507
2021-09,P004,789,60,31402200,Track Chain TC-45,Undercarriage,548.0,43.97810218978102
2021-10,P004,743,60,29571400,Track Chain TC-45,Undercarriage,789.0,-5.830164765525982
2021-11,P004,532,46,21173600,Track Chain TC-45,Undercarriage,743.0,-28.398384925975773
2021-12,P004,654,49,26029200,Track Chain TC-45,Undercarriage,532.0,22.932330827067666
2022-01,P004,595,51,23681000,Track Chain TC-45,Undercarriage,654.0,-9.021406727828746
2022-02,P004,675,46,26865000,Track Chain TC-45,Undercarriage,595.0,13.445378151260504
2022-03,P004,566,47,22526800,Track Chain TC-45,Undercarriage,675.0,-16.14814814814815
2022-04,P004,481,45,19143800,Track Chain TC-45,Undercarriage,566.0,-15.01766784452297
2022-05,P004,543,50,21611400,Track Chain TC-45,Undercarriage,481.0,12.889812889812891
2022-06,P004,615,45,24477000,Track Chain TC-45,Undercarriage,543.0,13.259668508287293
2022-07,P004,649,53,25830200,Track Chain TC-45,Undercarriage,615.0,5.528455284552845
2022-08,P004,659,54,26228200,Track Chain TC-45,Undercarriage,649.0,1.5408320493066257
2022-09,P004,789,66,31402200,Track Chain TC-45,Undercarriage,659.0,19.726858877086496
2022-10,P004,594,50,23641200,Track Chain TC-45,Undercarriage,789.0,-24.714828897338403
2022-11,P004,700,56,27860000,Track Chain TC-45,Undercarriage,594.0,17.845117845117844
2022-12,P004,617,54,24556600,Track Chain TC-45,Undercarriage,700.0,-11.857142857142858
2023-01,P004,548,40,21810400,Track Chain TC-45,Undercarriage,617.0,-11.183144246353322
2023-02,P004,731,53,29093800,Track Chain TC-45,Undercarriage,548.0,33.394160583941606
2023-03,P004,646,55,25710800,Track Chain TC-45,Undercarriage,731.0,-11.627906976744185
2023-04,P004,656,57,26108800,Track Chain TC-45,Undercarriage,646.0,1.5479876160990713
2023-05,P004,595,44,23681000,Track Chain TC-45,Undercarriage,656.0,-9.298780487804878
2023-06,P004,628,53,24994400,Track Chain TC-45,Undercarriage,595.0,5.546218487394958
2023-07,P004,595,49,23681000,Track Chain TC-45,Undercarriage,628.0,-5.254777070063694
2023-08,P004,735,54,29253000,Track Chain TC-45,Undercarriage,595.0,23.52941176470588
2023-09,P004,721,57,28695800,Track Chain TC-45,Undercarriage,735.0,-1.9047619047619049
2023-10,P004,613,56,24397400,Track Chain TC-45,Undercarriage,721.0,-14.979195561719832
2023-11,P004,597,58,23760600,Track Chain TC-45,Undercarriage,613.0,-2.6101141924959217
2023-12,P004,533,48,21213400,Track Chain TC-45,Undercarriage,597.0,-10.720268006700168
2024-01,P004,706,64,28098800,Track Chain TC-45,Undercarriage,533.0,32.4577861163227
2024-02,P004,629,55,25034200,Track Chain TC-45,Undercarriage,706.0,-10.906515580736544
2024-03,P004,478,41,19024400,Track Chain TC-45,Undercarriage,629.0,-24.006359300476948
2024-04,P004,405,40,16119000,Track Chain TC-45,Undercarriage,478.0,-15.271966527196653
2024-05,P004,589,47,23442200,Track Chain TC-45,Undercarriage,405.0,45.4320987654321
2024-06,P004,606,49,24118800,Track Chain TC-45,Undercarriage,589.0,2.886247877758913
2024-07,P004,832,65,33113600,Track Chain TC-45,Undercarriage,606.0,37.29372937293729
2024-08,P004,526,44,20934800,Track Chain TC-45,Undercarriage,832.0,-36.77884615384615
2024-09,P004,704,54,28019200,Track Chain TC-45,Undercarriage,526.0,33.840304182509506
2024-10,P004,743,62,29571400,Track Chain TC-45,Undercarriage,704.0,5.5397727272727275
2024-11,P004,671,57,26705800,Track Chain TC-45,Undercarriage,743.0,-9.690444145356663
2024-12,P004,761,61,30287800,Track Chain TC-45,Undercarriage,671.0,13.412816691505217
2019-01,P005,607,58,5129150,Fuel Injector FI-220,Engine,,
2019-02,P005,566,49,4782700,Fuel Injector FI-220,Engine,607.0,-6.754530477759473
2019-03,P005,662,52,5593900,Fuel Injector FI-220,Engine,566.0,16.96113074204947
2019-04,P005,643,62,5433350,Fuel Injector FI-220,Engine,662.0,-2.8700906344410875
2019-05,P005,650,56,5492500,Fuel Injector FI-220,Engine,643.0,1.088646967340591
2019-06,P005,675,58,5703750,Fuel Injector FI-220,Engine,650.0,3.8461538461538463
2019-07,P005,776,72,6557200,Fuel Injector FI-220,Engine,675.0,14.962962962962964
2019-08,P005,622,55,5255900,Fuel Injector FI-220,Engine,776.0,-19.84536082474227
2019-09,P005,615,53,5196750,Fuel Injector FI-220,Engine,622.0,-1.1254019292604502
2019-10,P005,642,51,5424900,Fuel Injector FI-220,Engine,615.0,4.390243902439024
2019-11,P005,520,53,4394000,Fuel Injector FI-220,Engine,642.0,-19.003115264797508
2019-12,P005,623,53,5264350,Fuel Injector FI-220,Engine,520.0,19.807692307692307
2020-01,P005,598,50,5053100,Fuel Injector FI-220,Engine,623.0,-4.012841091492777
2020-02,P005,482,46,4072900,Fuel Injector FI-220,Engine,598.0,-19.39799331103679
2020-03,P005,515,42,4351750,Fuel Injector FI-220,Engine,482.0,6.846473029045644
2020-04,P005,544,49,4596800,Fuel Injector FI-220,Engine,515.0,5.631067961165048
2020-05,P005,892,71,7537400,Fuel Injector FI-220,Engine,544.0,63.970588235294116
2020-06,P005,660,52,5577000,Fuel Injector FI-220,Engine,892.0,-26.00896860986547
2020-07,P005,825,68,6971250,Fuel Injector FI-220,Engine,660.0,25.0
2020-08,P005,787,58,6650150,Fuel Injector FI-220,Engine,825.0,-4.6060606060606055
2020-09,P005,628,54,5306600,Fuel Injector FI-220,Engine,787.0,-20.20330368487929
2020-10,P005,655,54,5534750,Fuel Injector FI-220,Engine,628.0,4.2993630573248405
2020-11,P005,599,54,5061550,Fuel Injector FI-220,Engine,655.0,-8.549618320610687
2020-12,P005,634,56,5357300,Fuel Injector FI-220,Engine,599.0,5.843071786310518
2021-01,P005,804,65,6793800,Fuel Injector FI-220,Engine,634.0,26.813880126182966
2021-02,P005,620,47,5239000,Fuel Injector FI-220,Engine,804.0,-22.885572139303484
2021-03,P005,608,54,5137600,Fuel Injector FI-220,Engine,620.0,-1.935483870967742
2021-04,P005,641,53,5416450,Fuel Injector FI-220,Engine,608.0,5.427631578947369
2021-05,P005,756,58,6388200,Fuel Injector FI-220,Engine,641.0,17.94071762870515
2021-06,P005,617,54,5213650,Fuel Injector FI-220,Engine,756.0,-18.386243386243386
2021-07,P005,492,46,4157400,Fuel Injector FI-220,Engine,617.0,-20.25931928687196
2021-08,P005,646,52,5458700,Fuel Injector FI-220,Engine,492.0,31.300813008130078
2021-09,P005,467,47,3946150,Fuel Injector FI-220,Engine,646.0,-27.708978328173373
2021-10,P005,854,64,7216300,Fuel Injector FI-220,Engine,467.0,82.86937901498929
2021-11,P005,767,63,6481150,Fuel Injector FI-220,Engine,854.0,-10.187353629976581
2021-12,P005,549,49,4639050,Fuel Injector FI-220,Engine,767.0,-28.42242503259452
2022-01,P005,813,64,6869850,Fuel Injector FI-220,Engine,549.0,48.08743169398907
2022-02,P005,420,41,3549000,Fuel Injector FI-220,Engine,813.0,-48.33948339483395
2022-03,P005,441,49,3726450,Fuel Injector FI-220,Engine,420.0,5.0
2022-04,P005,600,55,5070000,Fuel Injector FI-220,Engine,441.0,36.054421768707485
2022-05,P005,616,51,5205200,Fuel Injector FI-220,Engine,600.0,2.666666666666667
2022-06,P005,586,54,4951700,Fuel Injector FI-220,Engine,616.0,-4.870129870129871
2022-07,P005,536,47,4529200,Fuel Injector FI-220,Engine,586.0,-8.532423208191126
2022-08,P005,754,63,6371300,Fuel Injector FI-220,Engine,536.0,40.67164179104478
2022-09,P005,597,48,5044650,Fuel Injector FI-220,Engine,754.0,-20.822281167108752
2022-10,P005,657,55,5551650,Fuel Injector FI-220,Engine,597.0,10.050251256281408
2022-11,P005,347,41,2932150,Fuel Injector FI-220,Engine,657.0,-47.1841704718417
2022-12,P005,551,43,4655950,Fuel Injector FI-220,Engine,347.0,58.789625360230545
2023-01,P005,507,46,4284150,Fuel Injector FI-220,Engine,551.0,-7.985480943738657
2023-02,P005,586,52,4951700,Fuel Injector FI-220,Engine,507.0,15.581854043392504
2023-03,P005,782,60,6607900,Fuel Injector FI-220,Engine,586.0,33.44709897610921
2023-04,P005,741,56,6261450,Fuel Injector FI-220,Engine,782.0,-5.242966751918159
2023-05,P005,564,45,4765800,Fuel Injector FI-220,Engine,741.0,-23.88663967611336
2023-06,P005,687,53,5805150,Fuel Injector FI-220,Engine,564.0,21.808510638297875
2023-07,P005,777,69,6565650,Fuel Injector FI-220,Engine,687.0,13.100436681222707
2023-08,P005,714,57,6033300,Fuel Injector FI-220,Engine,777.0,-8.108108108108109
2023-09,P005,718,60,6067100,Fuel Injector FI-220,Engine,714.0,0.5602240896358543
2023-10,P005,653,51,5517850,Fuel Injector FI-220,Engine,718.0,-9.052924791086351
2023-11,P005,546,50,4613700,Fuel Injector FI-220,Engine,653.0,-16.38591117917305
2023-12,P005,612,50,5171400,Fuel Injector FI-220,Engine,546.0,12.087912087912088
2024-01,P005,651,58,5500950,Fuel Injector FI-220,Engine,612.0,6.372549019607843
2024-02,P005,638,54,5391100,Fuel Injector FI-220,Engine,651.0,-1.9969278033794162
2024-03,P005,488,48,4123600,Fuel Injector FI-220,Engine,638.0,-23.510971786833856
2024-04,P005,516,44,4360200,Fuel Injector FI-220,Engine,488.0,5.737704918032787
2024-05,P005,579,49,4892550,Fuel Injector FI-220,Engine,516.0,12.209302325581394
2024-06,P005,686,58,5796700,Fuel Injector FI-220,Engine,579.0,18.48013816925734
2024-07,P005,439,41,3709550,Fuel Injector FI-220,Engine,686.0,-36.005830903790084
2024-08,P005,693,58,5855850,Fuel Injector FI-220,Engine,439.0,57.85876993166287
2024-09,P005,613,52,5179850,Fuel Injector FI-220,Engine,693.0,-11.544011544011545
2024-10,P005,445,39,3760250,Fuel Injector FI-220,Engine,613.0,-27.40619902120718
2024-11,P005,598,53,5053100,Fuel Injector FI-220,Engine,445.0,34.38202247191011
2024-12,P005,634,48,5357300,Fuel Injector FI-220,Engine,598.0,6.0200668896321075
2019-01,P006,474,46,5308800,Alternator ALT-500,Electrical,,
2019-02,P006,623,52,6977600,Alternator ALT-500,Electrical,474.0,31.434599156118143
2019-03,P006,579,57,6484800,Alternator ALT-500,Electrical,623.0,-7.062600321027287
2019-04,P006,434,42,4860800,Alternator ALT-500,Electrical,579.0,-25.043177892918827
2019-05,P006,507,51,5678400,Alternator ALT-500,Electrical,434.0,16.82027649769585
2019-06,P006,632,52,7078400,Alternator ALT-500,Electrical,507.0,24.65483234714004
2019-07,P006,715,57,8008000,Alternator ALT-500,Electrical,632.0,13.132911392405063
2019-08,P006,477,46,5342400,Alternator ALT-500,Electrical,715.0,-33.28671328671329
2019-09,P006,559,42,6260800,Alternator ALT-500,Electrical,477.0,17.19077568134172
2019-10,P006,697,52,7806400,Alternator ALT-500,Electrical,559.0,24.686940966010734
2019-11,P006,595,54,6664000,Alternator ALT-500,Electrical,697.0,-14.634146341463413
2019-12,P006,595,54,6664000,Alternator ALT-500,Electrical,595.0,0.0
2020-01,P006,612,57,6854400,Alternator ALT-500,Electrical,595.0,2.857142857142857
2020-02,P006,344,34,3852800,Alternator ALT-500,Electrical,612.0,-43.790849673202615
2020-03,P006,516,41,5779200,Alternator ALT-500,Electrical,344.0,50.0
2020-04,P006,516,45,5779200,Alternator ALT-500,Electrical,516.0,0.0
2020-05,P006,794,70,8892800,Alternator ALT-500,Electrical,516.0,53.875968992248055
2020-06,P006,659,52,7380800,Alternator ALT-500,Electrical,794.0,-17.002518891687657
2020-07,P006,921,72,10315200,Alternator ALT-500,Electrical,659.0,39.75720789074355
2020-08,P006,801,71,8971200,Alternator ALT-500,Electrical,921.0,-13.029315960912053
2020-09,P006,750,57,8400000,Alternator ALT-500,Electrical,801.0,-6.367041198501873
2020-10,P006,594,52,6652800,Alternator ALT-500,Electrical,750.0,-20.8
2020-11,P006,608,50,6809600,Alternator ALT-500,Electrical,594.0,2.356902356902357
2020-12,P006,774,63,8668800,Alternator ALT-500,Electrical,608.0,27.302631578947366
2021-01,P006,694,56,7772800,Alternator ALT-500,Electrical,774.0,-10.335917312661499
2021-02,P006,849,62,9508800,Alternator ALT-500,Electrical,694.0,22.334293948126803
2021-03,P006,700,61,7840000,Alternator ALT-500,Electrical,849.0,-17.550058892815077
2021-04,P006,587,52,6574400,Alternator ALT-500,Electrical,700.0,-16.142857142857142
2021-05,P006,608,47,6809600,Alternator ALT-500,Electrical,587.0,3.577512776831346
2021-06,P006,661,48,7403200,Alternator ALT-500,Electrical,608.0,8.717105263157894
2021-07,P006,451,45,5051200,Alternator ALT-500,Electrical,661.0,-31.77004538577912
2021-08,P006,736,60,8243200,Alternator ALT-500,Electrical,451.0,63.19290465631929
2021-09,P006,636,57,7123200,Alternator ALT-500,Electrical,736.0,-13.586956521739129
2021-10,P006,707,59,7918400,Alternator ALT-500,Electrical,636.0,11.163522012578616
2021-11,P006,744,67,8332800,Alternator ALT-500,Electrical,707.0,5.233380480905233
2021-12,P006,715,57,8008000,Alternator ALT-500,Electrical,744.0,-3.8978494623655915
2022-01,P006,606,53,6787200,Alternator ALT-500,Electrical,715.0,-15.244755244755245
2022-02,P006,722,62,8086400,Alternator ALT-500,Electrical,606.0,19.141914191419144
2022-03,P006,773,65,8657600,Alternator ALT-500,Electrical,722.0,7.063711911357341
2022-04,P006,565,48,6328000,Alternator ALT-500,Electrical,773.0,-26.90815006468305
2022-05,P006,692,65,7750400,Alternator ALT-500,Electrical,565.0,22.477876106194692
2022-06,P006,552,49,6182400,Alternator ALT-500,Electrical,692.0,-20.23121387283237
2022-07,P006,652,50,7302400,Alternator ALT-500,Electrical,552.0,18.115942028985508
2022-08,P006,640,51,7168000,Alternator ALT-500,Electrical,652.0,-1.8404907975460123
2022-09,P006,810,60,9072000,Alternator ALT-500,Electrical,640.0,26.5625
2022-10,P006,558,51,6249600,Alternator ALT-500,Electrical,810.0,-31.11111111111111
2022-11,P006,610,50,6832000,Alternator ALT-500,Electrical,558.0,9.31899641577061
2022-12,P006,600,50,6720000,Alternator ALT-500,Electrical,610.0,-1.639344262295082
2023-01,P006,662,43,7414400,Alternator ALT-500,Electrical,600.0,10.333333333333334
2023-02,P006,730,57,8176000,Alternator ALT-500,Electrical,662.0,10.27190332326284
2023-03,P006,635,54,7112000,Alternator ALT-500,Electrical,730.0,-13.013698630136986
2023-04,P006,675,53,7560000,Alternator ALT-500,Electrical,635.0,6.299212598425196
2023-05,P006,688,55,7705600,Alternator ALT-500,Electrical,675.0,1.925925925925926
2023-06,P006,724,58,8108800,Alternator ALT-500,Electrical,688.0,5.232558139534884
2023-07,P006,771,61,8635200,Alternator ALT-500,Electrical,724.0,6.49171270718232
2023-08,P006,672,59,7526400,Alternator ALT-500,Electrical,771.0,-12.840466926070038
2023-09,P006,822,66,9206400,Alternator ALT-500,Electrical,672.0,22.321428571428573
2023-10,P006,595,51,6664000,Alternator ALT-500,Electrical,822.0,-27.61557177615572
2023-11,P006,551,50,6171200,Alternator ALT-500,Electrical,595.0,-7.394957983193278
2023-12,P006,588,55,6585600,Alternator ALT-500,Electrical,551.0,6.715063520871143
2024-01,P006,812,67,9094400,Alternator ALT-500,Electrical,588.0,38.095238095238095
2024-02,P006,726,51,8131200,Alternator ALT-500,Electrical,812.0,-10.591133004926109
2024-03,P006,652,60,7302400,Alternator ALT-500,Electrical,726.0,-10.192837465564738
2024-04,P006,688,54,7705600,Alternator ALT-500,Electrical,652.0,5.521472392638037
2024-05,P006,565,47,6328000,Alternator ALT-500,Electrical,688.0,-17.87790697674419
2024-06,P006,553,58,6193600,Alternator ALT-500,Electrical,565.0,-2.1238938053097343
2024-07,P006,678,57,7593600,Alternator ALT-500,Electrical,553.0,22.60397830018083
2024-08,P006,748,62,8377600,Alternator ALT-500,Electrical,678.0,10.32448377581121
2024-09,P006,701,60,7851200,Alternator ALT-500,Electrical,748.0,-6.283422459893048
2024-10,P006,783,64,8769600,Alternator ALT-500,Electrical,701.0,11.697574893009985
2024-11,P006,541,48,6059200,Alternator ALT-500,Electrical,783.0,-30.906768837803323
2024-12,P006,527,52,5902400,Alternator ALT-500,Electrical,541.0,-2.5878003696857674
2019-01,P007,517,47,749650,Hydraulic Hose HH-60,Hydraulic,,
2019-02,P007,612,47,887400,Hydraulic Hose HH-60,Hydraulic,517.0,18.3752417794971
2019-03,P007,779,61,1129550,Hydraulic Hose HH-60,Hydraulic,612.0,27.287581699346404
2019-04,P007,525,43,761250,Hydraulic Hose HH-60,Hydraulic,779.0,-32.60590500641848
2019-05,P007,601,53,871450,Hydraulic Hose HH-60,Hydraulic,525.0,14.476190476190476
2019-06,P007,777,57,1126650,Hydraulic Hose HH-60,Hydraulic,601.0,29.28452579034942
2019-07,P007,563,50,816350,Hydraulic Hose HH-60,Hydraulic,777.0,-27.54182754182754
2019-08,P007,687,54,996150,Hydraulic Hose HH-60,Hydraulic,563.0,22.02486678507993
2019-09,P007,668,56,968600,Hydraulic Hose HH-60,Hydraulic,687.0,-2.7656477438136826
2019-10,P007,627,55,909150,Hydraulic Hose HH-60,Hydraulic,668.0,-6.137724550898203
2019-11,P007,664,50,962800,Hydraulic Hose HH-60,Hydraulic,627.0,5.901116427432217
2019-12,P007,531,46,769950,Hydraulic Hose HH-60,Hydraulic,664.0,-20.03012048192771
2020-01,P007,584,50,846800,Hydraulic Hose HH-60,Hydraulic,531.0,9.981167608286253
2020-02,P007,622,51,901900,Hydraulic Hose HH-60,Hydraulic,584.0,6.506849315068493
2020-03,P007,635,55,920750,Hydraulic Hose HH-60,Hydraulic,622.0,2.090032154340836
2020-04,P007,605,47,877250,Hydraulic Hose HH-60,Hydraulic,635.0,-4.724409448818897
2020-05,P007,582,55,843900,Hydraulic Hose HH-60,Hydraulic,605.0,-3.8016528925619832
2020-06,P007,673,57,975850,Hydraulic Hose HH-60,Hydraulic,582.0,15.63573883161512
2020-07,P007,823,65,1193350,Hydraulic Hose HH-60,Hydraulic,673.0,22.288261515601786
2020-08,P007,761,57,1103450,Hydraulic Hose HH-60,Hydraulic,823.0,-7.533414337788578
2020-09,P007,571,48,827950,Hydraulic Hose HH-60,Hydraulic,761.0,-24.96714848883049
2020-10,P007,745,58,1080250,Hydraulic Hose HH-60,Hydraulic,571.0,30.472854640980735
2020-11,P007,720,54,1044000,Hydraulic Hose HH-60,Hydraulic,745.0,-3.3557046979865772
2020-12,P007,612,51,887400,Hydraulic Hose HH-60,Hydraulic,720.0,-15.0
2021-01,P007,672,62,974400,Hydraulic Hose HH-60,Hydraulic,612.0,9.803921568627452
2021-02,P007,547,47,793150,Hydraulic Hose HH-60,Hydraulic,672.0,-18.601190476190478
2021-03,P007,549,50,796050,Hydraulic Hose HH-60,Hydraulic,547.0,0.3656307129798903
2021-04,P007,678,55,983100,Hydraulic Hose HH-60,Hydraulic,549.0,23.497267759562842
2021-05,P007,530,45,768500,Hydraulic Hose HH-60,Hydraulic,678.0,-21.828908554572273
2021-06,P007,666,56,965700,Hydraulic Hose HH-60,Hydraulic,530.0,25.660377358490567
2021-07,P007,713,61,1033850,Hydraulic Hose HH-60,Hydraulic,666.0,7.057057057057057
2021-08,P007,721,54,1045450,Hydraulic Hose HH-60,Hydraulic,713.0,1.1220196353436185
2021-09,P007,659,51,955550,Hydraulic Hose HH-60,Hydraulic,721.0,-8.599167822468793
2021-10,P007,902,65,1307900,Hydraulic Hose HH-60,Hydraulic,659.0,36.874051593323216
2021-11,P007,711,63,1030950,Hydraulic Hose HH-60,Hydraulic,902.0,-21.175166297117517
2021-12,P007,794,72,1151300,Hydraulic Hose HH-60,Hydraulic,711.0,11.673699015471167
2022-01,P007,487,41,706150,Hydraulic Hose HH-60,Hydraulic,794.0,-38.66498740554156
2022-02,P007,558,51,809100,Hydraulic Hose HH-60,Hydraulic,487.0,14.579055441478438
2022-03,P007,889,65,1289050,Hydraulic Hose HH-60,Hydraulic,558.0,59.318996415770606
2022-04,P007,628,58,910600,Hydraulic Hose HH-60,Hydraulic,889.0,-29.358830146231725
2022-05,P007,729,61,1057050,Hydraulic Hose HH-60,Hydraulic,628.0,16.0828025477707
2022-06,P007,599,50,868550,Hydraulic Hose HH-60,Hydraulic,729.0,-17.832647462277095
2022-07,P007,682,53,988900,Hydraulic Hose HH-60,Hydraulic,599.0,13.856427378964941
2022-08,P007,608,57,881600,Hydraulic Hose HH-60,Hydraulic,682.0,-10.850439882697946
2022-09,P007,681,59,987450,Hydraulic Hose HH-60,Hydraulic,608.0,12.006578947368421
2022-10,P007,594,48,861300,Hydraulic Hose HH-60,Hydraulic,681.0,-12.77533039647577
2022-11,P007,690,57,1000500,Hydraulic Hose HH-60,Hydraulic,594.0,16.161616161616163
2022-12,P007,791,56,1146950,Hydraulic Hose HH-60,Hydraulic,690.0,14.637681159420291
2023-01,P007,550,46,797500,Hydraulic Hose HH-60,Hydraulic,791.0,-30.467762326169407
2023-02,P007,561,53,813450,Hydraulic Hose HH-60,Hydraulic,550.0,2.0
2023-03,P007,690,58,1000500,Hydraulic Hose HH-60,Hydraulic,561.0,22.994652406417114
2023-04,P007,577,51,836650,Hydraulic Hose HH-60,Hydraulic,690.0,-16.3768115942029
2023-05,P007,703,59,1019350,Hydraulic Hose HH-60,Hydraulic,577.0,21.837088388214905
2023-06,P007,606,56,878700,Hydraulic Hose HH-60,Hydraulic,703.0,-13.79800853485064
2023-07,P007,602,52,872900,Hydraulic Hose HH-60,Hydraulic,606.0,-0.6600660066006601
2023-08,P007,585,50,848250,Hydraulic Hose HH-60,Hydraulic,602.0,-2.823920265780731
2023-09,P007,680,65,986000,Hydraulic Hose HH-60,Hydraulic,585.0,16.23931623931624
2023-10,P007,597,54,865650,Hydraulic Hose HH-60,Hydraulic,680.0,-12.205882352941176
2023-11,P007,670,59,971500,Hydraulic Hose HH-60,Hydraulic,597.0,12.227805695142377
2023-12,P007,612,56,887400,Hydraulic Hose HH-60,Hydraulic,670.0,-8.656716417910449
2024-01,P007,700,53,1015000,Hydraulic Hose HH-60,Hydraulic,612.0,14.37908496732026
2024-02,P007,603,56,874350,Hydraulic Hose HH-60,Hydraulic,700.0,-13.857142857142858
2024-03,P007,556,50,806200,Hydraulic Hose HH-60,Hydraulic,603.0,-7.79436152570481
2024-04,P007,499,47,723550,Hydraulic Hose HH-60,Hydraulic,556.0,-10.251798561151078
2024-05,P007,677,55,981650,Hydraulic Hose HH-60,Hydraulic,499.0,35.671342685370746
2024-06,P007,599,56,868550,Hydraulic Hose HH-60,Hydraulic,677.0,-11.521418020679468
2024-07,P007,666,57,965700,Hydraulic Hose HH-60,Hydraulic,599.0,11.185308848080133
2024-08,P007,733,61,1062850,Hydraulic Hose HH-60,Hydraulic,666.0,10.06006006006006
2024-09,P007,636,57,922200,Hydraulic Hose HH-60,Hydraulic,733.0,-13.233287858117325
2024-10,P007,689,51,999050,Hydraulic Hose HH-60,Hydraulic,636.0,8.333333333333332
2024-11,P007,518,51,751100,Hydraulic Hose HH-60,Hydraulic,689.0,-24.818577648766325
2024-12,P007,597,49,865650,Hydraulic Hose HH-60,Hydraulic,518.0,15.250965250965251
2019-01,P008,586,55,339880,Bucket Tooth BT-10,Attachments,,
2019-02,P008,515,49,298700,Bucket Tooth BT-10,Attachments,586.0,-12.1160409556314
2019-03,P008,620,53,359600,Bucket Tooth BT-10,Attachments,515.0,20.388349514563107
2019-04,P008,823,59,477340,Bucket Tooth BT-10,Attachments,620.0,32.74193548387097
2019-05,P008,609,55,353220,Bucket Tooth BT-10,Attachments,823.0,-26.00243013365735
2019-06,P008,500,42,290000,Bucket Tooth BT-10,Attachments,609.0,-17.898193760262725
2019-07,P008,857,70,497060,Bucket Tooth BT-10,Attachments,500.0,71.39999999999999
2019-08,P008,700,61,406000,Bucket Tooth BT-10,Attachments,857.0,-18.319719953325556
2019-09,P008,516,49,299280,Bucket Tooth BT-10,Attachments,700.0,-26.285714285714285
2019-10,P008,514,47,298120,Bucket Tooth BT-10,Attachments,516.0,-0.3875968992248062
2019-11,P008,582,44,337560,Bucket Tooth BT-10,Attachments,514.0,13.229571984435799
2019-12,P008,597,55,346260,Bucket Tooth BT-10,Attachments,582.0,2.5773195876288657
2020-01,P008,490,45,284200,Bucket Tooth BT-10,Attachments,597.0,-17.922948073701843
2020-02,P008,608,51,352640,Bucket Tooth BT-10,Attachments,490.0,24.081632653061224
2020-03,P008,664,51,385120,Bucket Tooth BT-10,Attachments,608.0,9.210526315789473
2020-04,P008,536,51,310880,Bucket Tooth BT-10,Attachments,664.0,-19.27710843373494
2020-05,P008,747,66,433260,Bucket Tooth BT-10,Attachments,536.0,39.365671641791046
2020-06,P008,731,64,423980,Bucket Tooth BT-10,Attachments,747.0,-2.14190093708166
2020-07,P008,687,56,398460,Bucket Tooth BT-10,Attachments,731.0,-6.019151846785226
2020-08,P008,616,48,357280,Bucket Tooth BT-10,Attachments,687.0,-10.334788937409025
2020-09,P008,557,48,323060,Bucket Tooth BT-10,Attachments,616.0,-9.577922077922079
2020-10,P008,700,59,406000,Bucket Tooth BT-10,Attachments,557.0,25.673249551166965
2020-11,P008,662,59,383960,Bucket Tooth BT-10,Attachments,700.0,-5.428571428571429
2020-12,P008,786,67,455880,Bucket Tooth BT-10,Attachments,662.0,18.731117824773413
2021-01,P008,630,51,365400,Bucket Tooth BT-10,Attachments,786.0,-19.84732824427481
2021-02,P008,645,51,374100,Bucket Tooth BT-10,Attachments,630.0,2.380952380952381
2021-03,P008,484,50,280720,Bucket Tooth BT-10,Attachments,645.0,-24.96124031007752
2021-04,P008,593,55,343940,Bucket Tooth BT-10,Attachments,484.0,22.520661157024794
2021-05,P008,678,52,393240,Bucket Tooth BT-10,Attachments,593.0,14.333895446880272
2021-06,P008,522,46,302760,Bucket Tooth BT-10,Attachments,678.0,-23.008849557522122
2021-07,P008,676,57,392080,Bucket Tooth BT-10,Attachments,522.0,29.50191570881226
2021-08,P008,614,48,356120,Bucket Tooth BT-10,Attachments,676.0,-9.171597633136095
2021-09,P008,866,70,502280,Bucket Tooth BT-10,Attachments,614.0,41.042345276872965
2021-10,P008,663,55,384540,Bucket Tooth BT-10,Attachments,866.0,-23.44110854503464
2021-11,P008,603,49,349740,Bucket Tooth BT-10,Attachments,663.0,-9.049773755656108
2021-12,P008,545,49,316100,Bucket Tooth BT-10,Attachments,603.0,-9.618573797678277
2022-01,P008,551,57,319580,Bucket Tooth BT-10,Attachments,545.0,1.1009174311926606
2022-02,P008,642,49,372360,Bucket Tooth BT-10,Attachments,551.0,16.515426497277677
2022-03,P008,485,44,281300,Bucket Tooth BT-10,Attachments,642.0,-24.45482866043614
2022-04,P008,657,50,381060,Bucket Tooth BT-10,Attachments,485.0,35.4639175257732
2022-05,P008,805,64,466900,Bucket Tooth BT-10,Attachments,657.0,22.526636225266362
2022-06,P008,484,46,280720,Bucket Tooth BT-10,Attachments,805.0,-39.87577639751553
2022-07,P008,748,59,433840,Bucket Tooth BT-10,Attachments,484.0,54.54545454545454
2022-08,P008,460,43,266800,Bucket Tooth BT-10,Attachments,748.0,-38.50267379679144
2022-09,P008,527,48,305660,Bucket Tooth BT-10,Attachments,460.0,14.565217391304348
2022-10,P008,747,59,433260,Bucket Tooth BT-10,Attachments,527.0,41.745730550284634
2022-11,P008,686,50,397880,Bucket Tooth BT-10,Attachments,747.0,-8.165997322623829
2022-12,P008,597,48,346260,Bucket Tooth BT-10,Attachments,686.0,-12.973760932944606
2023-01,P008,834,63,483720,Bucket Tooth BT-10,Attachments,597.0,39.698492462311556
2023-02,P008,416,42,241280,Bucket Tooth BT-10,Attachments,834.0,-50.11990407673861
2023-03,P008,609,49,353220,Bucket Tooth BT-10,Attachments,416.0,46.394230769230774
2023-04,P008,695,54,403100,Bucket Tooth BT-10,Attachments,609.0,14.12151067323481
2023-05,P008,525,51,304500,Bucket Tooth BT-10,Attachments,695.0,-24.46043165467626
2023-06,P008,506,43,293480,Bucket Tooth BT-10,Attachments,525.0,-3.619047619047619
2023-07,P008,640,58,371200,Bucket Tooth BT-10,Attachments,506.0,26.48221343873518
2023-08,P008,663,53,384540,Bucket Tooth BT-10,Attachments,640.0,3.5937499999999996
2023-09,P008,835,67,484300,Bucket Tooth BT-10,Attachments,663.0,25.94268476621418
2023-10,P008,575,50,333500,Bucket Tooth BT-10,Attachments,835.0,-31.137724550898206
2023-11,P008,522,55,302760,Bucket Tooth BT-10,Attachments,575.0,-9.217391304347826
2023-12,P008,667,58,386860,Bucket Tooth BT-10,Attachments,522.0,27.77777777777778
2024-01,P008,583,53,338140,Bucket Tooth BT-10,Attachments,667.0,-12.593703148425787
2024-02,P008,685,54,397300,Bucket Tooth BT-10,Attachments,583.0,17.495711835334475
2024-03,P008,655,50,379900,Bucket Tooth BT-10,Attachments,685.0,-4.37956204379562
2024-04,P008,640,63,371200,Bucket Tooth BT-10,Attachments,655.0,-2.2900763358778624
2024-05,P008,673,54,390340,Bucket Tooth BT-10,Attachments,640.0,5.15625
2024-06,P008,768,60,445440,Bucket Tooth BT-10,Attachments,673.0,14.115898959881129
2024-07,P008,609,47,353220,Bucket Tooth BT-10,Attachments,768.0,-20.703125
2024-08,P008,714,59,414120,Bucket Tooth BT-10,Attachments,609.0,17.24137931034483
2024-09,P008,495,44,287100,Bucket Tooth BT-10,Attachments,714.0,-30.672268907563026
2024-10,P008,536,53,310880,Bucket Tooth BT-10,Attachments,495.0,8.282828282828284
2024-11,P008,666,63,386280,Bucket Tooth BT-10,Attachments,536.0,24.253731343283583
2024-12,P008,754,63,437320,Bucket Tooth BT-10,Attachments,666.0,13.213213213213212
2019-01,P009,578,58,8612200,Starter Motor SM-700,Electrical,,
2019-02,P009,465,41,6928500,Starter Motor SM-700,Electrical,578.0,-19.55017301038062
2019-03,P009,801,67,11934900,Starter Motor SM-700,Electrical,465.0,72.25806451612902
2019-04,P009,587,46,8746300,Starter Motor SM-700,Electrical,801.0,-26.716604244694132
2019-05,P009,690,49,10281000,Starter Motor SM-700,Electrical,587.0,17.54684838160136
2019-06,P009,745,57,11100500,Starter Motor SM-700,Electrical,690.0,7.971014492753622
2019-07,P009,669,58,9968100,Starter Motor SM-700,Electrical,745.0,-10.201342281879194
2019-08,P009,808,60,12039200,Starter Motor SM-700,Electrical,669.0,20.777279521674142
2019-09,P009,460,48,6854000,Starter Motor SM-700,Electrical,808.0,-43.06930693069307
2019-10,P009,590,50,8791000,Starter Motor SM-700,Electrical,460.0,28.26086956521739
2019-11,P009,661,62,9848900,Starter Motor SM-700,Electrical,590.0,12.033898305084746
2019-12,P009,643,55,9580700,Starter Motor SM-700,Electrical,661.0,-2.723146747352496
2020-01,P009,610,48,9089000,Starter Motor SM-700,Electrical,643.0,-5.132192846034215
2020-02,P009,643,58,9580700,Starter Motor SM-700,Electrical,610.0,5.409836065573771
2020-03,P009,591,47,8805900,Starter Motor SM-700,Electrical,643.0,-8.087091757387247
2020-04,P009,526,42,7837400,Starter Motor SM-700,Electrical,591.0,-10.998307952622675
2020-05,P009,878,71,13082200,Starter Motor SM-700,Electrical,526.0,66.92015209125475
2020-06,P009,609,48,9074100,Starter Motor SM-700,Electrical,878.0,-30.637813211845106
2020-07,P009,853,78,12709700,Starter Motor SM-700,Electrical,609.0,40.06568144499179
2020-08,P009,697,60,10385300,Starter Motor SM-700,Electrical,853.0,-18.2883939038687
2020-09,P009,654,56,9744600,Starter Motor SM-700,Electrical,697.0,-6.169296987087518
2020-10,P009,552,47,8224800,Starter Motor SM-700,Electrical,654.0,-15.59633027522936
2020-11,P009,668,55,9953200,Starter Motor SM-700,Electrical,552.0,21.014492753623188
2020-12,P009,867,65,12918300,Starter Motor SM-700,Electrical,668.0,29.790419161676645
2021-01,P009,556,49,8284400,Starter Motor SM-700,Electrical,867.0,-35.870818915801614
2021-02,P009,453,41,6749700,Starter Motor SM-700,Electrical,556.0,-18.525179856115106
2021-03,P009,586,52,8731400,Starter Motor SM-700,Electrical,453.0,29.3598233995585
2021-04,P009,559,46,8329100,Starter Motor SM-700,Electrical,586.0,-4.607508532423208
2021-05,P009,541,55,8060900,Starter Motor SM-700,Electrical,559.0,-3.2200357781753133
2021-06,P009,514,43,7658600,Starter Motor SM-700,Electrical,541.0,-4.990757855822551
2021-07,P009,711,57,10593900,Starter Motor SM-700,Electrical,514.0,38.32684824902724
2021-08,P009,585,52,8716500,Starter Motor SM-700,Electrical,711.0,-17.72151898734177
2021-09,P009,714,53,10638600,Starter Motor SM-700,Electrical,585.0,22.05128205128205
2021-10,P009,804,57,11979600,Starter Motor SM-700,Electrical,714.0,12.605042016806722
2021-11,P009,682,61,10161800,Starter Motor SM-700,Electrical,804.0,-15.17412935323383
2021-12,P009,682,55,10161800,Starter Motor SM-700,Electrical,682.0,0.0
2022-01,P009,626,49,9327400,Starter Motor SM-700,Electrical,682.0,-8.211143695014663
2022-02,P009,455,36,6779500,Starter Motor SM-700,Electrical,626.0,-27.316293929712458
2022-03,P009,593,49,8835700,Starter Motor SM-700,Electrical,455.0,30.32967032967033
2022-04,P009,569,51,8478100,Starter Motor SM-700,Electrical,593.0,-4.0472175379426645
2022-05,P009,687,63,10236300,Starter Motor SM-700,Electrical,569.0,20.738137082601053
2022-06,P009,439,47,6541100,Starter Motor SM-700,Electrical,687.0,-36.098981077147016
2022-07,P009,657,58,9789300,Starter Motor SM-700,Electrical,439.0,49.65831435079727
2022-08,P009,750,57,11175000,Starter Motor SM-700,Electrical,657.0,14.15525114155251
2022-09,P009,689,60,10266100,Starter Motor SM-700,Electrical,750.0,-8.133333333333333
2022-10,P009,580,54,8642000,Starter Motor SM-700,Electrical,689.0,-15.820029027576195
2022-11,P009,673,48,10027700,Starter Motor SM-700,Electrical,580.0,16.034482758620687
2022-12,P009,585,45,8716500,Starter Motor SM-700,Electrical,673.0,-13.075780089153048
2023-01,P009,596,50,8880400,Starter Motor SM-700,Electrical,585.0,1.8803418803418803
2023-02,P009,477,43,7107300,Starter Motor SM-700,Electrical,596.0,-19.966442953020135
2023-03,P009,570,46,8493000,Starter Motor SM-700,Electrical,477.0,19.49685534591195
2023-04,P009,763,55,11368700,Starter Motor SM-700,Electrical,570.0,33.85964912280702
2023-05,P009,623,52,9282700,Starter Motor SM-700,Electrical,763.0,-18.34862385321101
2023-06,P009,589,52,8776100,Starter Motor SM-700,Electrical,623.0,-5.457463884430177
2023-07,P009,553,47,8239700,Starter Motor SM-700,Electrical,589.0,-6.112054329371817
2023-08,P009,706,51,10519400,Starter Motor SM-700,Electrical,553.0,27.66726943942134
2023-09,P009,640,58,9536000,Starter Motor SM-700,Electrical,706.0,-9.34844192634561
2023-10,P009,649,51,9670100,Starter Motor SM-700,Electrical,640.0,1.40625
2023-11,P009,519,44,7733100,Starter Motor SM-700,Electrical,649.0,-20.03081664098613
2023-12,P009,635,54,9461500,Starter Motor SM-700,Electrical,519.0,22.350674373795762
2024-01,P009,538,49,8016200,Starter Motor SM-700,Electrical,635.0,-15.275590551181104
2024-02,P009,554,49,8254600,Starter Motor SM-700,Electrical,538.0,2.973977695167286
2024-03,P009,639,52,9521100,Starter Motor SM-700,Electrical,554.0,15.342960288808664
2024-04,P009,527,48,7852300,Starter Motor SM-700,Electrical,639.0,-17.52738654147105
2024-05,P009,606,53,9029400,Starter Motor SM-700,Electrical,527.0,14.990512333965844
2024-06,P009,655,52,9759500,Starter Motor SM-700,Electrical,606.0,8.085808580858085
2024-07,P009,573,48,8537700,Starter Motor SM-700,Electrical,655.0,-12.51908396946565
2024-08,P009,632,51,9416800,Starter Motor SM-700,Electrical,573.0,10.296684118673648
2024-09,P009,750,67,11175000,Starter Motor SM-700,Electrical,632.0,18.670886075949365
2024-10,P009,595,52,8865500,Starter Motor SM-700,Electrical,750.0,-20.666666666666668
2024-11,P009,518,46,7718200,Starter Motor SM-700,Electrical,595.0,-12.941176470588237
2024-12,P009,504,50,7509600,Starter Motor SM-700,Electrical,518.0,-2.7027027027027026
2019-01,P010,743,63,25930700,Turbocharger TB-900,Engine,,
2019-02,P010,370,34,12913000,Turbocharger TB-900,Engine,743.0,-50.20188425302826
2019-03,P010,683,53,23836700,Turbocharger TB-900,Engine,370.0,84.5945945945946
2019-04,P010,757,62,26419300,Turbocharger TB-900,Engine,683.0,10.834553440702782
2019-05,P010,729,61,25442100,Turbocharger TB-900,Engine,757.0,-3.6988110964332894
2019-06,P010,608,51,21219200,Turbocharger TB-900,Engine,729.0,-16.598079561042525
2019-07,P010,758,60,26454200,Turbocharger TB-900,Engine,608.0,24.671052631578945
2019-08,P010,674,53,23522600,Turbocharger TB-900,Engine,758.0,-11.081794195250659
2019-09,P010,605,47,21114500,Turbocharger TB-900,Engine,674.0,-10.237388724035608
2019-10,P010,654,51,22824600,Turbocharger TB-900,Engine,605.0,8.099173553719009
2019-11,P010,751,57,26209900,Turbocharger TB-900,Engine,654.0,14.831804281345565
2019-12,P010,779,57,27187100,Turbocharger TB-900,Engine,751.0,3.7283621837549936
2020-01,P010,581,52,20276900,Turbocharger TB-900,Engine,779.0,-25.41720154043646
2020-02,P010,641,47,22370900,Turbocharger TB-900,Engine,581.0,10.327022375215146
2020-03,P010,813,55,28373700,Turbocharger TB-900,Engine,641.0,26.833073322932915
2020-04,P010,711,54,24813900,Turbocharger TB-900,Engine,813.0,-12.546125461254611
2020-05,P010,691,60,24115900,Turbocharger TB-900,Engine,711.0,-2.8129395218002813
2020-06,P010,593,50,20695700,Turbocharger TB-900,Engine,691.0,-14.182344428364688
2020-07,P010,754,66,26314600,Turbocharger TB-900,Engine,593.0,27.150084317032043
2020-08,P010,747,61,26070300,Turbocharger TB-900,Engine,754.0,-0.9283819628647214
2020-09,P010,636,47,22196400,Turbocharger TB-900,Engine,747.0,-14.859437751004014
2020-10,P010,698,55,24360200,Turbocharger TB-900,Engine,636.0,9.748427672955975
2020-11,P010,791,71,27605900,Turbocharger TB-900,Engine,698.0,13.32378223495702
2020-12,P010,618,51,21568200,Turbocharger TB-900,Engine,791.0,-21.871049304677623
2021-01,P010,552,52,19264800,Turbocharger TB-900,Engine,618.0,-10.679611650485436
2021-02,P010,604,53,21079600,Turbocharger TB-900,Engine,552.0,9.420289855072465
2021-03,P010,512,43,17868800,Turbocharger TB-900,Engine,604.0,-15.2317880794702
2021-04,P010,601,50,20974900,Turbocharger TB-900,Engine,512.0,17.3828125
2021-05,P010,606,43,21149400,Turbocharger TB-900,Engine,601.0,0.8319467554076538
2021-06,P010,531,44,18531900,Turbocharger TB-900,Engine,606.0,-12.376237623762377
2021-07,P010,731,60,25511900,Turbocharger TB-900,Engine,531.0,37.664783427495294
2021-08,P010,805,58,28094500,Turbocharger TB-900,Engine,731.0,10.12311901504788
2021-09,P010,640,58,22336000,Turbocharger TB-900,Engine,805.0,-20.496894409937887
2021-10,P010,590,56,20591000,Turbocharger TB-900,Engine,640.0,-7.8125
2021-11,P010,787,67,27466300,Turbocharger TB-900,Engine,590.0,33.389830508474574
2021-12,P010,732,60,25546800,Turbocharger TB-900,Engine,787.0,-6.98856416772554
2022-01,P010,599,53,20905100,Turbocharger TB-900,Engine,732.0,-18.169398907103826
2022-02,P010,603,53,21044700,Turbocharger TB-900,Engine,599.0,0.667779632721202
2022-03,P010,619,56,21603100,Turbocharger TB-900,Engine,603.0,2.6533996683250414
2022-04,P010,586,56,20451400,Turbocharger TB-900,Engine,619.0,-5.3311793214862675
2022-05,P010,678,59,23662200,Turbocharger TB-900,Engine,586.0,15.699658703071673
2022-06,P010,719,61,25093100,Turbocharger TB-900,Engine,678.0,6.047197640117994
2022-07,P010,494,48,17240600,Turbocharger TB-900,Engine,719.0,-31.29346314325452
2022-08,P010,576,59,20102400,Turbocharger TB-900,Engine,494.0,16.599190283400812
2022-09,P010,709,52,24744100,Turbocharger TB-900,Engine,576.0,23.09027777777778
2022-10,P010,683,55,23836700,Turbocharger TB-900,Engine,709.0,-3.6671368124118473
2022-11,P010,574,48,20032600,Turbocharger TB-900,Engine,683.0,-15.95900439238653
2022-12,P010,736,61,25686400,Turbocharger TB-900,Engine,574.0,28.222996515679444
2023-01,P010,631,49,22021900,Turbocharger TB-900,Engine,736.0,-14.266304347826086
2023-02,P010,659,53,22999100,Turbocharger TB-900,Engine,631.0,4.437400950871632
2023-03,P010,528,50,18427200,Turbocharger TB-900,Engine,659.0,-19.878603945371776
2023-04,P010,696,59,24290400,Turbocharger TB-900,Engine,528.0,31.818181818181817
2023-05,P010,585,53,20416500,Turbocharger TB-900,Engine,696.0,-15.948275862068966
2023-06,P010,630,57,21987000,Turbocharger TB-900,Engine,585.0,7.6923076923076925
2023-07,P010,737,61,25721300,Turbocharger TB-900,Engine,630.0,16.984126984126984
2023-08,P010,632,55,22056800,Turbocharger TB-900,Engine,737.0,-14.246947082767978
2023-09,P010,925,77,32282500,Turbocharger TB-900,Engine,632.0,46.360759493670884
2023-10,P010,721,57,25162900,Turbocharger TB-900,Engine,925.0,-22.054054054054053
2023-11,P010,648,48,22615200,Turbocharger TB-900,Engine,721.0,-10.124826629680998
2023-12,P010,598,52,20870200,Turbocharger TB-900,Engine,648.0,-7.716049382716049
2024-01,P010,622,60,21707800,Turbocharger TB-900,Engine,598.0,4.013377926421405
2024-02,P010,597,48,20835300,Turbocharger TB-900,Engine,622.0,-4.019292604501608
2024-03,P010,570,53,19893000,Turbocharger TB-900,Engine,597.0,-4.522613065326634
2024-04,P010,564,48,19683600,Turbocharger TB-900,Engine,570.0,-1.0526315789473684
2024-05,P010,680,57,23732000,Turbocharger TB-900,Engine,564.0,20.56737588652482
2024-06,P010,684,62,23871600,Turbocharger TB-900,Engine,680.0,0.5882352941176471
2024-07,P010,702,55,24499800,Turbocharger TB-900,Engine,684.0,2.631578947368421
2024-08,P010,646,59,22545400,Turbocharger TB-900,Engine,702.0,-7.977207977207977
2024-09,P010,572,49,19962800,Turbocharger TB-900,Engine,646.0,-11.455108359133128
2024-10,P010,756,60,26384400,Turbocharger TB-900,Engine,572.0,32.16783216783217
2024-11,P010,516,47,18008400,Turbocharger TB-900,Engine,756.0,-31.746031746031743
2024-12,P010,413,41,14413700,Turbocharger TB-900,Engine,516.0,-19.961240310077518
2019-01,P011,747,56,20617200,Hydraulic Cylinder HC-200,Hydraulic,,
2019-02,P011,552,47,15235200,Hydraulic Cylinder HC-200,Hydraulic,747.0,-26.104417670682732
2019-03,P011,462,45,12751200,Hydraulic Cylinder HC-200,Hydraulic,552.0,-16.304347826086957
2019-04,P011,759,72,20948400,Hydraulic Cylinder HC-200,Hydraulic,462.0,64.28571428571429
2019-05,P011,652,56,17995200,Hydraulic Cylinder HC-200,Hydraulic,759.0,-14.09749670619236
2019-06,P011,686,61,18933600,Hydraulic Cylinder HC-200,Hydraulic,652.0,5.214723926380368
2019-07,P011,645,55,17802000,Hydraulic Cylinder HC-200,Hydraulic,686.0,-5.97667638483965
2019-08,P011,742,62,20479200,Hydraulic Cylinder HC-200,Hydraulic,645.0,15.038759689922482
2019-09,P011,634,54,17498400,Hydraulic Cylinder HC-200,Hydraulic,742.0,-14.555256064690028
2019-10,P011,651,52,17967600,Hydraulic Cylinder HC-200,Hydraulic,634.0,2.6813880126182967
2019-11,P011,574,48,15842400,Hydraulic Cylinder HC-200,Hydraulic,651.0,-11.827956989247312
2019-12,P011,697,55,19237200,Hydraulic Cylinder HC-200,Hydraulic,574.0,21.428571428571427
2020-01,P011,583,54,16090800,Hydraulic Cylinder HC-200,Hydraulic,697.0,-16.3558106169297
2020-02,P011,523,50,14434800,Hydraulic Cylinder HC-200,Hydraulic,583.0,-10.291595197255575
2020-03,P011,562,46,15511200,Hydraulic Cylinder HC-200,Hydraulic,523.0,7.45697896749522
2020-04,P011,620,50,17112000,Hydraulic Cylinder HC-200,Hydraulic,562.0,10.320284697508896
2020-05,P011,898,74,24784800,Hydraulic Cylinder HC-200,Hydraulic,620.0,44.83870967741935
2020-06,P011,675,60,18630000,Hydraulic Cylinder HC-200,Hydraulic,898.0,-24.832962138084632
2020-07,P011,688,66,18988800,Hydraulic Cylinder HC-200,Hydraulic,675.0,1.925925925925926
2020-08,P011,542,46,14959200,Hydraulic Cylinder HC-200,Hydraulic,688.0,-21.22093023255814
2020-09,P011,770,62,21252000,Hydraulic Cylinder HC-200,Hydraulic,542.0,42.066420664206646
2020-10,P011,696,56,19209600,Hydraulic Cylinder HC-200,Hydraulic,770.0,-9.61038961038961
2020-11,P011,627,52,17305200,Hydraulic Cylinder HC-200,Hydraulic,696.0,-9.913793103448276
2020-12,P011,720,63,19872000,Hydraulic Cylinder HC-200,Hydraulic,627.0,14.832535885167463
2021-01,P011,643,58,17746800,Hydraulic Cylinder HC-200,Hydraulic,720.0,-10.694444444444445
2021-02,P011,469,40,12944400,Hydraulic Cylinder HC-200,Hydraulic,643.0,-27.060653188180407
2021-03,P011,707,53,19513200,Hydraulic Cylinder HC-200,Hydraulic,469.0,50.74626865671642
2021-04,P011,680,54,18768000,Hydraulic Cylinder HC-200,Hydraulic,707.0,-3.818953323903819
2021-05,P011,568,48,15676800,Hydraulic Cylinder HC-200,Hydraulic,680.0,-16.470588235294116
2021-06,P011,567,50,15649200,Hydraulic Cylinder HC-200,Hydraulic,568.0,-0.17605633802816903
2021-07,P011,623,50,17194800,Hydraulic Cylinder HC-200,Hydraulic,567.0,9.876543209876543
2021-08,P011,656,58,18105600,Hydraulic Cylinder HC-200,Hydraulic,623.0,5.296950240770466
2021-09,P011,455,47,12558000,Hydraulic Cylinder HC-200,Hydraulic,656.0,-30.640243902439025
2021-10,P011,784,59,21638400,Hydraulic Cylinder HC-200,Hydraulic,455.0,72.3076923076923
2021-11,P011,551,52,15207600,Hydraulic Cylinder HC-200,Hydraulic,784.0,-29.71938775510204
2021-12,P011,763,62,21058800,Hydraulic Cylinder HC-200,Hydraulic,551.0,38.475499092558984
2022-01,P011,692,57,19099200,Hydraulic Cylinder HC-200,Hydraulic,763.0,-9.305373525557012
2022-02,P011,482,47,13303200,Hydraulic Cylinder HC-200,Hydraulic,692.0,-30.346820809248555
2022-03,P011,693,61,19126800,Hydraulic Cylinder HC-200,Hydraulic,482.0,43.77593360995851
2022-04,P011,742,62,20479200,Hydraulic Cylinder HC-200,Hydraulic,693.0,7.07070707070707
2022-05,P011,631,59,17415600,Hydraulic Cylinder HC-200,Hydraulic,742.0,-14.959568733153638
2022-06,P011,662,56,18271200,Hydraulic Cylinder HC-200,Hydraulic,631.0,4.91283676703645
2022-07,P011,479,47,13220400,Hydraulic Cylinder HC-200,Hydraulic,662.0,-27.64350453172205
2022-08,P011,787,64,21721200,Hydraulic Cylinder HC-200,Hydraulic,479.0,64.30062630480167
2022-09,P011,535,43,14766000,Hydraulic Cylinder HC-200,Hydraulic,787.0,-32.02033036848793
2022-10,P011,773,69,21334800,Hydraulic Cylinder HC-200,Hydraulic,535.0,44.48598130841121
2022-11,P011,767,59,21169200,Hydraulic Cylinder HC-200,Hydraulic,773.0,-0.7761966364812419
2022-12,P011,518,46,14296800,Hydraulic Cylinder HC-200,Hydraulic,767.0,-32.46414602346806
2023-01,P011,509,48,14048400,Hydraulic Cylinder HC-200,Hydraulic,518.0,-1.7374517374517375
2023-02,P011,735,55,20286000,Hydraulic Cylinder HC-200,Hydraulic,509.0,44.4007858546169
2023-03,P011,651,60,17967600,Hydraulic Cylinder HC-200,Hydraulic,735.0,-11.428571428571429
2023-04,P011,660,61,18216000,Hydraulic Cylinder HC-200,Hydraulic,651.0,1.3824884792626728
2023-05,P011,661,57,18243600,Hydraulic Cylinder HC-200,Hydraulic,660.0,0.15151515151515152
2023-06,P011,642,55,17719200,Hydraulic Cylinder HC-200,Hydraulic,661.0,-2.8744326777609683
2023-07,P011,483,40,13330800,Hydraulic Cylinder HC-200,Hydraulic,642.0,-24.766355140186917
2023-08,P011,609,62,16808400,Hydraulic Cylinder HC-200,Hydraulic,483.0,26.08695652173913
2023-09,P011,660,63,18216000,Hydraulic Cylinder HC-200,Hydraulic,609.0,8.374384236453201
2023-10,P011,738,56,20368800,Hydraulic Cylinder HC-200,Hydraulic,660.0,11.818181818181818
2023-11,P011,730,61,20148000,Hydraulic Cylinder HC-200,Hydraulic,738.0,-1.084010840108401
2023-12,P011,646,52,17829600,Hydraulic Cylinder HC-200,Hydraulic,730.0,-11.506849315068493
2024-01,P011,686,59,18933600,Hydraulic Cylinder HC-200,Hydraulic,646.0,6.191950464396285
2024-02,P011,639,53,17636400,Hydraulic Cylinder HC-200,Hydraulic,686.0,-6.851311953352769
2024-03,P011,719,63,19844400,Hydraulic Cylinder HC-200,Hydraulic,639.0,12.519561815336463
2024-04,P011,587,52,16201200,Hydraulic Cylinder HC-200,Hydraulic,719.0,-18.35883171070932
2024-05,P011,625,53,17250000,Hydraulic Cylinder HC-200,Hydraulic,587.0,6.473594548551959
2024-06,P011,655,57,18078000,Hydraulic Cylinder HC-200,Hydraulic,625.0,4.8
2024-07,P011,617,49,17029200,Hydraulic Cylinder HC-200,Hydraulic,655.0,-5.801526717557252
2024-08,P011,543,51,14986800,Hydraulic Cylinder HC-200,Hydraulic,617.0,-11.9935170178282
2024-09,P011,792,66,21859200,Hydraulic Cylinder HC-200,Hydraulic,543.0,45.85635359116022
2024-10,P011,666,56,18381600,Hydraulic Cylinder HC-200,Hydraulic,792.0,-15.909090909090908
2024-11,P011,797,58,21997200,Hydraulic Cylinder HC-200,Hydraulic,666.0,19.66966966966967
2024-12,P011,630,52,17388000,Hydraulic Cylinder HC-200,Hydraulic,797.0,-20.95357590966123
2019-01,P012,609,55,1492050,Brake Pad BP-40,Brakes,,
2019-02,P012,480,41,1176000,Brake Pad BP-40,Brakes,609.0,-21.182266009852217
2019-03,P012,600,52,1470000,Brake Pad BP-40,Brakes,480.0,25.0
2019-04,P012,849,66,2080050,Brake Pad BP-40,Brakes,600.0,41.5
2019-05,P012,795,58,1947750,Brake Pad BP-40,Brakes,849.0,-6.36042402826855
2019-06,P012,708,55,1734600,Brake Pad BP-40,Brakes,795.0,-10.943396226415095
2019-07,P012,800,60,1960000,Brake Pad BP-40,Brakes,708.0,12.994350282485875
2019-08,P012,775,69,1898750,Brake Pad BP-40,Brakes,800.0,-3.125
2019-09,P012,754,56,1847300,Brake Pad BP-40,Brakes,775.0,-2.7096774193548385
2019-10,P012,750,61,1837500,Brake Pad BP-40,Brakes,754.0,-0.5305039787798408
2019-11,P012,428,43,1048600,Brake Pad BP-40,Brakes,750.0,-42.93333333333334
2019-12,P012,630,49,1543500,Brake Pad BP-40,Brakes,428.0,47.19626168224299
2020-01,P012,553,44,1354850,Brake Pad BP-40,Brakes,630.0,-12.222222222222221
2020-02,P012,647,60,1585150,Brake Pad BP-40,Brakes,553.0,16.998191681735985
2020-03,P012,600,52,1470000,Brake Pad BP-40,Brakes,647.0,-7.2642967542503865
2020-04,P012,519,43,1271550,Brake Pad BP-40,Brakes,600.0,-13.5
2020-05,P012,692,55,1695400,Brake Pad BP-40,Brakes,519.0,33.33333333333333
2020-06,P012,489,36,1198050,Brake Pad BP-40,Brakes,692.0,-29.335260115606935
2020-07,P012,768,72,1881600,Brake Pad BP-40,Brakes,489.0,57.05521472392638
2020-08,P012,800,71,1960000,Brake Pad BP-40,Brakes,768.0,4.166666666666666
2020-09,P012,531,47,1300950,Brake Pad BP-40,Brakes,800.0,-33.625
2020-10,P012,504,44,1234800,Brake Pad BP-40,Brakes,531.0,-5.084745762711865
2020-11,P012,754,57,1847300,Brake Pad BP-40,Brakes,504.0,49.60317460317461
2020-12,P012,763,58,1869350,Brake Pad BP-40,Brakes,754.0,1.1936339522546418
2021-01,P012,753,52,1844850,Brake Pad BP-40,Brakes,763.0,-1.310615989515072
2021-02,P012,673,51,1648850,Brake Pad BP-40,Brakes,753.0,-10.624169986719787
2021-03,P012,701,53,1717450,Brake Pad BP-40,Brakes,673.0,4.160475482912332
2021-04,P012,573,49,1403850,Brake Pad BP-40,Brakes,701.0,-18.25962910128388
2021-05,P012,720,55,1764000,Brake Pad BP-40,Brakes,573.0,25.654450261780106
2021-06,P012,602,52,1474900,Brake Pad BP-40,Brakes,720.0,-16.38888888888889
2021-07,P012,627,56,1536150,Brake Pad BP-40,Brakes,602.0,4.152823920265781
2021-08,P012,520,45,1274000,Brake Pad BP-40,Brakes,627.0,-17.065390749601274
2021-09,P012,571,50,1398950,Brake Pad BP-40,Brakes,520.0,9.807692307692308
2021-10,P012,563,58,1379350,Brake Pad BP-40,Brakes,571.0,-1.4010507880910683
2021-11,P012,723,62,1771350,Brake Pad BP-40,Brakes,563.0,28.419182948490228
2021-12,P012,780,69,1911000,Brake Pad BP-40,Brakes,723.0,7.883817427385892
2022-01,P012,716,59,1754200,Brake Pad BP-40,Brakes,780.0,-8.205128205128204
2022-02,P012,637,56,1560650,Brake Pad BP-40,Brakes,716.0,-11.033519553072626
2022-03,P012,664,60,1626800,Brake Pad BP-40,Brakes,637.0,4.23861852433281
2022-04,P012,575,54,1408750,Brake Pad BP-40,Brakes,664.0,-13.403614457831326
2022-05,P012,494,53,1210300,Brake Pad BP-40,Brakes,575.0,-14.08695652173913
2022-06,P012,531,43,1300950,Brake Pad BP-40,Brakes,494.0,7.489878542510121
2022-07,P012,689,58,1688050,Brake Pad BP-40,Brakes,531.0,29.75517890772128
2022-08,P012,739,63,1810550,Brake Pad BP-40,Brakes,689.0,7.256894049346879
2022-09,P012,645,55,1580250,Brake Pad BP-40,Brakes,739.0,-12.719891745602165
2022-10,P012,743,52,1820350,Brake Pad BP-40,Brakes,645.0,15.193798449612403
2022-11,P012,714,48,1749300,Brake Pad BP-40,Brakes,743.0,-3.9030955585464335
2022-12,P012,674,54,1651300,Brake Pad BP-40,Brakes,714.0,-5.602240896358544
2023-01,P012,536,47,1313200,Brake Pad BP-40,Brakes,674.0,-20.474777448071215
2023-02,P012,649,48,1590050,Brake Pad BP-40,Brakes,536.0,21.082089552238806
2023-03,P012,697,70,1707650,Brake Pad BP-40,Brakes,649.0,7.395993836671804
2023-04,P012,594,53,1455300,Brake Pad BP-40,Brakes,697.0,-14.777618364418938
2023-05,P012,721,64,1766450,Brake Pad BP-40,Brakes,594.0,21.38047138047138
2023-06,P012,549,50,1345050,Brake Pad BP-40,Brakes,721.0,-23.855755894590846
2023-07,P012,538,45,1318100,Brake Pad BP-40,Brakes,549.0,-2.0036429872495445
2023-08,P012,609,57,1492050,Brake Pad BP-40,Brakes,538.0,13.197026022304833
2023-09,P012,732,59,1793400,Brake Pad BP-40,Brakes,609.0,20.19704433497537
2023-10,P012,611,56,1496950,Brake Pad BP-40,Brakes,732.0,-16.530054644808743
2023-11,P012,591,49,1447950,Brake Pad BP-40,Brakes,611.0,-3.273322422258593
2023-12,P012,650,54,1592500,Brake Pad BP-40,Brakes,591.0,9.983079526226735
2024-01,P012,685,62,1678250,Brake Pad BP-40,Brakes,650.0,5.384615384615385
2024-02,P012,521,41,1276450,Brake Pad BP-40,Brakes,685.0,-23.94160583941606
2024-03,P012,544,48,1332800,Brake Pad BP-40,Brakes,521.0,4.414587332053743
2024-04,P012,598,49,1465100,Brake Pad BP-40,Brakes,544.0,9.926470588235293
2024-05,P012,603,49,1477350,Brake Pad BP-40,Brakes,598.0,0.8361204013377926
2024-06,P012,714,58,1749300,Brake Pad BP-40,Brakes,603.0,18.407960199004975
2024-07,P012,606,55,1484700,Brake Pad BP-40,Brakes,714.0,-15.126050420168067
2024-08,P012,650,65,1592500,Brake Pad BP-40,Brakes,606.0,7.2607260726072615
2024-09,P012,447,48,1095150,Brake Pad BP-40,Brakes,650.0,-31.23076923076923
2024-10,P012,618,56,1514100,Brake Pad BP-40,Brakes,447.0,38.25503355704698
2024-11,P012,513,40,1256850,Brake Pad BP-40,Brakes,618.0,-16.990291262135923
2024-12,P012,571,49,1398950,Brake Pad BP-40,Brakes,513.0,11.306042884990253
2019-01,P013,563,49,816350,Seal Kit SK-15,Seals,,
2019-02,P013,445,39,645250,Seal Kit SK-15,Seals,563.0,-20.959147424511546
2019-03,P013,768,57,1113600,Seal Kit SK-15,Seals,445.0,72.58426966292136
2019-04,P013,613,53,888850,Seal Kit SK-15,Seals,768.0,-20.182291666666664
2019-05,P013,729,63,1057050,Seal Kit SK-15,Seals,613.0,18.92332789559543
2019-06,P013,501,46,726450,Seal Kit SK-15,Seals,729.0,-31.275720164609055
2019-07,P013,473,45,685850,Seal Kit SK-15,Seals,501.0,-5.588822355289421
2019-08,P013,671,58,972950,Seal Kit SK-15,Seals,473.0,41.86046511627907
2019-09,P013,684,56,991800,Seal Kit SK-15,Seals,671.0,1.9374068554396422
2019-10,P013,631,50,914950,Seal Kit SK-15,Seals,684.0,-7.748538011695906
2019-11,P013,585,54,848250,Seal Kit SK-15,Seals,631.0,-7.290015847860539
2019-12,P013,589,51,854050,Seal Kit SK-15,Seals,585.0,0.6837606837606838
2020-01,P013,570,47,826500,Seal Kit SK-15,Seals,589.0,-3.225806451612903
2020-02,P013,536,46,777200,Seal Kit SK-15,Seals,570.0,-5.964912280701754
2020-03,P013,775,66,1123750,Seal Kit SK-15,Seals,536.0,44.58955223880597
2020-04,P013,464,46,672800,Seal Kit SK-15,Seals,775.0,-40.12903225806452
2020-05,P013,644,58,933800,Seal Kit SK-15,Seals,464.0,38.793103448275865
2020-06,P013,431,37,624950,Seal Kit SK-15,Seals,644.0,-33.07453416149068
2020-07,P013,792,68,1148400,Seal Kit SK-15,Seals,431.0,83.75870069605568
2020-08,P013,959,73,1390550,Seal Kit SK-15,Seals,792.0,21.085858585858585
2020-09,P013,661,56,958450,Seal Kit SK-15,Seals,959.0,-31.0740354535975
2020-10,P013,422,48,611900,Seal Kit SK-15,Seals,661.0,-36.157337367624805
2020-11,P013,559,47,810550,Seal Kit SK-15,Seals,422.0,32.46445497630332
2020-12,P013,533,46,772850,Seal Kit SK-15,Seals,559.0,-4.651162790697675
2021-01,P013,644,52,933800,Seal Kit SK-15,Seals,533.0,20.825515947467167
2021-02,P013,658,57,954100,Seal Kit SK-15,Seals,644.0,2.1739130434782608
2021-03,P013,518,49,751100,Seal Kit SK-15,Seals,658.0,-21.27659574468085
2021-04,P013,559,51,810550,Seal Kit SK-15,Seals,518.0,7.915057915057915
2021-05,P013,714,57,1035300,Seal Kit SK-15,Seals,559.0,27.72808586762075
2021-06,P013,779,64,1129550,Seal Kit SK-15,Seals,714.0,9.103641456582633
2021-07,P013,518,51,751100,Seal Kit SK-15,Seals,779.0,-33.504492939666235
2021-08,P013,752,60,1090400,Seal Kit SK-15,Seals,518.0,45.173745173745175
2021-09,P013,384,34,556800,Seal Kit SK-15,Seals,752.0,-48.93617021276596
2021-10,P013,599,58,868550,Seal Kit SK-15,Seals,384.0,55.989583333333336
2021-11,P013,697,59,1010650,Seal Kit SK-15,Seals,599.0,16.36060100166945
2021-12,P013,692,57,1003400,Seal Kit SK-15,Seals,697.0,-0.7173601147776184
2022-01,P013,768,65,1113600,Seal Kit SK-15,Seals,692.0,10.982658959537572
2022-02,P013,606,43,878700,Seal Kit SK-15,Seals,768.0,-21.09375
2022-03,P013,597,42,865650,Seal Kit SK-15,Seals,606.0,-1.4851485148514851
2022-04,P013,674,54,977300,Seal Kit SK-15,Seals,597.0,12.897822445561138
2022-05,P013,720,61,1044000,Seal Kit SK-15,Seals,674.0,6.824925816023739
2022-06,P013,578,47,838100,Seal Kit SK-15,Seals,720.0,-19.72222222222222
2022-07,P013,430,42,623500,Seal Kit SK-15,Seals,578.0,-25.60553633217993
2022-08,P013,600,53,870000,Seal Kit SK-15,Seals,430.0,39.53488372093023
2022-09,P013,608,46,881600,Seal Kit SK-15,Seals,600.0,1.3333333333333335
2022-10,P013,665,59,964250,Seal Kit SK-15,Seals,608.0,9.375
2022-11,P013,632,61,916400,Seal Kit SK-15,Seals,665.0,-4.962406015037594
2022-12,P013,598,48,867100,Seal Kit SK-15,Seals,632.0,-5.379746835443038
2023-01,P013,502,40,727900,Seal Kit SK-15,Seals,598.0,-16.05351170568562
2023-02,P013,708,62,1026600,Seal Kit SK-15,Seals,502.0,41.03585657370518
2023-03,P013,672,53,974400,Seal Kit SK-15,Seals,708.0,-5.084745762711865
2023-04,P013,527,47,764150,Seal Kit SK-15,Seals,672.0,-21.577380952380953
2023-05,P013,517,49,749650,Seal Kit SK-15,Seals,527.0,-1.8975332068311195
2023-06,P013,507,42,735150,Seal Kit SK-15,Seals,517.0,-1.9342359767891684
2023-07,P013,695,61,1007750,Seal Kit SK-15,Seals,507.0,37.08086785009862
2023-08,P013,633,55,917850,Seal Kit SK-15,Seals,695.0,-8.920863309352518
2023-09,P013,557,48,807650,Seal Kit SK-15,Seals,633.0,-12.006319115323855
2023-10,P013,615,52,891750,Seal Kit SK-15,Seals,557.0,10.412926391382406
2023-11,P013,621,50,900450,Seal Kit SK-15,Seals,615.0,0.975609756097561
2023-12,P013,605,55,877250,Seal Kit SK-15,Seals,621.0,-2.576489533011272
2024-01,P013,609,59,883050,Seal Kit SK-15,Seals,605.0,0.6611570247933884
2024-02,P013,632,56,916400,Seal Kit SK-15,Seals,609.0,3.776683087027915
2024-03,P013,626,52,907700,Seal Kit SK-15,Seals,632.0,-0.949367088607595
2024-04,P013,580,46,841000,Seal Kit SK-15,Seals,626.0,-7.348242811501597
2024-05,P013,577,42,836650,Seal Kit SK-15,Seals,580.0,-0.5172413793103449
2024-06,P013,598,46,867100,Seal Kit SK-15,Seals,577.0,3.6395147313691507
2024-07,P013,632,56,916400,Seal Kit SK-15,Seals,598.0,5.68561872909699
2024-08,P013,587,56,851150,Seal Kit SK-15,Seals,632.0,-7.120253164556963
2024-09,P013,602,53,872900,Seal Kit SK-15,Seals,587.0,2.555366269165247
2024-10,P013,563,53,816350,Seal Kit SK-15,Seals,602.0,-6.4784053156146175
2024-11,P013,630,62,913500,Seal Kit SK-15,Seals,563.0,11.900532859680284
2024-12,P013,698,59,1012100,Seal Kit SK-15,Seals,630.0,10.793650793650794
2019-01,P014,680,58,56780000,Transmission Assembly TA-800,Transmission,,
2019-02,P014,477,38,39829500,Transmission Assembly TA-800,Transmission,680.0,-29.852941176470587
2019-03,P014,737,66,61539500,Transmission Assembly TA-800,Transmission,477.0,54.50733752620545
2019-04,P014,611,51,51018500,Transmission Assembly TA-800,Transmission,737.0,-17.096336499321573
2019-05,P014,553,54,46175500,Transmission Assembly TA-800,Transmission,611.0,-9.492635024549918
2019-06,P014,693,55,57865500,Transmission Assembly TA-800,Transmission,553.0,25.31645569620253
2019-07,P014,531,47,44338500,Transmission Assembly TA-800,Transmission,693.0,-23.376623376623375
2019-08,P014,634,55,52939000,Transmission Assembly TA-800,Transmission,531.0,19.397363465160076
2019-09,P014,467,40,38994500,Transmission Assembly TA-800,Transmission,634.0,-26.34069400630915
2019-10,P014,627,51,52354500,Transmission Assembly TA-800,Transmission,467.0,34.26124197002141
2019-11,P014,642,63,53607000,Transmission Assembly TA-800,Transmission,627.0,2.3923444976076556
2019-12,P014,479,41,39996500,Transmission Assembly TA-800,Transmission,642.0,-25.38940809968847
2020-01,P014,725,55,60537500,Transmission Assembly TA-800,Transmission,479.0,51.356993736951985
2020-02,P014,486,39,40581000,Transmission Assembly TA-800,Transmission,725.0,-32.96551724137931
2020-03,P014,517,45,43169500,Transmission Assembly TA-800,Transmission,486.0,6.378600823045268
2020-04,P014,625,54,52187500,Transmission Assembly TA-800,Transmission,517.0,20.889748549323016
2020-05,P014,752,63,62792000,Transmission Assembly TA-800,Transmission,625.0,20.32
2020-06,P014,593,50,49515500,Transmission Assembly TA-800,Transmission,752.0,-21.143617021276594
2020-07,P014,865,72,72227500,Transmission Assembly TA-800,Transmission,593.0,45.86846543001686
2020-08,P014,724,71,60454000,Transmission Assembly TA-800,Transmission,865.0,-16.300578034682083
2020-09,P014,600,53,50100000,Transmission Assembly TA-800,Transmission,724.0,-17.12707182320442
2020-10,P014,523,43,43670500,Transmission Assembly TA-800,Transmission,600.0,-12.833333333333332
2020-11,P014,593,52,49515500,Transmission Assembly TA-800,Transmission,523.0,13.38432122370937
2020-12,P014,804,66,67134000,Transmission Assembly TA-800,Transmission,593.0,35.58178752107926
2021-01,P014,856,67,71476000,Transmission Assembly TA-800,Transmission,804.0,6.467661691542288
2021-02,P014,659,64,55026500,Transmission Assembly TA-800,Transmission,856.0,-23.014018691588785
2021-03,P014,637,48,53189500,Transmission Assembly TA-800,Transmission,659.0,-3.338391502276176
2021-04,P014,631,57,52688500,Transmission Assembly TA-800,Transmission,637.0,-0.9419152276295133
2021-05,P014,554,54,46259000,Transmission Assembly TA-800,Transmission,631.0,-12.202852614896988
2021-06,P014,507,43,42334500,Transmission Assembly TA-800,Transmission,554.0,-8.483754512635379
2021-07,P014,590,52,49265000,Transmission Assembly TA-800,Transmission,507.0,16.370808678500985
2021-08,P014,577,55,48179500,Transmission Assembly TA-800,Transmission,590.0,-2.2033898305084745
2021-09,P014,560,49,46760000,Transmission Assembly TA-800,Transmission,577.0,-2.946273830155979
2021-10,P014,625,51,52187500,Transmission Assembly TA-800,Transmission,560.0,11.607142857142858
2021-11,P014,574,53,47929000,Transmission Assembly TA-800,Transmission,625.0,-8.16
2021-12,P014,663,54,55360500,Transmission Assembly TA-800,Transmission,574.0,15.505226480836237
2022-01,P014,645,50,53857500,Transmission Assembly TA-800,Transmission,663.0,-2.7149321266968327
2022-02,P014,419,47,34986500,Transmission Assembly TA-800,Transmission,645.0,-35.038759689922486
2022-03,P014,632,56,52772000,Transmission Assembly TA-800,Transmission,419.0,50.83532219570406
2022-04,P014,591,49,49348500,Transmission Assembly TA-800,Transmission,632.0,-6.487341772151899
2022-05,P014,693,55,57865500,Transmission Assembly TA-800,Transmission,591.0,17.258883248730964
2022-06,P014,529,38,44171500,Transmission Assembly TA-800,Transmission,693.0,-23.665223665223664
2022-07,P014,605,48,50517500,Transmission Assembly TA-800,Transmission,529.0,14.366729678638942
2022-08,P014,677,61,56529500,Transmission Assembly TA-800,Transmission,605.0,11.900826446280991
2022-09,P014,696,54,58116000,Transmission Assembly TA-800,Transmission,677.0,2.806499261447563
2022-10,P014,771,66,64378500,Transmission Assembly TA-800,Transmission,696.0,10.775862068965516
2022-11,P014,817,68,68219500,Transmission Assembly TA-800,Transmission,771.0,5.966277561608301
2022-12,P014,648,58,54108000,Transmission Assembly TA-800,Transmission,817.0,-20.685434516523866
2023-01,P014,522,46,43587000,Transmission Assembly TA-800,Transmission,648.0,-19.444444444444446
2023-02,P014,691,54,57698500,Transmission Assembly TA-800,Transmission,522.0,32.37547892720307
2023-03,P014,762,64,63627000,Transmission Assembly TA-800,Transmission,691.0,10.274963820549928
2023-04,P014,677,52,56529500,Transmission Assembly TA-800,Transmission,762.0,-11.15485564304462
2023-05,P014,585,50,48847500,Transmission Assembly TA-800,Transmission,677.0,-13.58936484490399
2023-06,P014,424,44,35404000,Transmission Assembly TA-800,Transmission,585.0,-27.521367521367523
2023-07,P014,625,54,52187500,Transmission Assembly TA-800,Transmission,424.0,47.40566037735849
2023-08,P014,649,52,54191500,Transmission Assembly TA-800,Transmission,625.0,3.84
2023-09,P014,591,58,49348500,Transmission Assembly TA-800,Transmission,649.0,-8.936825885978427
2023-10,P014,622,50,51937000,Transmission Assembly TA-800,Transmission,591.0,5.245346869712352
2023-11,P014,522,45,43587000,Transmission Assembly TA-800,Transmission,622.0,-16.077170418006432
2023-12,P014,562,54,46927000,Transmission Assembly TA-800,Transmission,522.0,7.662835249042145
2024-01,P014,648,55,54108000,Transmission Assembly TA-800,Transmission,562.0,15.302491103202847
2024-02,P014,657,52,54859500,Transmission Assembly TA-800,Transmission,648.0,1.3888888888888888
2024-03,P014,606,50,50601000,Transmission Assembly TA-800,Transmission,657.0,-7.76255707762557
2024-04,P014,815,63,68052500,Transmission Assembly TA-800,Transmission,606.0,34.48844884488449
2024-05,P014,586,49,48931000,Transmission Assembly TA-800,Transmission,815.0,-28.098159509202453
2024-06,P014,463,38,38660500,Transmission Assembly TA-800,Transmission,586.0,-20.989761092150168
2024-07,P014,642,57,53607000,Transmission Assembly TA-800,Transmission,463.0,38.66090712742981
2024-08,P014,585,49,48847500,Transmission Assembly TA-800,Transmission,642.0,-8.878504672897195
2024-09,P014,714,61,59619000,Transmission Assembly TA-800,Transmission,585.0,22.05128205128205
2024-10,P014,713,60,59535500,Transmission Assembly TA-800,Transmission,714.0,-0.1400560224089636
2024-11,P014,692,58,57782000,Transmission Assembly TA-800,Transmission,713.0,-2.9453015427769986
2024-12,P014,588,44,49098000,Transmission Assembly TA-800,Transmission,692.0,-15.028901734104046
2019-01,P015,756,62,89964000,Engine Block EB-600,Engine,,
2019-02,P015,598,45,71162000,Engine Block EB-600,Engine,756.0,-20.8994708994709
2019-03,P015,654,56,77826000,Engine Block EB-600,Engine,598.0,9.364548494983277
2019-04,P015,649,54,77231000,Engine Block EB-600,Engine,654.0,-0.764525993883792
2019-05,P015,693,56,82467000,Engine Block EB-600,Engine,649.0,6.779661016949152
2019-06,P015,503,44,59857000,Engine Block EB-600,Engine,693.0,-27.417027417027416
2019-07,P015,790,64,94010000,Engine Block EB-600,Engine,503.0,57.057654075546715
2019-08,P015,665,54,79135000,Engine Block EB-600,Engine,790.0,-15.822784810126583
2019-09,P015,501,46,59619000,Engine Block EB-600,Engine,665.0,-24.661654135338345
2019-10,P015,662,56,78778000,Engine Block EB-600,Engine,501.0,32.13572854291417
2019-11,P015,571,43,67949000,Engine Block EB-600,Engine,662.0,-13.746223564954683
2019-12,P015,506,42,60214000,Engine Block EB-600,Engine,571.0,-11.38353765323993
2020-01,P015,550,45,65450000,Engine Block EB-600,Engine,506.0,8.695652173913043
2020-02,P015,593,48,70567000,Engine Block EB-600,Engine,550.0,7.818181818181818
2020-03,P015,684,54,81396000,Engine Block EB-600,Engine,593.0,15.345699831365936
2020-04,P015,607,46,72233000,Engine Block EB-600,Engine,684.0,-11.257309941520468
2020-05,P015,562,46,66878000,Engine Block EB-600,Engine,607.0,-7.413509060955518
2020-06,P015,681,51,81039000,Engine Block EB-600,Engine,562.0,21.17437722419929
2020-07,P015,709,54,84371000,Engine Block EB-600,Engine,681.0,4.1116005873715125
2020-08,P015,763,60,90797000,Engine Block EB-600,Engine,709.0,7.6163610719323
2020-09,P015,627,60,74613000,Engine Block EB-600,Engine,763.0,-17.82437745740498
2020-10,P015,690,63,82110000,Engine Block EB-600,Engine,627.0,10.047846889952153
2020-11,P015,577,53,68663000,Engine Block EB-600,Engine,690.0,-16.3768115942029
2020-12,P015,591,45,70329000,Engine Block EB-600,Engine,577.0,2.4263431542461005
2021-01,P015,670,58,79730000,Engine Block EB-600,Engine,591.0,13.367174280879865
2021-02,P015,687,58,81753000,Engine Block EB-600,Engine,670.0,2.5373134328358207
2021-03,P015,614,54,73066000,Engine Block EB-600,Engine,687.0,-10.625909752547306
2021-04,P015,650,52,77350000,Engine Block EB-600,Engine,614.0,5.863192182410423
2021-05,P015,521,44,61999000,Engine Block EB-600,Engine,650.0,-19.846153846153847
2021-06,P015,683,53,81277000,Engine Block EB-600,Engine,521.0,31.09404990403071
2021-07,P015,491,46,58429000,Engine Block EB-600,Engine,683.0,-28.111273792093705
2021-08,P015,639,53,76041000,Engine Block EB-600,Engine,491.0,30.14256619144603
2021-09,P015,654,57,77826000,Engine Block EB-600,Engine,639.0,2.3474178403755865
2021-10,P015,580,52,69020000,Engine Block EB-600,Engine,654.0,-11.314984709480122
2021-11,P015,657,55,78183000,Engine Block EB-600,Engine,580.0,13.275862068965516
2021-12,P015,769,63,91511000,Engine Block EB-600,Engine,657.0,17.04718417047184
2022-01,P015,546,47,64974000,Engine Block EB-600,Engine,769.0,-28.998699609882966
2022-02,P015,728,56,86632000,Engine Block EB-600,Engine,546.0,33.33333333333333
2022-03,P015,819,63,97461000,Engine Block EB-600,Engine,728.0,12.5
2022-04,P015,633,54,75327000,Engine Block EB-600,Engine,819.0,-22.71062271062271
2022-05,P015,701,59,83419000,Engine Block EB-600,Engine,633.0,10.742496050552923
2022-06,P015,599,52,71281000,Engine Block EB-600,Engine,701.0,-14.550641940085592
2022-07,P015,590,55,70210000,Engine Block EB-600,Engine,599.0,-1.5025041736227045
2022-08,P015,713,60,84847000,Engine Block EB-600,Engine,590.0,20.847457627118644
2022-09,P015,563,43,66997000,Engine Block EB-600,Engine,713.0,-21.037868162692845
2022-10,P015,702,63,83538000,Engine Block EB-600,Engine,563.0,24.68916518650089
2022-11,P015,570,46,67830000,Engine Block EB-600,Engine,702.0,-18.803418803418804
2022-12,P015,521,46,61999000,Engine Block EB-600,Engine,570.0,-8.596491228070176
2023-01,P015,539,48,64141000,Engine Block EB-600,Engine,521.0,3.45489443378119
2023-02,P015,504,45,59976000,Engine Block EB-600,Engine,539.0,-6.493506493506493
2023-03,P015,727,63,86513000,Engine Block EB-600,Engine,504.0,44.24603174603175
2023-04,P015,882,68,104958000,Engine Block EB-600,Engine,727.0,21.320495185694636
2023-05,P015,585,60,69615000,Engine Block EB-600,Engine,882.0,-33.6734693877551
2023-06,P015,619,57,73661000,Engine Block EB-600,Engine,585.0,5.811965811965812
2023-07,P015,588,47,69972000,Engine Block EB-600,Engine,619.0,-5.008077544426494
2023-08,P015,758,61,90202000,Engine Block EB-600,Engine,588.0,28.91156462585034
2023-09,P015,668,61,79492000,Engine Block EB-600,Engine,758.0,-11.87335092348285
2023-10,P015,643,49,76517000,Engine Block EB-600,Engine,668.0,-3.74251497005988
2023-11,P015,570,46,67830000,Engine Block EB-600,Engine,643.0,-11.35303265940902
2023-12,P015,562,48,66878000,Engine Block EB-600,Engine,570.0,-1.4035087719298245
2024-01,P015,700,59,83300000,Engine Block EB-600,Engine,562.0,24.555160142348754
2024-02,P015,536,46,63784000,Engine Block EB-600,Engine,700.0,-23.42857142857143
2024-03,P015,498,42,59262000,Engine Block EB-600,Engine,536.0,-7.08955223880597
2024-04,P015,503,43,59857000,Engine Block EB-600,Engine,498.0,1.0040160642570282
2024-05,P015,629,54,74851000,Engine Block EB-600,Engine,503.0,25.04970178926441
2024-06,P015,652,49,77588000,Engine Block EB-600,Engine,629.0,3.6565977742448332
2024-07,P015,486,45,57834000,Engine Block EB-600,Engine,652.0,-25.4601226993865
2024-08,P015,538,44,64022000,Engine Block EB-600,Engine,486.0,10.699588477366255
2024-09,P015,696,57,82824000,Engine Block EB-600,Engine,538.0,29.36802973977695
2024-10,P015,797,56,94843000,Engine Block EB-600,Engine,696.0,14.511494252873563
2024-11,P015,427,37,50813000,Engine Block EB-600,Engine,797.0,-46.42409033877039
2024-12,P015,633,52,75327000,Engine Block EB-600,Engine,427.0,48.24355971896955
2019-01,P016,606,49,6181200,Radiator RD-250,Cooling,,
2019-02,P016,343,34,3498600,Radiator RD-250,Cooling,606.0,-43.399339933993396
2019-03,P016,501,52,5110200,Radiator RD-250,Cooling,343.0,46.06413994169096
2019-04,P016,587,45,5987400,Radiator RD-250,Cooling,501.0,17.16566866267465
2019-05,P016,744,57,7588800,Radiator RD-250,Cooling,587.0,26.74616695059625
2019-06,P016,667,58,6803400,Radiator RD-250,Cooling,744.0,-10.349462365591398
2019-07,P016,715,55,7293000,Radiator RD-250,Cooling,667.0,7.19640179910045
2019-08,P016,732,71,7466400,Radiator RD-250,Cooling,715.0,2.3776223776223775
2019-09,P016,686,59,6997200,Radiator RD-250,Cooling,732.0,-6.284153005464481
2019-10,P016,524,46,5344800,Radiator RD-250,Cooling,686.0,-23.61516034985423
2019-11,P016,637,48,6497400,Radiator RD-250,Cooling,524.0,21.564885496183205
2019-12,P016,644,54,6568800,Radiator RD-250,Cooling,637.0,1.098901098901099
2020-01,P016,610,56,6222000,Radiator RD-250,Cooling,644.0,-5.279503105590062
2020-02,P016,662,54,6752400,Radiator RD-250,Cooling,610.0,8.524590163934425
2020-03,P016,669,53,6823800,Radiator RD-250,Cooling,662.0,1.0574018126888218
2020-04,P016,608,53,6201600,Radiator RD-250,Cooling,669.0,-9.118086696562033
2020-05,P016,607,52,6191400,Radiator RD-250,Cooling,608.0,-0.1644736842105263
2020-06,P016,711,60,7252200,Radiator RD-250,Cooling,607.0,17.1334431630972
2020-07,P016,899,70,9169800,Radiator RD-250,Cooling,711.0,26.441631504922647
2020-08,P016,776,71,7915200,Radiator RD-250,Cooling,899.0,-13.681868743047831
2020-09,P016,668,54,6813600,Radiator RD-250,Cooling,776.0,-13.917525773195877
2020-10,P016,578,51,5895600,Radiator RD-250,Cooling,668.0,-13.47305389221557
2020-11,P016,569,53,5803800,Radiator RD-250,Cooling,578.0,-1.5570934256055362
2020-12,P016,681,65,6946200,Radiator RD-250,Cooling,569.0,19.68365553602812
2021-01,P016,586,47,5977200,Radiator RD-250,Cooling,681.0,-13.950073421439061
2021-02,P016,565,48,5763000,Radiator RD-250,Cooling,586.0,-3.583617747440273
2021-03,P016,728,62,7425600,Radiator RD-250,Cooling,565.0,28.84955752212389
2021-04,P016,593,49,6048600,Radiator RD-250,Cooling,728.0,-18.543956043956044
2021-05,P016,679,54,6925800,Radiator RD-250,Cooling,593.0,14.502529510961216
2021-06,P016,597,49,6089400,Radiator RD-250,Cooling,679.0,-12.076583210603829
2021-07,P016,772,61,7874400,Radiator RD-250,Cooling,597.0,29.313232830820766
2021-08,P016,679,55,6925800,Radiator RD-250,Cooling,772.0,-12.046632124352332
2021-09,P016,385,38,3927000,Radiator RD-250,Cooling,679.0,-43.29896907216495
2021-10,P016,617,62,6293400,Radiator RD-250,Cooling,385.0,60.259740259740255
2021-11,P016,671,54,6844200,Radiator RD-250,Cooling,617.0,8.752025931928689
2021-12,P016,864,65,8812800,Radiator RD-250,Cooling,671.0,28.763040238450078
2022-01,P016,771,62,7864200,Radiator RD-250,Cooling,864.0,-10.76388888888889
2022-02,P016,411,35,4192200,Radiator RD-250,Cooling,771.0,-46.69260700389105
2022-03,P016,818,72,8343600,Radiator RD-250,Cooling,411.0,99.02676399026764
2022-04,P016,670,55,6834000,Radiator RD-250,Cooling,818.0,-18.09290953545232
2022-05,P016,829,65,8455800,Radiator RD-250,Cooling,670.0,23.731343283582092
2022-06,P016,670,50,6834000,Radiator RD-250,Cooling,829.0,-19.179734620024124
2022-07,P016,651,58,6640200,Radiator RD-250,Cooling,670.0,-2.8358208955223883
2022-08,P016,667,62,6803400,Radiator RD-250,Cooling,651.0,2.457757296466974
2022-09,P016,550,49,5610000,Radiator RD-250,Cooling,667.0,-17.541229385307346
2022-10,P016,722,58,7364400,Radiator RD-250,Cooling,550.0,31.272727272727273
2022-11,P016,630,62,6426000,Radiator RD-250,Cooling,722.0,-12.742382271468145
2022-12,P016,537,54,5477400,Radiator RD-250,Cooling,630.0,-14.761904761904763
2023-01,P016,585,52,5967000,Radiator RD-250,Cooling,537.0,8.938547486033519
2023-02,P016,622,41,6344400,Radiator RD-250,Cooling,585.0,6.3247863247863245
2023-03,P016,674,56,6874800,Radiator RD-250,Cooling,622.0,8.360128617363344
2023-04,P016,675,65,6885000,Radiator RD-250,Cooling,674.0,0.1483679525222552
2023-05,P016,486,46,4957200,Radiator RD-250,Cooling,675.0,-28.000000000000004
2023-06,P016,607,54,6191400,Radiator RD-250,Cooling,486.0,24.897119341563787
2023-07,P016,709,54,7231800,Radiator RD-250,Cooling,607.0,16.80395387149918
2023-08,P016,602,50,6140400,Radiator RD-250,Cooling,709.0,-15.091678420310295
2023-09,P016,416,40,4243200,Radiator RD-250,Cooling,602.0,-30.89700996677741
2023-10,P016,733,63,7476600,Radiator RD-250,Cooling,416.0,76.20192307692307
2023-11,P016,630,52,6426000,Radiator RD-250,Cooling,733.0,-14.051841746248295
2023-12,P016,730,68,7446000,Radiator RD-250,Cooling,630.0,15.873015873015872
2024-01,P016,594,58,6058800,Radiator RD-250,Cooling,730.0,-18.63013698630137
2024-02,P016,551,47,5620200,Radiator RD-250,Cooling,594.0,-7.23905723905724
2024-03,P016,809,62,8251800,Radiator RD-250,Cooling,551.0,46.82395644283122
2024-04,P016,429,37,4375800,Radiator RD-250,Cooling,809.0,-46.97156983930778
2024-05,P016,502,43,5120400,Radiator RD-250,Cooling,429.0,17.016317016317018
2024-06,P016,722,59,7364400,Radiator RD-250,Cooling,502.0,43.82470119521912
2024-07,P016,747,61,7619400,Radiator RD-250,Cooling,722.0,3.4626038781163437
2024-08,P016,883,63,9006600,Radiator RD-250,Cooling,747.0,18.20615796519411
2024-09,P016,688,57,7017600,Radiator RD-250,Cooling,883.0,-22.083805209513024
2024-10,P016,690,57,7038000,Radiator RD-250,Cooling,688.0,0.29069767441860467
2024-11,P016,671,59,6844200,Radiator RD-250,Cooling,690.0,-2.753623188405797
2024-12,P016,465,44,4743000,Radiator RD-250,Cooling,671.0,-30.700447093889714
2019-01,P017,671,60,348920,Fan Belt FB-30,Belts,,
2019-02,P017,565,54,293800,Fan Belt FB-30,Belts,671.0,-15.797317436661698
2019-03,P017,735,63,382200,Fan Belt FB-30,Belts,565.0,30.08849557522124
2019-04,P017,554,51,288080,Fan Belt FB-30,Belts,735.0,-24.625850340136054
2019-05,P017,852,73,443040,Fan Belt FB-30,Belts,554.0,53.79061371841155
2019-06,P017,666,59,346320,Fan Belt FB-30,Belts,852.0,-21.830985915492956
2019-07,P017,653,55,339560,Fan Belt FB-30,Belts,666.0,-1.951951951951952
2019-08,P017,726,55,377520,Fan Belt FB-30,Belts,653.0,11.179173047473201
2019-09,P017,450,38,234000,Fan Belt FB-30,Belts,726.0,-38.01652892561984
2019-10,P017,727,52,378040,Fan Belt FB-30,Belts,450.0,61.55555555555555
2019-11,P017,563,53,292760,Fan Belt FB-30,Belts,727.0,-22.558459422283356
2019-12,P017,534,54,277680,Fan Belt FB-30,Belts,563.0,-5.150976909413854
2020-01,P017,530,50,275600,Fan Belt FB-30,Belts,534.0,-0.7490636704119851
2020-02,P017,610,48,317200,Fan Belt FB-30,Belts,530.0,15.09433962264151
2020-03,P017,526,43,273520,Fan Belt FB-30,Belts,610.0,-13.77049180327869
2020-04,P017,669,53,347880,Fan Belt FB-30,Belts,526.0,27.186311787072242
2020-05,P017,588,58,305760,Fan Belt FB-30,Belts,669.0,-12.10762331838565
2020-06,P017,742,60,385840,Fan Belt FB-30,Belts,588.0,26.190476190476193
2020-07,P017,905,70,470600,Fan Belt FB-30,Belts,742.0,21.96765498652291
2020-08,P017,808,63,420160,Fan Belt FB-30,Belts,905.0,-10.718232044198896
2020-09,P017,615,51,319800,Fan Belt FB-30,Belts,808.0,-23.886138613861384
2020-10,P017,658,58,342160,Fan Belt FB-30,Belts,615.0,6.991869918699186
2020-11,P017,787,63,409240,Fan Belt FB-30,Belts,658.0,19.6048632218845
2020-12,P017,797,67,414440,Fan Belt FB-30,Belts,787.0,1.2706480304955527
2021-01,P017,556,49,289120,Fan Belt FB-30,Belts,797.0,-30.238393977415306
2021-02,P017,572,54,297440,Fan Belt FB-30,Belts,556.0,2.877697841726619
2021-03,P017,519,46,269880,Fan Belt FB-30,Belts,572.0,-9.265734265734265
2021-04,P017,670,52,348400,Fan Belt FB-30,Belts,519.0,29.09441233140655
2021-05,P017,545,48,283400,Fan Belt FB-30,Belts,670.0,-18.65671641791045
2021-06,P017,671,58,348920,Fan Belt FB-30,Belts,545.0,23.119266055045873
2021-07,P017,573,46,297960,Fan Belt FB-30,Belts,671.0,-14.605067064083457
2021-08,P017,612,46,318240,Fan Belt FB-30,Belts,573.0,6.806282722513089
2021-09,P017,543,51,282360,Fan Belt FB-30,Belts,612.0,-11.27450980392157
2021-10,P017,816,61,424320,Fan Belt FB-30,Belts,543.0,50.27624309392266
2021-11,P017,787,67,409240,Fan Belt FB-30,Belts,816.0,-3.553921568627451
2021-12,P017,630,55,327600,Fan Belt FB-30,Belts,787.0,-19.949174078780178
2022-01,P017,739,63,384280,Fan Belt FB-30,Belts,630.0,17.3015873015873
2022-02,P017,478,54,248560,Fan Belt FB-30,Belts,739.0,-35.317997293640055
2022-03,P017,584,45,303680,Fan Belt FB-30,Belts,478.0,22.17573221757322
2022-04,P017,554,52,288080,Fan Belt FB-30,Belts,584.0,-5.136986301369863
2022-05,P017,688,63,357760,Fan Belt FB-30,Belts,554.0,24.187725631768952
2022-06,P017,614,49,319280,Fan Belt FB-30,Belts,688.0,-10.755813953488373
2022-07,P017,504,47,262080,Fan Belt FB-30,Belts,614.0,-17.91530944625407
2022-08,P017,642,58,333840,Fan Belt FB-30,Belts,504.0,27.380952380952383
2022-09,P017,680,53,353600,Fan Belt FB-30,Belts,642.0,5.919003115264798
2022-10,P017,591,53,307320,Fan Belt FB-30,Belts,680.0,-13.088235294117649
2022-11,P017,595,47,309400,Fan Belt FB-30,Belts,591.0,0.676818950930626
2022-12,P017,619,56,321880,Fan Belt FB-30,Belts,595.0,4.033613445378151
2023-01,P017,511,44,265720,Fan Belt FB-30,Belts,619.0,-17.447495961227787
2023-02,P017,430,44,223600,Fan Belt FB-30,Belts,511.0,-15.851272015655576
2023-03,P017,688,59,357760,Fan Belt FB-30,Belts,430.0,60.0
2023-04,P017,544,49,282880,Fan Belt FB-30,Belts,688.0,-20.930232558139537
2023-05,P017,716,61,372320,Fan Belt FB-30,Belts,544.0,31.61764705882353
2023-06,P017,565,53,293800,Fan Belt FB-30,Belts,716.0,-21.089385474860336
2023-07,P017,597,54,310440,Fan Belt FB-30,Belts,565.0,5.663716814159292
2023-08,P017,550,48,286000,Fan Belt FB-30,Belts,597.0,-7.872696817420436
2023-09,P017,749,65,389480,Fan Belt FB-30,Belts,550.0,36.18181818181818
2023-10,P017,644,52,334880,Fan Belt FB-30,Belts,749.0,-14.018691588785046
2023-11,P017,551,49,286520,Fan Belt FB-30,Belts,644.0,-14.440993788819876
2023-12,P017,656,56,341120,Fan Belt FB-30,Belts,551.0,19.056261343012704
2024-01,P017,670,55,348400,Fan Belt FB-30,Belts,656.0,2.1341463414634148
2024-02,P017,624,42,324480,Fan Belt FB-30,Belts,670.0,-6.865671641791045
2024-03,P017,630,53,327600,Fan Belt FB-30,Belts,624.0,0.9615384615384616
2024-04,P017,539,47,280280,Fan Belt FB-30,Belts,630.0,-14.444444444444443
2024-05,P017,664,60,345280,Fan Belt FB-30,Belts,539.0,23.191094619666046
2024-06,P017,668,57,347360,Fan Belt FB-30,Belts,664.0,0.6024096385542169
2024-07,P017,569,50,295880,Fan Belt FB-30,Belts,668.0,-14.820359281437126
2024-08,P017,801,67,416520,Fan Belt FB-30,Belts,569.0,40.77328646748682
2024-09,P017,692,61,359840,Fan Belt FB-30,Belts,801.0,-13.607990012484395
2024-10,P017,777,73,404040,Fan Belt FB-30,Belts,692.0,12.283236994219653
2024-11,P017,569,48,295880,Fan Belt FB-30,Belts,777.0,-26.76962676962677
2024-12,P017,461,42,239720,Fan Belt FB-30,Belts,569.0,-18.98066783831283
2019-01,P018,721,66,8147300,Wheel Rim WR-24,Undercarriage,,
2019-02,P018,589,45,6655700,Wheel Rim WR-24,Undercarriage,721.0,-18.307905686546462
2019-03,P018,731,61,8260300,Wheel Rim WR-24,Undercarriage,589.0,24.108658743633278
2019-04,P018,761,65,8599300,Wheel Rim WR-24,Undercarriage,731.0,4.1039671682626535
2019-05,P018,673,67,7604900,Wheel Rim WR-24,Undercarriage,761.0,-11.563731931668856
2019-06,P018,589,56,6655700,Wheel Rim WR-24,Undercarriage,673.0,-12.481426448736999
2019-07,P018,625,52,7062500,Wheel Rim WR-24,Undercarriage,589.0,6.112054329371817
2019-08,P018,582,57,6576600,Wheel Rim WR-24,Undercarriage,625.0,-6.88
2019-09,P018,575,46,6497500,Wheel Rim WR-24,Undercarriage,582.0,-1.202749140893471
2019-10,P018,525,44,5932500,Wheel Rim WR-24,Undercarriage,575.0,-8.695652173913043
2019-11,P018,696,63,7864800,Wheel Rim WR-24,Undercarriage,525.0,32.57142857142858
2019-12,P018,511,50,5774300,Wheel Rim WR-24,Undercarriage,696.0,-26.580459770114945
2020-01,P018,632,55,7141600,Wheel Rim WR-24,Undercarriage,511.0,23.679060665362034
2020-02,P018,572,48,6463600,Wheel Rim WR-24,Undercarriage,632.0,-9.49367088607595
2020-03,P018,768,57,8678400,Wheel Rim WR-24,Undercarriage,572.0,34.26573426573427
2020-04,P018,539,47,6090700,Wheel Rim WR-24,Undercarriage,768.0,-29.817708333333332
2020-05,P018,732,68,8271600,Wheel Rim WR-24,Undercarriage,539.0,35.80705009276438
2020-06,P018,506,43,5717800,Wheel Rim WR-24,Undercarriage,732.0,-30.87431693989071
2020-07,P018,729,61,8237700,Wheel Rim WR-24,Undercarriage,506.0,44.07114624505929
2020-08,P018,690,67,7797000,Wheel Rim WR-24,Undercarriage,729.0,-5.349794238683128
2020-09,P018,554,52,6260200,Wheel Rim WR-24,Undercarriage,690.0,-19.710144927536234
2020-10,P018,520,47,5876000,Wheel Rim WR-24,Undercarriage,554.0,-6.137184115523466
2020-11,P018,683,57,7717900,Wheel Rim WR-24,Undercarriage,520.0,31.346153846153847
2020-12,P018,717,59,8102100,Wheel Rim WR-24,Undercarriage,683.0,4.978038067349927
2021-01,P018,643,55,7265900,Wheel Rim WR-24,Undercarriage,717.0,-10.320781032078104
2021-02,P018,506,44,5717800,Wheel Rim WR-24,Undercarriage,643.0,-21.30637636080871
2021-03,P018,557,50,6294100,Wheel Rim WR-24,Undercarriage,506.0,10.079051383399209
2021-04,P018,566,53,6395800,Wheel Rim WR-24,Undercarriage,557.0,1.615798922800718
2021-05,P018,602,51,6802600,Wheel Rim WR-24,Undercarriage,566.0,6.36042402826855
2021-06,P018,597,47,6746100,Wheel Rim WR-24,Undercarriage,602.0,-0.8305647840531563
2021-07,P018,453,49,5118900,Wheel Rim WR-24,Undercarriage,597.0,-24.120603015075375
2021-08,P018,684,59,7729200,Wheel Rim WR-24,Undercarriage,453.0,50.993377483443716
2021-09,P018,709,60,8011700,Wheel Rim WR-24,Undercarriage,684.0,3.654970760233918
2021-10,P018,848,63,9582400,Wheel Rim WR-24,Undercarriage,709.0,19.605077574047954
2021-11,P018,840,59,9492000,Wheel Rim WR-24,Undercarriage,848.0,-0.9433962264150944
2021-12,P018,709,62,8011700,Wheel Rim WR-24,Undercarriage,840.0,-15.595238095238095
2022-01,P018,504,52,5695200,Wheel Rim WR-24,Undercarriage,709.0,-28.913963328631876
2022-02,P018,506,45,5717800,Wheel Rim WR-24,Undercarriage,504.0,0.3968253968253968
2022-03,P018,549,46,6203700,Wheel Rim WR-24,Undercarriage,506.0,8.49802371541502
2022-04,P018,689,49,7785700,Wheel Rim WR-24,Undercarriage,549.0,25.500910746812387
2022-05,P018,759,58,8576700,Wheel Rim WR-24,Undercarriage,689.0,10.159651669085632
2022-06,P018,784,61,8859200,Wheel Rim WR-24,Undercarriage,759.0,3.293807641633729
2022-07,P018,640,50,7232000,Wheel Rim WR-24,Undercarriage,784.0,-18.367346938775512
2022-08,P018,711,60,8034300,Wheel Rim WR-24,Undercarriage,640.0,11.09375
2022-09,P018,631,57,7130300,Wheel Rim WR-24,Undercarriage,711.0,-11.251758087201125
2022-10,P018,536,46,6056800,Wheel Rim WR-24,Undercarriage,631.0,-15.055467511885896
2022-11,P018,441,31,4983300,Wheel Rim WR-24,Undercarriage,536.0,-17.723880597014926
2022-12,P018,490,45,5537000,Wheel Rim WR-24,Undercarriage,441.0,11.11111111111111
2023-01,P018,597,47,6746100,Wheel Rim WR-24,Undercarriage,490.0,21.836734693877553
2023-02,P018,543,46,6135900,Wheel Rim WR-24,Undercarriage,597.0,-9.045226130653267
2023-03,P018,711,54,8034300,Wheel Rim WR-24,Undercarriage,543.0,30.939226519337016
2023-04,P018,623,58,7039900,Wheel Rim WR-24,Undercarriage,711.0,-12.376933895921239
2023-05,P018,633,50,7152900,Wheel Rim WR-24,Undercarriage,623.0,1.6051364365971106
2023-06,P018,660,58,7458000,Wheel Rim WR-24,Undercarriage,633.0,4.265402843601896
2023-07,P018,800,68,9040000,Wheel Rim WR-24,Undercarriage,660.0,21.21212121212121
2023-08,P018,636,56,7186800,Wheel Rim WR-24,Undercarriage,800.0,-20.5
2023-09,P018,753,63,8508900,Wheel Rim WR-24,Undercarriage,636.0,18.39622641509434
2023-10,P018,556,48,6282800,Wheel Rim WR-24,Undercarriage,753.0,-26.162018592297475
2023-11,P018,696,58,7864800,Wheel Rim WR-24,Undercarriage,556.0,25.179856115107913
2023-12,P018,572,50,6463600,Wheel Rim WR-24,Undercarriage,696.0,-17.81609195402299
2024-01,P018,779,65,8802700,Wheel Rim WR-24,Undercarriage,572.0,36.18881118881119
2024-02,P018,479,36,5412700,Wheel Rim WR-24,Undercarriage,779.0,-38.51091142490372
2024-03,P018,576,54,6508800,Wheel Rim WR-24,Undercarriage,479.0,20.250521920668056
2024-04,P018,483,49,5457900,Wheel Rim WR-24,Undercarriage,576.0,-16.145833333333336
2024-05,P018,544,45,6147200,Wheel Rim WR-24,Undercarriage,483.0,12.629399585921325
2024-06,P018,608,55,6870400,Wheel Rim WR-24,Undercarriage,544.0,11.76470588235294
2024-07,P018,588,53,6644400,Wheel Rim WR-24,Undercarriage,608.0,-3.289473684210526
2024-08,P018,580,49,6554000,Wheel Rim WR-24,Undercarriage,588.0,-1.3605442176870748
2024-09,P018,778,56,8791400,Wheel Rim WR-24,Undercarriage,580.0,34.13793103448276
2024-10,P018,588,44,6644400,Wheel Rim WR-24,Undercarriage,778.0,-24.42159383033419
2024-11,P018,585,54,6610500,Wheel Rim WR-24,Undercarriage,588.0,-0.5102040816326531
2024-12,P018,485,38,5480500,Wheel Rim WR-24,Undercarriage,585.0,-17.094017094017094
2019-01,P019,786,57,31282800,Swing Motor SWM-350,Hydraulic,,
2019-02,P019,487,41,19382600,Swing Motor SWM-350,Hydraulic,786.0,-38.040712468193384
2019-03,P019,608,55,24198400,Swing Motor SWM-350,Hydraulic,487.0,24.84599589322382
2019-04,P019,494,46,19661200,Swing Motor SWM-350,Hydraulic,608.0,-18.75
2019-05,P019,621,53,24715800,Swing Motor SWM-350,Hydraulic,494.0,25.708502024291498
2019-06,P019,611,46,24317800,Swing Motor SWM-350,Hydraulic,621.0,-1.610305958132045
2019-07,P019,835,65,33233000,Swing Motor SWM-350,Hydraulic,611.0,36.661211129296234
2019-08,P019,808,68,32158400,Swing Motor SWM-350,Hydraulic,835.0,-3.2335329341317367
2019-09,P019,652,53,25949600,Swing Motor SWM-350,Hydraulic,808.0,-19.306930693069308
2019-10,P019,643,50,25591400,Swing Motor SWM-350,Hydraulic,652.0,-1.3803680981595092
2019-11,P019,539,49,21452200,Swing Motor SWM-350,Hydraulic,643.0,-16.174183514774494
2019-12,P019,658,59,26188400,Swing Motor SWM-350,Hydraulic,539.0,22.07792207792208
2020-01,P019,574,49,22845200,Swing Motor SWM-350,Hydraulic,658.0,-12.76595744680851
2020-02,P019,615,51,24477000,Swing Motor SWM-350,Hydraulic,574.0,7.142857142857142
2020-03,P019,799,62,31800200,Swing Motor SWM-350,Hydraulic,615.0,29.91869918699187
2020-04,P019,561,46,22327800,Swing Motor SWM-350,Hydraulic,799.0,-29.78723404255319
2020-05,P019,732,67,29133600,Swing Motor SWM-350,Hydraulic,561.0,30.481283422459892
2020-06,P019,492,45,19581600,Swing Motor SWM-350,Hydraulic,732.0,-32.78688524590164
2020-07,P019,716,68,28496800,Swing Motor SWM-350,Hydraulic,492.0,45.52845528455284
2020-08,P019,772,68,30725600,Swing Motor SWM-350,Hydraulic,716.0,7.82122905027933
2020-09,P019,605,50,24079000,Swing Motor SWM-350,Hydraulic,772.0,-21.632124352331605
2020-10,P019,534,46,21253200,Swing Motor SWM-350,Hydraulic,605.0,-11.735537190082644
2020-11,P019,848,61,33750400,Swing Motor SWM-350,Hydraulic,534.0,58.80149812734082
2020-12,P019,872,76,34705600,Swing Motor SWM-350,Hydraulic,848.0,2.8301886792452833
2021-01,P019,693,54,27581400,Swing Motor SWM-350,Hydraulic,872.0,-20.527522935779814
2021-02,P019,649,56,25830200,Swing Motor SWM-350,Hydraulic,693.0,-6.349206349206349
2021-03,P019,542,43,21571600,Swing Motor SWM-350,Hydraulic,649.0,-16.486902927580893
2021-04,P019,556,50,22128800,Swing Motor SWM-350,Hydraulic,542.0,2.5830258302583027
2021-05,P019,541,49,21531800,Swing Motor SWM-350,Hydraulic,556.0,-2.697841726618705
2021-06,P019,674,45,26825200,Swing Motor SWM-350,Hydraulic,541.0,24.58410351201479
2021-07,P019,569,47,22646200,Swing Motor SWM-350,Hydraulic,674.0,-15.578635014836795
2021-08,P019,764,56,30407200,Swing Motor SWM-350,Hydraulic,569.0,34.27065026362039
2021-09,P019,659,50,26228200,Swing Motor SWM-350,Hydraulic,764.0,-13.743455497382199
2021-10,P019,779,64,31004200,Swing Motor SWM-350,Hydraulic,659.0,18.209408194233685
2021-11,P019,514,47,20457200,Swing Motor SWM-350,Hydraulic,779.0,-34.017971758664956
2021-12,P019,617,53,24556600,Swing Motor SWM-350,Hydraulic,514.0,20.038910505836576
2022-01,P019,716,62,28496800,Swing Motor SWM-350,Hydraulic,617.0,16.045380875202593
2022-02,P019,664,58,26427200,Swing Motor SWM-350,Hydraulic,716.0,-7.262569832402235
2022-03,P019,525,56,20895000,Swing Motor SWM-350,Hydraulic,664.0,-20.933734939759034
2022-04,P019,556,50,22128800,Swing Motor SWM-350,Hydraulic,525.0,5.904761904761905
2022-05,P019,630,56,25074000,Swing Motor SWM-350,Hydraulic,556.0,13.309352517985612
2022-06,P019,594,47,23641200,Swing Motor SWM-350,Hydraulic,630.0,-5.714285714285714
2022-07,P019,626,54,24914800,Swing Motor SWM-350,Hydraulic,594.0,5.387205387205387
2022-08,P019,719,64,28616200,Swing Motor SWM-350,Hydraulic,626.0,14.856230031948881
2022-09,P019,592,47,23561600,Swing Motor SWM-350,Hydraulic,719.0,-17.663421418636997
2022-10,P019,581,50,23123800,Swing Motor SWM-350,Hydraulic,592.0,-1.8581081081081081
2022-11,P019,451,43,17949800,Swing Motor SWM-350,Hydraulic,581.0,-22.375215146299485
2022-12,P019,713,53,28377400,Swing Motor SWM-350,Hydraulic,451.0,58.09312638580931
2023-01,P019,489,42,19462200,Swing Motor SWM-350,Hydraulic,713.0,-31.416549789621318
2023-02,P019,588,49,23402400,Swing Motor SWM-350,Hydraulic,489.0,20.245398773006134
2023-03,P019,880,73,35024000,Swing Motor SWM-350,Hydraulic,588.0,49.65986394557823
2023-04,P019,708,57,28178400,Swing Motor SWM-350,Hydraulic,880.0,-19.545454545454547
2023-05,P019,511,45,20337800,Swing Motor SWM-350,Hydraulic,708.0,-27.82485875706215
2023-06,P019,666,59,26506800,Swing Motor SWM-350,Hydraulic,511.0,30.332681017612522
2023-07,P019,543,45,21611400,Swing Motor SWM-350,Hydraulic,666.0,-18.46846846846847
2023-08,P019,712,60,28337600,Swing Motor SWM-350,Hydraulic,543.0,31.123388581952117
2023-09,P019,732,57,29133600,Swing Motor SWM-350,Hydraulic,712.0,2.8089887640449436
2023-10,P019,564,53,22447200,Swing Motor SWM-350,Hydraulic,732.0,-22.950819672131146
2023-11,P019,796,63,31680800,Swing Motor SWM-350,Hydraulic,564.0,41.13475177304964
2023-12,P019,964,67,38367200,Swing Motor SWM-350,Hydraulic,796.0,21.105527638190953
2024-01,P019,569,51,22646200,Swing Motor SWM-350,Hydraulic,964.0,-40.975103734439834
2024-02,P019,607,46,24158600,Swing Motor SWM-350,Hydraulic,569.0,6.6783831282952555
2024-03,P019,580,49,23084000,Swing Motor SWM-350,Hydraulic,607.0,-4.448105436573312
2024-04,P019,488,42,19422400,Swing Motor SWM-350,Hydraulic,580.0,-15.862068965517242
2024-05,P019,492,45,19581600,Swing Motor SWM-350,Hydraulic,488.0,0.819672131147541
2024-06,P019,517,46,20576600,Swing Motor SWM-350,Hydraulic,492.0,5.08130081300813
2024-07,P019,640,50,25472000,Swing Motor SWM-350,Hydraulic,517.0,23.791102514506772
2024-08,P019,566,50,22526800,Swing Motor SWM-350,Hydraulic,640.0,-11.5625
2024-09,P019,730,60,29054000,Swing Motor SWM-350,Hydraulic,566.0,28.975265017667844
2024-10,P019,649,54,25830200,Swing Motor SWM-350,Hydraulic,730.0,-11.095890410958905
2024-11,P019,552,51,21969600,Swing Motor SWM-350,Hydraulic,649.0,-14.946070878274268
2024-12,P019,642,50,25551600,Swing Motor SWM-350,Hydraulic,552.0,16.304347826086957
2019-01,P020,569,49,654350,Pivot Pin PP-12,Pins & Bushes,,
2019-02,P020,650,54,747500,Pivot Pin PP-12,Pins & Bushes,569.0,14.235500878734623
2019-03,P020,605,51,695750,Pivot Pin PP-12,Pins & Bushes,650.0,-6.923076923076923
2019-04,P020,705,59,810750,Pivot Pin PP-12,Pins & Bushes,605.0,16.528925619834713
2019-05,P020,651,52,748650,Pivot Pin PP-12,Pins & Bushes,705.0,-7.659574468085106
2019-06,P020,562,50,646300,Pivot Pin PP-12,Pins & Bushes,651.0,-13.671274961597543
2019-07,P020,736,60,846400,Pivot Pin PP-12,Pins & Bushes,562.0,30.96085409252669
2019-08,P020,780,66,897000,Pivot Pin PP-12,Pins & Bushes,736.0,5.978260869565218
2019-09,P020,752,59,864800,Pivot Pin PP-12,Pins & Bushes,780.0,-3.5897435897435894
2019-10,P020,654,42,752100,Pivot Pin PP-12,Pins & Bushes,752.0,-13.031914893617023
2019-11,P020,616,57,708400,Pivot Pin PP-12,Pins & Bushes,654.0,-5.81039755351682
2019-12,P020,535,43,615250,Pivot Pin PP-12,Pins & Bushes,616.0,-13.14935064935065
2020-01,P020,761,57,875150,Pivot Pin PP-12,Pins & Bushes,535.0,42.242990654205606
2020-02,P020,623,48,716450,Pivot Pin PP-12,Pins & Bushes,761.0,-18.134034165571617
2020-03,P020,575,45,661250,Pivot Pin PP-12,Pins & Bushes,623.0,-7.704654895666131
2020-04,P020,627,53,721050,Pivot Pin PP-12,Pins & Bushes,575.0,9.043478260869566
2020-05,P020,759,60,872850,Pivot Pin PP-12,Pins & Bushes,627.0,21.052631578947366
2020-06,P020,505,48,580750,Pivot Pin PP-12,Pins & Bushes,759.0,-33.46508563899868
2020-07,P020,698,67,802700,Pivot Pin PP-12,Pins & Bushes,505.0,38.21782178217822
2020-08,P020,696,65,800400,Pivot Pin PP-12,Pins & Bushes,698.0,-0.28653295128939826
2020-09,P020,544,46,625600,Pivot Pin PP-12,Pins & Bushes,696.0,-21.839080459770116
2020-10,P020,592,52,680800,Pivot Pin PP-12,Pins & Bushes,544.0,8.823529411764707
2020-11,P020,849,61,976350,Pivot Pin PP-12,Pins & Bushes,592.0,43.41216216216216
2020-12,P020,705,60,810750,Pivot Pin PP-12,Pins & Bushes,849.0,-16.96113074204947
2021-01,P020,629,59,723350,Pivot Pin PP-12,Pins & Bushes,705.0,-10.78014184397163
2021-02,P020,623,57,716450,Pivot Pin PP-12,Pins & Bushes,629.0,-0.9538950715421303
2021-03,P020,583,53,670450,Pivot Pin PP-12,Pins & Bushes,623.0,-6.420545746388442
2021-04,P020,529,45,608350,Pivot Pin PP-12,Pins & Bushes,583.0,-9.262435677530018
2021-05,P020,710,54,816500,Pivot Pin PP-12,Pins & Bushes,529.0,34.215500945179585
2021-06,P020,406,38,466900,Pivot Pin PP-12,Pins & Bushes,710.0,-42.816901408450704
2021-07,P020,646,56,742900,Pivot Pin PP-12,Pins & Bushes,406.0,59.11330049261084
2021-08,P020,687,54,790050,Pivot Pin PP-12,Pins & Bushes,646.0,6.3467492260061915
2021-09,P020,575,53,661250,Pivot Pin PP-12,Pins & Bushes,687.0,-16.302765647743815
2021-10,P020,637,54,732550,Pivot Pin PP-12,Pins & Bushes,575.0,10.782608695652174
2021-11,P020,656,60,754400,Pivot Pin PP-12,Pins & Bushes,637.0,2.9827315541601256
2021-12,P020,633,57,727950,Pivot Pin PP-12,Pins & Bushes,656.0,-3.50609756097561
2022-01,P020,761,60,875150,Pivot Pin PP-12,Pins & Bushes,633.0,20.221169036334913
2022-02,P020,577,47,663550,Pivot Pin PP-12,Pins & Bushes,761.0,-24.178712220762154
2022-03,P020,659,52,757850,Pivot Pin PP-12,Pins & Bushes,577.0,14.211438474870016
2022-04,P020,524,46,602600,Pivot Pin PP-12,Pins & Bushes,659.0,-20.485584218512898
2022-05,P020,753,60,865950,Pivot Pin PP-12,Pins & Bushes,524.0,43.70229007633588
2022-06,P020,370,34,425500,Pivot Pin PP-12,Pins & Bushes,753.0,-50.863213811420984
2022-07,P020,577,48,663550,Pivot Pin PP-12,Pins & Bushes,370.0,55.945945945945944
2022-08,P020,888,63,1021200,Pivot Pin PP-12,Pins & Bushes,577.0,53.89948006932409
2022-09,P020,366,42,420900,Pivot Pin PP-12,Pins & Bushes,888.0,-58.78378378378378
2022-10,P020,577,50,663550,Pivot Pin PP-12,Pins & Bushes,366.0,57.650273224043715
2022-11,P020,658,50,756700,Pivot Pin PP-12,Pins & Bushes,577.0,14.038128249566725
2022-12,P020,572,51,657800,Pivot Pin PP-12,Pins & Bushes,658.0,-13.069908814589665
2023-01,P020,535,46,615250,Pivot Pin PP-12,Pins & Bushes,572.0,-6.468531468531468
2023-02,P020,624,47,717600,Pivot Pin PP-12,Pins & Bushes,535.0,16.635514018691588
2023-03,P020,783,62,900450,Pivot Pin PP-12,Pins & Bushes,624.0,25.48076923076923
2023-04,P020,723,62,831450,Pivot Pin PP-12,Pins & Bushes,783.0,-7.662835249042145
2023-05,P020,579,50,665850,Pivot Pin PP-12,Pins & Bushes,723.0,-19.91701244813278
2023-06,P020,591,50,679650,Pivot Pin PP-12,Pins & Bushes,579.0,2.072538860103627
2023-07,P020,621,55,714150,Pivot Pin PP-12,Pins & Bushes,591.0,5.0761421319796955
2023-08,P020,635,52,730250,Pivot Pin PP-12,Pins & Bushes,621.0,2.254428341384863
2023-09,P020,826,65,949900,Pivot Pin PP-12,Pins & Bushes,635.0,30.078740157480315
2023-10,P020,659,48,757850,Pivot Pin PP-12,Pins & Bushes,826.0,-20.217917675544793
2023-11,P020,627,53,721050,Pivot Pin PP-12,Pins & Bushes,659.0,-4.855842185128983
2023-12,P020,522,48,600300,Pivot Pin PP-12,Pins & Bushes,627.0,-16.74641148325359
2024-01,P020,605,57,695750,Pivot Pin PP-12,Pins & Bushes,522.0,15.900383141762454
2024-02,P020,561,51,645150,Pivot Pin PP-12,Pins & Bushes,605.0,-7.2727272727272725
2024-03,P020,600,50,690000,Pivot Pin PP-12,Pins & Bushes,561.0,6.951871657754011
2024-04,P020,534,47,614100,Pivot Pin PP-12,Pins & Bushes,600.0,-11.0
2024-05,P020,629,54,723350,Pivot Pin PP-12,Pins & Bushes,534.0,17.790262172284642
2024-06,P020,548,53,630200,Pivot Pin PP-12,Pins & Bushes,629.0,-12.87758346581876
2024-07,P020,668,57,768200,Pivot Pin PP-12,Pins & Bushes,548.0,21.897810218978105
2024-08,P020,739,62,849850,Pivot Pin PP-12,Pins & Bushes,668.0,10.62874251497006
2024-09,P020,655,55,753250,Pivot Pin PP-12,Pins & Bushes,739.0,-11.366711772665765
2024-10,P020,571,46,656650,Pivot Pin PP-12,Pins & Bushes,655.0,-12.82442748091603
2024-11,P020,649,60,746350,Pivot Pin PP-12,Pins & Bushes,571.0,13.660245183887914
2024-12,P020,511,46,587650,Pivot Pin PP-12,Pins & Bushes,649.0,-21.263482280431433
2019-01,P021,707,53,32663400,Boom Cylinder BC-400,Hydraulic,,
2019-02,P021,486,41,22453200,Boom Cylinder BC-400,Hydraulic,707.0,-31.25884016973126
2019-03,P021,782,62,36128400,Boom Cylinder BC-400,Hydraulic,486.0,60.90534979423868
2019-04,P021,803,61,37098600,Boom Cylinder BC-400,Hydraulic,782.0,2.6854219948849107
2019-05,P021,672,50,31046400,Boom Cylinder BC-400,Hydraulic,803.0,-16.313823163138235
2019-06,P021,625,55,28875000,Boom Cylinder BC-400,Hydraulic,672.0,-6.9940476190476195
2019-07,P021,715,56,33033000,Boom Cylinder BC-400,Hydraulic,625.0,14.399999999999999
2019-08,P021,597,51,27581400,Boom Cylinder BC-400,Hydraulic,715.0,-16.503496503496503
2019-09,P021,649,50,29983800,Boom Cylinder BC-400,Hydraulic,597.0,8.710217755443885
2019-10,P021,685,52,31647000,Boom Cylinder BC-400,Hydraulic,649.0,5.546995377503852
2019-11,P021,625,48,28875000,Boom Cylinder BC-400,Hydraulic,685.0,-8.75912408759124
2019-12,P021,481,50,22222200,Boom Cylinder BC-400,Hydraulic,625.0,-23.04
2020-01,P021,545,48,25179000,Boom Cylinder BC-400,Hydraulic,481.0,13.305613305613306
2020-02,P021,430,41,19866000,Boom Cylinder BC-400,Hydraulic,545.0,-21.100917431192663
2020-03,P021,559,58,25825800,Boom Cylinder BC-400,Hydraulic,430.0,30.0
2020-04,P021,522,40,24116400,Boom Cylinder BC-400,Hydraulic,559.0,-6.618962432915922
2020-05,P021,756,60,34927200,Boom Cylinder BC-400,Hydraulic,522.0,44.827586206896555
2020-06,P021,677,53,31277400,Boom Cylinder BC-400,Hydraulic,756.0,-10.44973544973545
2020-07,P021,766,67,35389200,Boom Cylinder BC-400,Hydraulic,677.0,13.146233382570163
2020-08,P021,615,53,28413000,Boom Cylinder BC-400,Hydraulic,766.0,-19.712793733681462
2020-09,P021,696,53,32155200,Boom Cylinder BC-400,Hydraulic,615.0,13.170731707317074
2020-10,P021,574,51,26518800,Boom Cylinder BC-400,Hydraulic,696.0,-17.52873563218391
2020-11,P021,561,46,25918200,Boom Cylinder BC-400,Hydraulic,574.0,-2.264808362369338
2020-12,P021,885,75,40887000,Boom Cylinder BC-400,Hydraulic,561.0,57.75401069518716
2021-01,P021,628,51,29013600,Boom Cylinder BC-400,Hydraulic,885.0,-29.039548022598872
2021-02,P021,750,63,34650000,Boom Cylinder BC-400,Hydraulic,628.0,19.426751592356688
2021-03,P021,528,44,24393600,Boom Cylinder BC-400,Hydraulic,750.0,-29.599999999999998
2021-04,P021,714,52,32986800,Boom Cylinder BC-400,Hydraulic,528.0,35.22727272727273
2021-05,P021,924,64,42688800,Boom Cylinder BC-400,Hydraulic,714.0,29.411764705882355
2021-06,P021,433,40,20004600,Boom Cylinder BC-400,Hydraulic,924.0,-53.13852813852814
2021-07,P021,691,51,31924200,Boom Cylinder BC-400,Hydraulic,433.0,59.58429561200924
2021-08,P021,671,57,31000200,Boom Cylinder BC-400,Hydraulic,691.0,-2.894356005788712
2021-09,P021,619,59,28597800,Boom Cylinder BC-400,Hydraulic,671.0,-7.749627421758569
2021-10,P021,613,51,28320600,Boom Cylinder BC-400,Hydraulic,619.0,-0.9693053311793215
2021-11,P021,728,60,33633600,Boom Cylinder BC-400,Hydraulic,613.0,18.76019575856444
2021-12,P021,787,65,36359400,Boom Cylinder BC-400,Hydraulic,728.0,8.104395604395604
2022-01,P021,742,66,34280400,Boom Cylinder BC-400,Hydraulic,787.0,-5.717916137229987
2022-02,P021,474,44,21898800,Boom Cylinder BC-400,Hydraulic,742.0,-36.118598382749326
2022-03,P021,677,58,31277400,Boom Cylinder BC-400,Hydraulic,474.0,42.82700421940928
2022-04,P021,581,53,26842200,Boom Cylinder BC-400,Hydraulic,677.0,-14.180206794682423
2022-05,P021,890,62,41118000,Boom Cylinder BC-400,Hydraulic,581.0,53.184165232358005
2022-06,P021,679,60,31369800,Boom Cylinder BC-400,Hydraulic,890.0,-23.70786516853933
2022-07,P021,603,50,27858600,Boom Cylinder BC-400,Hydraulic,679.0,-11.192930780559648
2022-08,P021,583,53,26934600,Boom Cylinder BC-400,Hydraulic,603.0,-3.316749585406302
2022-09,P021,666,52,30769200,Boom Cylinder BC-400,Hydraulic,583.0,14.236706689536879
2022-10,P021,636,62,29383200,Boom Cylinder BC-400,Hydraulic,666.0,-4.504504504504505
2022-11,P021,655,54,30261000,Boom Cylinder BC-400,Hydraulic,636.0,2.9874213836477987
2022-12,P021,744,66,34372800,Boom Cylinder BC-400,Hydraulic,655.0,13.587786259541984
2023-01,P021,642,55,29660400,Boom Cylinder BC-400,Hydraulic,744.0,-13.709677419354838
2023-02,P021,491,47,22684200,Boom Cylinder BC-400,Hydraulic,642.0,-23.5202492211838
2023-03,P021,610,56,28182000,Boom Cylinder BC-400,Hydraulic,491.0,24.236252545824847
2023-04,P021,596,55,27535200,Boom Cylinder BC-400,Hydraulic,610.0,-2.2950819672131146
2023-05,P021,584,50,26980800,Boom Cylinder BC-400,Hydraulic,596.0,-2.013422818791946
2023-06,P021,785,65,36267000,Boom Cylinder BC-400,Hydraulic,584.0,34.417808219178085
2023-07,P021,620,56,28644000,Boom Cylinder BC-400,Hydraulic,785.0,-21.019108280254777
2023-08,P021,537,44,24809400,Boom Cylinder BC-400,Hydraulic,620.0,-13.38709677419355
2023-09,P021,628,56,29013600,Boom Cylinder BC-400,Hydraulic,537.0,16.945996275605214
2023-10,P021,521,54,24070200,Boom Cylinder BC-400,Hydraulic,628.0,-17.038216560509554
2023-11,P021,596,47,27535200,Boom Cylinder BC-400,Hydraulic,521.0,14.39539347408829
2023-12,P021,540,50,24948000,Boom Cylinder BC-400,Hydraulic,596.0,-9.395973154362416
2024-01,P021,708,58,32709600,Boom Cylinder BC-400,Hydraulic,540.0,31.11111111111111
2024-02,P021,734,52,33910800,Boom Cylinder BC-400,Hydraulic,708.0,3.672316384180791
2024-03,P021,800,62,36960000,Boom Cylinder BC-400,Hydraulic,734.0,8.991825613079019
2024-04,P021,585,45,27027000,Boom Cylinder BC-400,Hydraulic,800.0,-26.875
2024-05,P021,403,37,18618600,Boom Cylinder BC-400,Hydraulic,585.0,-31.11111111111111
2024-06,P021,890,65,41118000,Boom Cylinder BC-400,Hydraulic,403.0,120.84367245657567
2024-07,P021,642,56,29660400,Boom Cylinder BC-400,Hydraulic,890.0,-27.86516853932584
2024-08,P021,632,58,29198400,Boom Cylinder BC-400,Hydraulic,642.0,-1.557632398753894
2024-09,P021,537,48,24809400,Boom Cylinder BC-400,Hydraulic,632.0,-15.031645569620252
2024-10,P021,607,46,28043400,Boom Cylinder BC-400,Hydraulic,537.0,13.03538175046555
2024-11,P021,702,56,32432400,Boom Cylinder BC-400,Hydraulic,607.0,15.650741350906095
2024-12,P021,545,44,25179000,Boom Cylinder BC-400,Hydraulic,702.0,-22.364672364672362
2019-01,P022,731,57,12353900,Control Valve CV-75,Hydraulic,,
2019-02,P022,469,43,7926100,Control Valve CV-75,Hydraulic,731.0,-35.841313269493845
2019-03,P022,556,52,9396400,Control Valve CV-75,Hydraulic,469.0,18.550106609808104
2019-04,P022,708,54,11965200,Control Valve CV-75,Hydraulic,556.0,27.33812949640288
2019-05,P022,709,56,11982100,Control Valve CV-75,Hydraulic,708.0,0.14124293785310735
2019-06,P022,656,60,11086400,Control Valve CV-75,Hydraulic,709.0,-7.475317348377997
2019-07,P022,895,66,15125500,Control Valve CV-75,Hydraulic,656.0,36.43292682926829
2019-08,P022,726,61,12269400,Control Valve CV-75,Hydraulic,895.0,-18.88268156424581
2019-09,P022,735,58,12421500,Control Valve CV-75,Hydraulic,726.0,1.2396694214876034
2019-10,P022,586,50,9903400,Control Valve CV-75,Hydraulic,735.0,-20.272108843537413
2019-11,P022,637,61,10765300,Control Valve CV-75,Hydraulic,586.0,8.70307167235495
2019-12,P022,617,52,10427300,Control Valve CV-75,Hydraulic,637.0,-3.139717425431711
2020-01,P022,464,50,7841600,Control Valve CV-75,Hydraulic,617.0,-24.79740680713128
2020-02,P022,570,50,9633000,Control Valve CV-75,Hydraulic,464.0,22.844827586206897
2020-03,P022,677,59,11441300,Control Valve CV-75,Hydraulic,570.0,18.771929824561404
2020-04,P022,515,48,8703500,Control Valve CV-75,Hydraulic,677.0,-23.929098966026586
2020-05,P022,589,58,9954100,Control Valve CV-75,Hydraulic,515.0,14.36893203883495
2020-06,P022,592,51,10004800,Control Valve CV-75,Hydraulic,589.0,0.5093378607809848
2020-07,P022,790,71,13351000,Control Valve CV-75,Hydraulic,592.0,33.44594594594595
2020-08,P022,634,60,10714600,Control Valve CV-75,Hydraulic,790.0,-19.746835443037973
2020-09,P022,515,45,8703500,Control Valve CV-75,Hydraulic,634.0,-18.769716088328074
2020-10,P022,594,52,10038600,Control Valve CV-75,Hydraulic,515.0,15.339805825242719
2020-11,P022,523,48,8838700,Control Valve CV-75,Hydraulic,594.0,-11.952861952861953
2020-12,P022,683,59,11542700,Control Valve CV-75,Hydraulic,523.0,30.592734225621417
2021-01,P022,617,58,10427300,Control Valve CV-75,Hydraulic,683.0,-9.66325036603221
2021-02,P022,676,54,11424400,Control Valve CV-75,Hydraulic,617.0,9.562398703403566
2021-03,P022,708,51,11965200,Control Valve CV-75,Hydraulic,676.0,4.733727810650888
2021-04,P022,656,51,11086400,Control Valve CV-75,Hydraulic,708.0,-7.344632768361582
2021-05,P022,654,53,11052600,Control Valve CV-75,Hydraulic,656.0,-0.3048780487804878
2021-06,P022,541,47,9142900,Control Valve CV-75,Hydraulic,654.0,-17.2782874617737
2021-07,P022,555,53,9379500,Control Valve CV-75,Hydraulic,541.0,2.5878003696857674
2021-08,P022,749,62,12658100,Control Valve CV-75,Hydraulic,555.0,34.95495495495496
2021-09,P022,638,58,10782200,Control Valve CV-75,Hydraulic,749.0,-14.819759679572764
2021-10,P022,532,45,8990800,Control Valve CV-75,Hydraulic,638.0,-16.614420062695924
2021-11,P022,599,55,10123100,Control Valve CV-75,Hydraulic,532.0,12.593984962406015
2021-12,P022,779,60,13165100,Control Valve CV-75,Hydraulic,599.0,30.05008347245409
2022-01,P022,650,51,10985000,Control Valve CV-75,Hydraulic,779.0,-16.5596919127086
2022-02,P022,506,42,8551400,Control Valve CV-75,Hydraulic,650.0,-22.153846153846153
2022-03,P022,584,53,9869600,Control Valve CV-75,Hydraulic,506.0,15.41501976284585
2022-04,P022,520,46,8788000,Control Valve CV-75,Hydraulic,584.0,-10.95890410958904
2022-05,P022,724,61,12235600,Control Valve CV-75,Hydraulic,520.0,39.23076923076923
2022-06,P022,764,60,12911600,Control Valve CV-75,Hydraulic,724.0,5.524861878453039
2022-07,P022,662,49,11187800,Control Valve CV-75,Hydraulic,764.0,-13.350785340314136
2022-08,P022,799,68,13503100,Control Valve CV-75,Hydraulic,662.0,20.694864048338367
2022-09,P022,543,47,9176700,Control Valve CV-75,Hydraulic,799.0,-32.040050062578224
2022-10,P022,732,54,12370800,Control Valve CV-75,Hydraulic,543.0,34.806629834254146
2022-11,P022,490,50,8281000,Control Valve CV-75,Hydraulic,732.0,-33.060109289617486
2022-12,P022,649,55,10968100,Control Valve CV-75,Hydraulic,490.0,32.44897959183673
2023-01,P022,604,58,10207600,Control Valve CV-75,Hydraulic,649.0,-6.933744221879815
2023-02,P022,575,54,9717500,Control Valve CV-75,Hydraulic,604.0,-4.801324503311259
2023-03,P022,795,65,13435500,Control Valve CV-75,Hydraulic,575.0,38.26086956521739
2023-04,P022,642,53,10849800,Control Valve CV-75,Hydraulic,795.0,-19.245283018867926
2023-05,P022,671,54,11339900,Control Valve CV-75,Hydraulic,642.0,4.517133956386292
2023-06,P022,731,61,12353900,Control Valve CV-75,Hydraulic,671.0,8.941877794336811
2023-07,P022,696,58,11762400,Control Valve CV-75,Hydraulic,731.0,-4.7879616963064295
2023-08,P022,764,60,12911600,Control Valve CV-75,Hydraulic,696.0,9.770114942528735
2023-09,P022,754,58,12742600,Control Valve CV-75,Hydraulic,764.0,-1.3089005235602094
2023-10,P022,546,49,9227400,Control Valve CV-75,Hydraulic,754.0,-27.586206896551722
2023-11,P022,633,52,10697700,Control Valve CV-75,Hydraulic,546.0,15.934065934065933
2023-12,P022,594,52,10038600,Control Valve CV-75,Hydraulic,633.0,-6.161137440758294
2024-01,P022,732,57,12370800,Control Valve CV-75,Hydraulic,594.0,23.232323232323232
2024-02,P022,613,48,10359700,Control Valve CV-75,Hydraulic,732.0,-16.256830601092894
2024-03,P022,655,52,11069500,Control Valve CV-75,Hydraulic,613.0,6.851549755301795
2024-04,P022,518,44,8754200,Control Valve CV-75,Hydraulic,655.0,-20.916030534351147
2024-05,P022,625,51,10562500,Control Valve CV-75,Hydraulic,518.0,20.656370656370658
2024-06,P022,519,42,8771100,Control Valve CV-75,Hydraulic,625.0,-16.96
2024-07,P022,419,44,7081100,Control Valve CV-75,Hydraulic,519.0,-19.26782273603083
2024-08,P022,749,60,12658100,Control Valve CV-75,Hydraulic,419.0,78.75894988066825
2024-09,P022,587,55,9920300,Control Valve CV-75,Hydraulic,749.0,-21.628838451268358
2024-10,P022,711,58,12015900,Control Valve CV-75,Hydraulic,587.0,21.12436115843271
2024-11,P022,735,62,12421500,Control Valve CV-75,Hydraulic,711.0,3.375527426160337
2024-12,P022,453,41,7655700,Control Valve CV-75,Hydraulic,735.0,-38.36734693877551
2019-01,P023,846,63,10955700,Idler Wheel IW-55,Undercarriage,,
2019-02,P023,536,42,6941200,Idler Wheel IW-55,Undercarriage,846.0,-36.64302600472813
2019-03,P023,655,49,8482250,Idler Wheel IW-55,Undercarriage,536.0,22.201492537313435
2019-04,P023,714,57,9246300,Idler Wheel IW-55,Undercarriage,655.0,9.007633587786259
2019-05,P023,532,53,6889400,Idler Wheel IW-55,Undercarriage,714.0,-25.49019607843137
2019-06,P023,461,39,5969950,Idler Wheel IW-55,Undercarriage,532.0,-13.345864661654137
2019-07,P023,598,55,7744100,Idler Wheel IW-55,Undercarriage,461.0,29.718004338394792
2019-08,P023,808,67,10463600,Idler Wheel IW-55,Undercarriage,598.0,35.11705685618729
2019-09,P023,669,57,8663550,Idler Wheel IW-55,Undercarriage,808.0,-17.2029702970297
2019-10,P023,664,47,8598800,Idler Wheel IW-55,Undercarriage,669.0,-0.7473841554559043
2019-11,P023,522,51,6759900,Idler Wheel IW-55,Undercarriage,664.0,-21.385542168674696
2019-12,P023,560,41,7252000,Idler Wheel IW-55,Undercarriage,522.0,7.2796934865900385
2020-01,P023,656,60,8495200,Idler Wheel IW-55,Undercarriage,560.0,17.142857142857142
2020-02,P023,672,56,8702400,Idler Wheel IW-55,Undercarriage,656.0,2.4390243902439024
2020-03,P023,629,49,8145550,Idler Wheel IW-55,Undercarriage,672.0,-6.398809523809524
2020-04,P023,523,46,6772850,Idler Wheel IW-55,Undercarriage,629.0,-16.85214626391097
2020-05,P023,809,63,10476550,Idler Wheel IW-55,Undercarriage,523.0,54.684512428298284
2020-06,P023,381,39,4933950,Idler Wheel IW-55,Undercarriage,809.0,-52.90482076637824
2020-07,P023,701,62,9077950,Idler Wheel IW-55,Undercarriage,381.0,83.98950131233596
2020-08,P023,844,68,10929800,Idler Wheel IW-55,Undercarriage,701.0,20.399429386590583
2020-09,P023,644,58,8339800,Idler Wheel IW-55,Undercarriage,844.0,-23.696682464454977
2020-10,P023,578,45,7485100,Idler Wheel IW-55,Undercarriage,644.0,-10.248447204968944
2020-11,P023,641,60,8300950,Idler Wheel IW-55,Undercarriage,578.0,10.899653979238755
2020-12,P023,528,49,6837600,Idler Wheel IW-55,Undercarriage,641.0,-17.628705148205928
2021-01,P023,742,63,9608900,Idler Wheel IW-55,Undercarriage,528.0,40.53030303030303
2021-02,P023,533,52,6902350,Idler Wheel IW-55,Undercarriage,742.0,-28.167115902964962
2021-03,P023,606,47,7847700,Idler Wheel IW-55,Undercarriage,533.0,13.696060037523452
2021-04,P023,515,44,6669250,Idler Wheel IW-55,Undercarriage,606.0,-15.016501650165019
2021-05,P023,549,51,7109550,Idler Wheel IW-55,Undercarriage,515.0,6.601941747572816
2021-06,P023,590,46,7640500,Idler Wheel IW-55,Undercarriage,549.0,7.468123861566485
2021-07,P023,668,59,8650600,Idler Wheel IW-55,Undercarriage,590.0,13.220338983050848
2021-08,P023,497,45,6436150,Idler Wheel IW-55,Undercarriage,668.0,-25.59880239520958
2021-09,P023,808,64,10463600,Idler Wheel IW-55,Undercarriage,497.0,62.57545271629779
2021-10,P023,681,59,8818950,Idler Wheel IW-55,Undercarriage,808.0,-15.717821782178218
2021-11,P023,528,52,6837600,Idler Wheel IW-55,Undercarriage,681.0,-22.46696035242291
2021-12,P023,746,55,9660700,Idler Wheel IW-55,Undercarriage,528.0,41.28787878787879
2022-01,P023,634,53,8210300,Idler Wheel IW-55,Undercarriage,746.0,-15.013404825737265
2022-02,P023,584,51,7562800,Idler Wheel IW-55,Undercarriage,634.0,-7.886435331230284
2022-03,P023,370,32,4791500,Idler Wheel IW-55,Undercarriage,584.0,-36.64383561643836
2022-04,P023,632,51,8184400,Idler Wheel IW-55,Undercarriage,370.0,70.8108108108108
2022-05,P023,598,55,7744100,Idler Wheel IW-55,Undercarriage,632.0,-5.379746835443038
2022-06,P023,600,50,7770000,Idler Wheel IW-55,Undercarriage,598.0,0.33444816053511706
2022-07,P023,706,53,9142700,Idler Wheel IW-55,Undercarriage,600.0,17.666666666666668
2022-08,P023,671,56,8689450,Idler Wheel IW-55,Undercarriage,706.0,-4.957507082152975
2022-09,P023,649,52,8404550,Idler Wheel IW-55,Undercarriage,671.0,-3.278688524590164
2022-10,P023,678,56,8780100,Idler Wheel IW-55,Undercarriage,649.0,4.468412942989214
2022-11,P023,476,43,6164200,Idler Wheel IW-55,Undercarriage,678.0,-29.793510324483773
2022-12,P023,514,47,6656300,Idler Wheel IW-55,Undercarriage,476.0,7.9831932773109235
2023-01,P023,507,54,6565650,Idler Wheel IW-55,Undercarriage,514.0,-1.3618677042801557
2023-02,P023,633,49,8197350,Idler Wheel IW-55,Undercarriage,507.0,24.85207100591716
2023-03,P023,831,60,10761450,Idler Wheel IW-55,Undercarriage,633.0,31.27962085308057
2023-04,P023,711,58,9207450,Idler Wheel IW-55,Undercarriage,831.0,-14.440433212996389
2023-05,P023,498,46,6449100,Idler Wheel IW-55,Undercarriage,711.0,-29.957805907172997
2023-06,P023,531,46,6876450,Idler Wheel IW-55,Undercarriage,498.0,6.626506024096386
2023-07,P023,546,48,7070700,Idler Wheel IW-55,Undercarriage,531.0,2.824858757062147
2023-08,P023,540,48,6993000,Idler Wheel IW-55,Undercarriage,546.0,-1.098901098901099
2023-09,P023,726,66,9401700,Idler Wheel IW-55,Undercarriage,540.0,34.44444444444444
2023-10,P023,600,45,7770000,Idler Wheel IW-55,Undercarriage,726.0,-17.355371900826448
2023-11,P023,678,54,8780100,Idler Wheel IW-55,Undercarriage,600.0,13.0
2023-12,P023,748,62,9686600,Idler Wheel IW-55,Undercarriage,678.0,10.32448377581121
2024-01,P023,587,55,7601650,Idler Wheel IW-55,Undercarriage,748.0,-21.524064171122994
2024-02,P023,677,50,8767150,Idler Wheel IW-55,Undercarriage,587.0,15.332197614991482
2024-03,P023,594,56,7692300,Idler Wheel IW-55,Undercarriage,677.0,-12.259970457902511
2024-04,P023,560,42,7252000,Idler Wheel IW-55,Undercarriage,594.0,-5.723905723905724
2024-05,P023,586,48,7588700,Idler Wheel IW-55,Undercarriage,560.0,4.642857142857143
2024-06,P023,691,58,8948450,Idler Wheel IW-55,Undercarriage,586.0,17.918088737201366
2024-07,P023,549,47,7109550,Idler Wheel IW-55,Undercarriage,691.0,-20.549927641099856
2024-08,P023,597,45,7731150,Idler Wheel IW-55,Undercarriage,549.0,8.743169398907105
2024-09,P023,729,66,9440550,Idler Wheel IW-55,Undercarriage,597.0,22.110552763819097
2024-10,P023,502,44,6500900,Idler Wheel IW-55,Undercarriage,729.0,-31.13854595336077
2024-11,P023,620,50,8029000,Idler Wheel IW-55,Undercarriage,502.0,23.50597609561753
2024-12,P023,450,45,5827500,Idler Wheel IW-55,Undercarriage,620.0,-27.419354838709676
2019-01,P024,606,54,6241800,Track Roller TR-60,Undercarriage,,
2019-02,P024,474,38,4882200,Track Roller TR-60,Undercarriage,606.0,-21.782178217821784
2019-03,P024,493,41,5077900,Track Roller TR-60,Undercarriage,474.0,4.008438818565401
2019-04,P024,635,55,6540500,Track Roller TR-60,Undercarriage,493.0,28.803245436105477
2019-05,P024,533,48,5489900,Track Roller TR-60,Undercarriage,635.0,-16.062992125984252
2019-06,P024,557,48,5737100,Track Roller TR-60,Undercarriage,533.0,4.50281425891182
2019-07,P024,693,60,7137900,Track Roller TR-60,Undercarriage,557.0,24.416517055655294
2019-08,P024,595,49,6128500,Track Roller TR-60,Undercarriage,693.0,-14.14141414141414
2019-09,P024,572,51,5891600,Track Roller TR-60,Undercarriage,595.0,-3.865546218487395
2019-10,P024,593,55,6107900,Track Roller TR-60,Undercarriage,572.0,3.6713286713286712
2019-11,P024,624,55,6427200,Track Roller TR-60,Undercarriage,593.0,5.227655986509275
2019-12,P024,575,48,5922500,Track Roller TR-60,Undercarriage,624.0,-7.852564102564102
2020-01,P024,616,51,6344800,Track Roller TR-60,Undercarriage,575.0,7.130434782608695
2020-02,P024,511,44,5263300,Track Roller TR-60,Undercarriage,616.0,-17.045454545454543
2020-03,P024,638,51,6571400,Track Roller TR-60,Undercarriage,511.0,24.853228962818
2020-04,P024,732,58,7539600,Track Roller TR-60,Undercarriage,638.0,14.733542319749215
2020-05,P024,700,62,7210000,Track Roller TR-60,Undercarriage,732.0,-4.371584699453552
2020-06,P024,656,56,6756800,Track Roller TR-60,Undercarriage,700.0,-6.2857142857142865
2020-07,P024,760,61,7828000,Track Roller TR-60,Undercarriage,656.0,15.853658536585366
2020-08,P024,718,61,7395400,Track Roller TR-60,Undercarriage,760.0,-5.526315789473684
2020-09,P024,530,51,5459000,Track Roller TR-60,Undercarriage,718.0,-26.18384401114206
2020-10,P024,696,56,7168800,Track Roller TR-60,Undercarriage,530.0,31.32075471698113
2020-11,P024,439,47,4521700,Track Roller TR-60,Undercarriage,696.0,-36.92528735632184
2020-12,P024,601,50,6190300,Track Roller TR-60,Undercarriage,439.0,36.90205011389522
2021-01,P024,509,47,5242700,Track Roller TR-60,Undercarriage,601.0,-15.307820299500833
2021-02,P024,846,62,8713800,Track Roller TR-60,Undercarriage,509.0,66.2082514734774
2021-03,P024,535,46,5510500,Track Roller TR-60,Undercarriage,846.0,-36.7612293144208
2021-04,P024,590,48,6077000,Track Roller TR-60,Undercarriage,535.0,10.2803738317757
2021-05,P024,509,46,5242700,Track Roller TR-60,Undercarriage,590.0,-13.728813559322035
2021-06,P024,616,52,6344800,Track Roller TR-60,Undercarriage,509.0,21.021611001964637
2021-07,P024,724,63,7457200,Track Roller TR-60,Undercarriage,616.0,17.532467532467532
2021-08,P024,604,47,6221200,Track Roller TR-60,Undercarriage,724.0,-16.574585635359114
2021-09,P024,655,53,6746500,Track Roller TR-60,Undercarriage,604.0,8.443708609271523
2021-10,P024,465,46,4789500,Track Roller TR-60,Undercarriage,655.0,-29.00763358778626
2021-11,P024,740,58,7622000,Track Roller TR-60,Undercarriage,465.0,59.13978494623656
2021-12,P024,645,64,6643500,Track Roller TR-60,Undercarriage,740.0,-12.837837837837837
2022-01,P024,630,60,6489000,Track Roller TR-60,Undercarriage,645.0,-2.3255813953488373
2022-02,P024,696,55,7168800,Track Roller TR-60,Undercarriage,630.0,10.476190476190476
2022-03,P024,657,59,6767100,Track Roller TR-60,Undercarriage,696.0,-5.603448275862069
2022-04,P024,586,48,6035800,Track Roller TR-60,Undercarriage,657.0,-10.80669710806697
2022-05,P024,684,51,7045200,Track Roller TR-60,Undercarriage,586.0,16.723549488054605
2022-06,P024,554,53,5706200,Track Roller TR-60,Undercarriage,684.0,-19.005847953216374
2022-07,P024,580,45,5974000,Track Roller TR-60,Undercarriage,554.0,4.693140794223827
2022-08,P024,632,54,6509600,Track Roller TR-60,Undercarriage,580.0,8.96551724137931
2022-09,P024,551,49,5675300,Track Roller TR-60,Undercarriage,632.0,-12.81645569620253
2022-10,P024,472,46,4861600,Track Roller TR-60,Undercarriage,551.0,-14.337568058076226
2022-11,P024,503,47,5180900,Track Roller TR-60,Undercarriage,472.0,6.567796610169492
2022-12,P024,546,47,5623800,Track Roller TR-60,Undercarriage,503.0,8.548707753479125
2023-01,P024,485,39,4995500,Track Roller TR-60,Undercarriage,546.0,-11.172161172161173
2023-02,P024,516,42,5314800,Track Roller TR-60,Undercarriage,485.0,6.391752577319587
2023-03,P024,770,62,7931000,Track Roller TR-60,Undercarriage,516.0,49.224806201550386
2023-04,P024,670,60,6901000,Track Roller TR-60,Undercarriage,770.0,-12.987012987012985
2023-05,P024,635,46,6540500,Track Roller TR-60,Undercarriage,670.0,-5.223880597014925
2023-06,P024,822,62,8466600,Track Roller TR-60,Undercarriage,635.0,29.448818897637796
2023-07,P024,716,55,7374800,Track Roller TR-60,Undercarriage,822.0,-12.895377128953772
2023-08,P024,584,51,6015200,Track Roller TR-60,Undercarriage,716.0,-18.435754189944134
2023-09,P024,614,58,6324200,Track Roller TR-60,Undercarriage,584.0,5.136986301369863
2023-10,P024,449,42,4624700,Track Roller TR-60,Undercarriage,614.0,-26.87296416938111
2023-11,P024,429,47,4418700,Track Roller TR-60,Undercarriage,449.0,-4.4543429844097995
2023-12,P024,710,56,7313000,Track Roller TR-60,Undercarriage,429.0,65.5011655011655
2024-01,P024,567,49,5840100,Track Roller TR-60,Undercarriage,710.0,-20.140845070422536
2024-02,P024,539,46,5551700,Track Roller TR-60,Undercarriage,567.0,-4.938271604938271
2024-03,P024,871,66,8971300,Track Roller TR-60,Undercarriage,539.0,61.59554730983302
2024-04,P024,759,67,7817700,Track Roller TR-60,Undercarriage,871.0,-12.85878300803674
2024-05,P024,674,56,6942200,Track Roller TR-60,Undercarriage,759.0,-11.198945981554678
2024-06,P024,596,59,6138800,Track Roller TR-60,Undercarriage,674.0,-11.572700296735905
2024-07,P024,690,53,7107000,Track Roller TR-60,Undercarriage,596.0,15.771812080536913
2024-08,P024,688,60,7086400,Track Roller TR-60,Undercarriage,690.0,-0.2898550724637681
2024-09,P024,581,55,5984300,Track Roller TR-60,Undercarriage,688.0,-15.55232558139535
2024-10,P024,562,51,5788600,Track Roller TR-60,Undercarriage,581.0,-3.2702237521514634
2024-11,P024,533,41,5489900,Track Roller TR-60,Undercarriage,562.0,-5.160142348754448
2024-12,P024,486,43,5005800,Track Roller TR-60,Undercarriage,533.0,-8.818011257035648
2019-01,P025,543,48,4262550,Cabin Glass CG-20,Cabin,,
2019-02,P025,406,38,3187100,Cabin Glass CG-20,Cabin,543.0,-25.23020257826888
2019-03,P025,805,60,6319250,Cabin Glass CG-20,Cabin,406.0,98.27586206896551
2019-04,P025,688,52,5400800,Cabin Glass CG-20,Cabin,805.0,-14.534161490683232
2019-05,P025,672,54,5275200,Cabin Glass CG-20,Cabin,688.0,-2.3255813953488373
2019-06,P025,679,52,5330150,Cabin Glass CG-20,Cabin,672.0,1.0416666666666665
2019-07,P025,731,66,5738350,Cabin Glass CG-20,Cabin,679.0,7.658321060382916
2019-08,P025,691,57,5424350,Cabin Glass CG-20,Cabin,731.0,-5.471956224350205
2019-09,P025,523,44,4105550,Cabin Glass CG-20,Cabin,691.0,-24.312590448625183
2019-10,P025,440,39,3454000,Cabin Glass CG-20,Cabin,523.0,-15.86998087954111
2019-11,P025,749,61,5879650,Cabin Glass CG-20,Cabin,440.0,70.22727272727273
2019-12,P025,550,45,4317500,Cabin Glass CG-20,Cabin,749.0,-26.56875834445928
2020-01,P025,664,59,5212400,Cabin Glass CG-20,Cabin,550.0,20.727272727272727
2020-02,P025,698,54,5479300,Cabin Glass CG-20,Cabin,664.0,5.120481927710843
2020-03,P025,667,50,5235950,Cabin Glass CG-20,Cabin,698.0,-4.441260744985674
2020-04,P025,744,60,5840400,Cabin Glass CG-20,Cabin,667.0,11.544227886056973
2020-05,P025,533,52,4184050,Cabin Glass CG-20,Cabin,744.0,-28.360215053763444
2020-06,P025,540,49,4239000,Cabin Glass CG-20,Cabin,533.0,1.3133208255159476
2020-07,P025,876,61,6876600,Cabin Glass CG-20,Cabin,540.0,62.22222222222222
2020-08,P025,823,61,6460550,Cabin Glass CG-20,Cabin,876.0,-6.050228310502283
2020-09,P025,588,48,4615800,Cabin Glass CG-20,Cabin,823.0,-28.554070473876063
2020-10,P025,605,49,4749250,Cabin Glass CG-20,Cabin,588.0,2.891156462585034
2020-11,P025,769,61,6036650,Cabin Glass CG-20,Cabin,605.0,27.107438016528924
2020-12,P025,709,55,5565650,Cabin Glass CG-20,Cabin,769.0,-7.802340702210664
2021-01,P025,585,46,4592250,Cabin Glass CG-20,Cabin,709.0,-17.48942172073343
2021-02,P025,711,49,5581350,Cabin Glass CG-20,Cabin,585.0,21.53846153846154
2021-03,P025,726,54,5699100,Cabin Glass CG-20,Cabin,711.0,2.109704641350211
2021-04,P025,631,52,4953350,Cabin Glass CG-20,Cabin,726.0,-13.085399449035812
2021-05,P025,559,50,4388150,Cabin Glass CG-20,Cabin,631.0,-11.410459587955627
2021-06,P025,531,51,4168350,Cabin Glass CG-20,Cabin,559.0,-5.008944543828265
2021-07,P025,652,59,5118200,Cabin Glass CG-20,Cabin,531.0,22.78719397363465
2021-08,P025,640,53,5024000,Cabin Glass CG-20,Cabin,652.0,-1.8404907975460123
2021-09,P025,760,61,5966000,Cabin Glass CG-20,Cabin,640.0,18.75
2021-10,P025,745,69,5848250,Cabin Glass CG-20,Cabin,760.0,-1.9736842105263157
2021-11,P025,564,55,4427400,Cabin Glass CG-20,Cabin,745.0,-24.295302013422816
2021-12,P025,788,67,6185800,Cabin Glass CG-20,Cabin,564.0,39.71631205673759
2022-01,P025,554,57,4348900,Cabin Glass CG-20,Cabin,788.0,-29.695431472081218
2022-02,P025,483,42,3791550,Cabin Glass CG-20,Cabin,554.0,-12.815884476534295
2022-03,P025,686,62,5385100,Cabin Glass CG-20,Cabin,483.0,42.028985507246375
2022-04,P025,490,47,3846500,Cabin Glass CG-20,Cabin,686.0,-28.57142857142857
2022-05,P025,634,59,4976900,Cabin Glass CG-20,Cabin,490.0,29.38775510204082
2022-06,P025,562,52,4411700,Cabin Glass CG-20,Cabin,634.0,-11.35646687697161
2022-07,P025,727,63,5706950,Cabin Glass CG-20,Cabin,562.0,29.359430604982208
2022-08,P025,783,66,6146550,Cabin Glass CG-20,Cabin,727.0,7.702888583218708
2022-09,P025,534,49,4191900,Cabin Glass CG-20,Cabin,783.0,-31.800766283524908
2022-10,P025,550,50,4317500,Cabin Glass CG-20,Cabin,534.0,2.9962546816479403
2022-11,P025,538,44,4223300,Cabin Glass CG-20,Cabin,550.0,-2.181818181818182
2022-12,P025,538,53,4223300,Cabin Glass CG-20,Cabin,538.0,0.0
2023-01,P025,762,63,5981700,Cabin Glass CG-20,Cabin,538.0,41.63568773234201
2023-02,P025,522,48,4097700,Cabin Glass CG-20,Cabin,762.0,-31.496062992125985
2023-03,P025,794,60,6232900,Cabin Glass CG-20,Cabin,522.0,52.10727969348659
2023-04,P025,720,63,5652000,Cabin Glass CG-20,Cabin,794.0,-9.319899244332493
2023-05,P025,665,57,5220250,Cabin Glass CG-20,Cabin,720.0,-7.638888888888889
2023-06,P025,574,57,4505900,Cabin Glass CG-20,Cabin,665.0,-13.684210526315791
2023-07,P025,542,51,4254700,Cabin Glass CG-20,Cabin,574.0,-5.574912891986063
2023-08,P025,735,58,5769750,Cabin Glass CG-20,Cabin,542.0,35.608856088560884
2023-09,P025,732,63,5746200,Cabin Glass CG-20,Cabin,735.0,-0.40816326530612246
2023-10,P025,515,44,4042750,Cabin Glass CG-20,Cabin,732.0,-29.6448087431694
2023-11,P025,528,41,4144800,Cabin Glass CG-20,Cabin,515.0,2.524271844660194
2023-12,P025,568,49,4458800,Cabin Glass CG-20,Cabin,528.0,7.575757575757576
2024-01,P025,556,47,4364600,Cabin Glass CG-20,Cabin,568.0,-2.112676056338028
2024-02,P025,655,49,5141750,Cabin Glass CG-20,Cabin,556.0,17.805755395683455
2024-03,P025,728,65,5714800,Cabin Glass CG-20,Cabin,655.0,11.145038167938932
2024-04,P025,529,39,4152650,Cabin Glass CG-20,Cabin,728.0,-27.335164835164832
2024-05,P025,528,52,4144800,Cabin Glass CG-20,Cabin,529.0,-0.1890359168241966
2024-06,P025,697,52,5471450,Cabin Glass CG-20,Cabin,528.0,32.00757575757576
2024-07,P025,585,50,4592250,Cabin Glass CG-20,Cabin,697.0,-16.06886657101865
2024-08,P025,490,45,3846500,Cabin Glass CG-20,Cabin,585.0,-16.23931623931624
2024-09,P025,563,48,4419550,Cabin Glass CG-20,Cabin,490.0,14.897959183673471
2024-10,P025,677,53,5314450,Cabin Glass CG-20,Cabin,563.0,20.24866785079929
2024-11,P025,654,58,5133900,Cabin Glass CG-20,Cabin,677.0,-3.3973412112259975
2024-12,P025,615,56,4827750,Cabin Glass CG-20,Cabin,654.0,-5.963302752293578
2019-01,P026,558,56,172980,Grease Cartridge GC-5,Lubricants,,
2019-02,P026,434,40,134540,Grease Cartridge GC-5,Lubricants,558.0,-22.22222222222222
2019-03,P026,698,62,216380,Grease Cartridge GC-5,Lubricants,434.0,60.82949308755761
2019-04,P026,625,46,193750,Grease Cartridge GC-5,Lubricants,698.0,-10.458452722063036
2019-05,P026,737,60,228470,Grease Cartridge GC-5,Lubricants,625.0,17.919999999999998
2019-06,P026,584,51,181040,Grease Cartridge GC-5,Lubricants,737.0,-20.759837177747624
2019-07,P026,759,61,235290,Grease Cartridge GC-5,Lubricants,584.0,29.96575342465753
2019-08,P026,781,63,242110,Grease Cartridge GC-5,Lubricants,759.0,2.898550724637681
2019-09,P026,455,41,141050,Grease Cartridge GC-5,Lubricants,781.0,-41.74135723431498
2019-10,P026,505,44,156550,Grease Cartridge GC-5,Lubricants,455.0,10.989010989010989
2019-11,P026,534,48,165540,Grease Cartridge GC-5,Lubricants,505.0,5.742574257425743
2019-12,P026,540,41,167400,Grease Cartridge GC-5,Lubricants,534.0,1.1235955056179776
2020-01,P026,584,56,181040,Grease Cartridge GC-5,Lubricants,540.0,8.148148148148149
2020-02,P026,615,50,190650,Grease Cartridge GC-5,Lubricants,584.0,5.308219178082192
2020-03,P026,420,43,130200,Grease Cartridge GC-5,Lubricants,615.0,-31.70731707317073
2020-04,P026,477,36,147870,Grease Cartridge GC-5,Lubricants,420.0,13.571428571428571
2020-05,P026,741,61,229710,Grease Cartridge GC-5,Lubricants,477.0,55.34591194968554
2020-06,P026,607,53,188170,Grease Cartridge GC-5,Lubricants,741.0,-18.083670715249664
2020-07,P026,719,58,222890,Grease Cartridge GC-5,Lubricants,607.0,18.451400329489292
2020-08,P026,769,65,238390,Grease Cartridge GC-5,Lubricants,719.0,6.954102920723226
2020-09,P026,518,45,160580,Grease Cartridge GC-5,Lubricants,769.0,-32.63979193758127
2020-10,P026,593,56,183830,Grease Cartridge GC-5,Lubricants,518.0,14.478764478764477
2020-11,P026,616,48,190960,Grease Cartridge GC-5,Lubricants,593.0,3.87858347386172
2020-12,P026,644,56,199640,Grease Cartridge GC-5,Lubricants,616.0,4.545454545454546
2021-01,P026,591,51,183210,Grease Cartridge GC-5,Lubricants,644.0,-8.229813664596273
2021-02,P026,759,65,235290,Grease Cartridge GC-5,Lubricants,591.0,28.426395939086298
2021-03,P026,829,64,256990,Grease Cartridge GC-5,Lubricants,759.0,9.22266139657444
2021-04,P026,471,39,146010,Grease Cartridge GC-5,Lubricants,829.0,-43.184559710494575
2021-05,P026,515,45,159650,Grease Cartridge GC-5,Lubricants,471.0,9.341825902335456
2021-06,P026,564,51,174840,Grease Cartridge GC-5,Lubricants,515.0,9.514563106796116
2021-07,P026,514,44,159340,Grease Cartridge GC-5,Lubricants,564.0,-8.865248226950355
2021-08,P026,659,59,204290,Grease Cartridge GC-5,Lubricants,514.0,28.21011673151751
2021-09,P026,566,50,175460,Grease Cartridge GC-5,Lubricants,659.0,-14.112291350531109
2021-10,P026,855,68,265050,Grease Cartridge GC-5,Lubricants,566.0,51.060070671378085
2021-11,P026,678,62,210180,Grease Cartridge GC-5,Lubricants,855.0,-20.701754385964914
2021-12,P026,747,61,231570,Grease Cartridge GC-5,Lubricants,678.0,10.176991150442479
2022-01,P026,795,61,246450,Grease Cartridge GC-5,Lubricants,747.0,6.425702811244979
2022-02,P026,560,51,173600,Grease Cartridge GC-5,Lubricants,795.0,-29.559748427672954
2022-03,P026,445,34,137950,Grease Cartridge GC-5,Lubricants,560.0,-20.535714285714285
2022-04,P026,749,64,232190,Grease Cartridge GC-5,Lubricants,445.0,68.31460674157303
2022-05,P026,803,61,248930,Grease Cartridge GC-5,Lubricants,749.0,7.209612817089453
2022-06,P026,590,53,182900,Grease Cartridge GC-5,Lubricants,803.0,-26.525529265255294
2022-07,P026,625,52,193750,Grease Cartridge GC-5,Lubricants,590.0,5.932203389830509
2022-08,P026,591,54,183210,Grease Cartridge GC-5,Lubricants,625.0,-5.4399999999999995
2022-09,P026,611,52,189410,Grease Cartridge GC-5,Lubricants,591.0,3.3840947546531304
2022-10,P026,810,65,251100,Grease Cartridge GC-5,Lubricants,611.0,32.56955810147299
2022-11,P026,619,52,191890,Grease Cartridge GC-5,Lubricants,810.0,-23.580246913580247
2022-12,P026,643,53,199330,Grease Cartridge GC-5,Lubricants,619.0,3.877221324717286
2023-01,P026,497,38,154070,Grease Cartridge GC-5,Lubricants,643.0,-22.70606531881804
2023-02,P026,540,46,167400,Grease Cartridge GC-5,Lubricants,497.0,8.651911468812877
2023-03,P026,662,61,205220,Grease Cartridge GC-5,Lubricants,540.0,22.59259259259259
2023-04,P026,603,51,186930,Grease Cartridge GC-5,Lubricants,662.0,-8.91238670694864
2023-05,P026,598,51,185380,Grease Cartridge GC-5,Lubricants,603.0,-0.8291873963515755
2023-06,P026,670,57,207700,Grease Cartridge GC-5,Lubricants,598.0,12.040133779264215
2023-07,P026,732,65,226920,Grease Cartridge GC-5,Lubricants,670.0,9.253731343283581
2023-08,P026,711,53,220410,Grease Cartridge GC-5,Lubricants,732.0,-2.8688524590163933
2023-09,P026,753,64,233430,Grease Cartridge GC-5,Lubricants,711.0,5.9071729957805905
2023-10,P026,524,49,162440,Grease Cartridge GC-5,Lubricants,753.0,-30.411686586985393
2023-11,P026,612,50,189720,Grease Cartridge GC-5,Lubricants,524.0,16.793893129770993
2023-12,P026,596,54,184760,Grease Cartridge GC-5,Lubricants,612.0,-2.6143790849673203
2024-01,P026,628,50,194680,Grease Cartridge GC-5,Lubricants,596.0,5.369127516778524
2024-02,P026,623,58,193130,Grease Cartridge GC-5,Lubricants,628.0,-0.7961783439490446
2024-03,P026,687,66,212970,Grease Cartridge GC-5,Lubricants,623.0,10.272873194221509
2024-04,P026,548,45,169880,Grease Cartridge GC-5,Lubricants,687.0,-20.232896652110625
2024-05,P026,366,35,113460,Grease Cartridge GC-5,Lubricants,548.0,-33.21167883211679
2024-06,P026,625,54,193750,Grease Cartridge GC-5,Lubricants,366.0,70.76502732240438
2024-07,P026,588,54,182280,Grease Cartridge GC-5,Lubricants,625.0,-5.92
2024-08,P026,669,56,207390,Grease Cartridge GC-5,Lubricants,588.0,13.77551020408163
2024-09,P026,636,53,197160,Grease Cartridge GC-5,Lubricants,669.0,-4.932735426008969
2024-10,P026,649,60,201190,Grease Cartridge GC-5,Lubricants,636.0,2.044025157232704
2024-11,P026,548,46,169880,Grease Cartridge GC-5,Lubricants,649.0,-15.562403697996919
2024-12,P026,677,56,209870,Grease Cartridge GC-5,Lubricants,548.0,23.54014598540146
2019-01,P027,534,47,256320,O-Ring Set OR-50,Seals,,
2019-02,P027,441,43,211680,O-Ring Set OR-50,Seals,534.0,-17.415730337078653
2019-03,P027,691,62,331680,O-Ring Set OR-50,Seals,441.0,56.68934240362812
2019-04,P027,559,47,268320,O-Ring Set OR-50,Seals,691.0,-19.1027496382055
2019-05,P027,689,64,330720,O-Ring Set OR-50,Seals,559.0,23.25581395348837
2019-06,P027,537,51,257760,O-Ring Set OR-50,Seals,689.0,-22.060957910014515
2019-07,P027,747,62,358560,O-Ring Set OR-50,Seals,537.0,39.10614525139665
2019-08,P027,786,58,377280,O-Ring Set OR-50,Seals,747.0,5.220883534136546
2019-09,P027,531,44,254880,O-Ring Set OR-50,Seals,786.0,-32.44274809160305
2019-10,P027,622,53,298560,O-Ring Set OR-50,Seals,531.0,17.13747645951036
2019-11,P027,716,58,343680,O-Ring Set OR-50,Seals,622.0,15.112540192926044
2019-12,P027,503,46,241440,O-Ring Set OR-50,Seals,716.0,-29.748603351955303
2020-01,P027,485,45,232800,O-Ring Set OR-50,Seals,503.0,-3.5785288270377733
2020-02,P027,702,51,336960,O-Ring Set OR-50,Seals,485.0,44.74226804123712
2020-03,P027,838,66,402240,O-Ring Set OR-50,Seals,702.0,19.37321937321937
2020-04,P027,705,51,338400,O-Ring Set OR-50,Seals,838.0,-15.871121718377088
2020-05,P027,695,67,333600,O-Ring Set OR-50,Seals,705.0,-1.4184397163120568
2020-06,P027,690,56,331200,O-Ring Set OR-50,Seals,695.0,-0.7194244604316548
2020-07,P027,851,66,408480,O-Ring Set OR-50,Seals,690.0,23.333333333333332
2020-08,P027,741,58,355680,O-Ring Set OR-50,Seals,851.0,-12.925969447708576
2020-09,P027,535,49,256800,O-Ring Set OR-50,Seals,741.0,-27.800269905533064
2020-10,P027,604,54,289920,O-Ring Set OR-50,Seals,535.0,12.897196261682243
2020-11,P027,462,41,221760,O-Ring Set OR-50,Seals,604.0,-23.509933774834437
2020-12,P027,507,46,243360,O-Ring Set OR-50,Seals,462.0,9.740259740259742
2021-01,P027,653,57,313440,O-Ring Set OR-50,Seals,507.0,28.79684418145957
2021-02,P027,713,58,342240,O-Ring Set OR-50,Seals,653.0,9.188361408882082
2021-03,P027,582,48,279360,O-Ring Set OR-50,Seals,713.0,-18.37307152875175
2021-04,P027,620,56,297600,O-Ring Set OR-50,Seals,582.0,6.529209621993128
2021-05,P027,536,52,257280,O-Ring Set OR-50,Seals,620.0,-13.548387096774196
2021-06,P027,715,54,343200,O-Ring Set OR-50,Seals,536.0,33.3955223880597
2021-07,P027,891,69,427680,O-Ring Set OR-50,Seals,715.0,24.615384615384617
2021-08,P027,713,64,342240,O-Ring Set OR-50,Seals,891.0,-19.977553310886645
2021-09,P027,469,43,225120,O-Ring Set OR-50,Seals,713.0,-34.22159887798036
2021-10,P027,650,56,312000,O-Ring Set OR-50,Seals,469.0,38.59275053304904
2021-11,P027,740,64,355200,O-Ring Set OR-50,Seals,650.0,13.846153846153847
2021-12,P027,655,52,314400,O-Ring Set OR-50,Seals,740.0,-11.486486486486488
2022-01,P027,717,54,344160,O-Ring Set OR-50,Seals,655.0,9.465648854961833
2022-02,P027,518,46,248640,O-Ring Set OR-50,Seals,717.0,-27.754532775453278
2022-03,P027,555,46,266400,O-Ring Set OR-50,Seals,518.0,7.142857142857142
2022-04,P027,673,51,323040,O-Ring Set OR-50,Seals,555.0,21.26126126126126
2022-05,P027,675,54,324000,O-Ring Set OR-50,Seals,673.0,0.2971768202080238
2022-06,P027,484,49,232320,O-Ring Set OR-50,Seals,675.0,-28.296296296296298
2022-07,P027,507,45,243360,O-Ring Set OR-50,Seals,484.0,4.75206611570248
2022-08,P027,696,58,334080,O-Ring Set OR-50,Seals,507.0,37.278106508875744
2022-09,P027,626,56,300480,O-Ring Set OR-50,Seals,696.0,-10.057471264367816
2022-10,P027,763,68,366240,O-Ring Set OR-50,Seals,626.0,21.884984025559106
2022-11,P027,509,44,244320,O-Ring Set OR-50,Seals,763.0,-33.28964613368283
2022-12,P027,713,59,342240,O-Ring Set OR-50,Seals,509.0,40.078585461689585
2023-01,P027,477,42,228960,O-Ring Set OR-50,Seals,713.0,-33.09957924263674
2023-02,P027,392,43,188160,O-Ring Set OR-50,Seals,477.0,-17.81970649895178
2023-03,P027,600,50,288000,O-Ring Set OR-50,Seals,392.0,53.06122448979592
2023-04,P027,686,57,329280,O-Ring Set OR-50,Seals,600.0,14.333333333333334
2023-05,P027,612,53,293760,O-Ring Set OR-50,Seals,686.0,-10.787172011661808
2023-06,P027,816,65,391680,O-Ring Set OR-50,Seals,612.0,33.33333333333333
2023-07,P027,562,52,269760,O-Ring Set OR-50,Seals,816.0,-31.127450980392158
2023-08,P027,648,55,311040,O-Ring Set OR-50,Seals,562.0,15.302491103202847
2023-09,P027,644,57,309120,O-Ring Set OR-50,Seals,648.0,-0.6172839506172839
2023-10,P027,669,52,321120,O-Ring Set OR-50,Seals,644.0,3.881987577639751
2023-11,P027,603,50,289440,O-Ring Set OR-50,Seals,669.0,-9.865470852017937
2023-12,P027,584,52,280320,O-Ring Set OR-50,Seals,603.0,-3.150912106135987
2024-01,P027,662,50,317760,O-Ring Set OR-50,Seals,584.0,13.356164383561644
2024-02,P027,653,54,313440,O-Ring Set OR-50,Seals,662.0,-1.3595166163141994
2024-03,P027,657,53,315360,O-Ring Set OR-50,Seals,653.0,0.6125574272588056
2024-04,P027,599,53,287520,O-Ring Set OR-50,Seals,657.0,-8.82800608828006
2024-05,P027,791,63,379680,O-Ring Set OR-50,Seals,599.0,32.053422370617696
2024-06,P027,549,44,263520,O-Ring Set OR-50,Seals,791.0,-30.59418457648546
2024-07,P027,572,46,274560,O-Ring Set OR-50,Seals,549.0,4.189435336976321
2024-08,P027,665,54,319200,O-Ring Set OR-50,Seals,572.0,16.258741258741257
2024-09,P027,750,58,360000,O-Ring Set OR-50,Seals,665.0,12.781954887218044
2024-10,P027,661,57,317280,O-Ring Set OR-50,Seals,750.0,-11.866666666666667
2024-11,P027,636,56,305280,O-Ring Set OR-50,Seals,661.0,-3.7821482602118004
2024-12,P027,646,56,310080,O-Ring Set OR-50,Seals,636.0,1.5723270440251573
2019-01,P028,650,56,1462500,Light Assembly LA-18,Electrical,,
2019-02,P028,560,43,1260000,Light Assembly LA-18,Electrical,650.0,-13.846153846153847
2019-03,P028,835,67,1878750,Light Assembly LA-18,Electrical,560.0,49.107142857142854
2019-04,P028,724,60,1629000,Light Assembly LA-18,Electrical,835.0,-13.293413173652693
2019-05,P028,426,41,958500,Light Assembly LA-18,Electrical,724.0,-41.16022099447514
2019-06,P028,719,54,1617750,Light Assembly LA-18,Electrical,426.0,68.7793427230047
2019-07,P028,683,57,1536750,Light Assembly LA-18,Electrical,719.0,-5.006954102920723
2019-08,P028,610,59,1372500,Light Assembly LA-18,Electrical,683.0,-10.68814055636896
2019-09,P028,746,61,1678500,Light Assembly LA-18,Electrical,610.0,22.295081967213115
2019-10,P028,514,47,1156500,Light Assembly LA-18,Electrical,746.0,-31.099195710455763
2019-11,P028,750,58,1687500,Light Assembly LA-18,Electrical,514.0,45.91439688715953
2019-12,P028,626,56,1408500,Light Assembly LA-18,Electrical,750.0,-16.53333333333333
2020-01,P028,626,55,1408500,Light Assembly LA-18,Electrical,626.0,0.0
2020-02,P028,654,53,1471500,Light Assembly LA-18,Electrical,626.0,4.472843450479233
2020-03,P028,814,66,1831500,Light Assembly LA-18,Electrical,654.0,24.464831804281346
2020-04,P028,543,46,1221750,Light Assembly LA-18,Electrical,814.0,-33.29238329238329
2020-05,P028,689,56,1550250,Light Assembly LA-18,Electrical,543.0,26.887661141804784
2020-06,P028,649,54,1460250,Light Assembly LA-18,Electrical,689.0,-5.805515239477503
2020-07,P028,745,70,1676250,Light Assembly LA-18,Electrical,649.0,14.791987673343607
2020-08,P028,748,62,1683000,Light Assembly LA-18,Electrical,745.0,0.4026845637583893
2020-09,P028,631,59,1419750,Light Assembly LA-18,Electrical,748.0,-15.641711229946523
2020-10,P028,624,46,1404000,Light Assembly LA-18,Electrical,631.0,-1.109350237717908
2020-11,P028,914,72,2056500,Light Assembly LA-18,Electrical,624.0,46.47435897435898
2020-12,P028,716,59,1611000,Light Assembly LA-18,Electrical,914.0,-21.663019693654267
2021-01,P028,801,61,1802250,Light Assembly LA-18,Electrical,716.0,11.871508379888269
2021-02,P028,500,43,1125000,Light Assembly LA-18,Electrical,801.0,-37.578027465667915
2021-03,P028,547,52,1230750,Light Assembly LA-18,Electrical,500.0,9.4
2021-04,P028,508,40,1143000,Light Assembly LA-18,Electrical,547.0,-7.129798903107861
2021-05,P028,579,51,1302750,Light Assembly LA-18,Electrical,508.0,13.976377952755906
2021-06,P028,659,62,1482750,Light Assembly LA-18,Electrical,579.0,13.81692573402418
2021-07,P028,775,56,1743750,Light Assembly LA-18,Electrical,659.0,17.602427921092563
2021-08,P028,693,56,1559250,Light Assembly LA-18,Electrical,775.0,-10.580645161290322
2021-09,P028,794,60,1786500,Light Assembly LA-18,Electrical,693.0,14.574314574314574
2021-10,P028,772,61,1737000,Light Assembly LA-18,Electrical,794.0,-2.770780856423174
2021-11,P028,673,60,1514250,Light Assembly LA-18,Electrical,772.0,-12.823834196891193
2021-12,P028,665,55,1496250,Light Assembly LA-18,Electrical,673.0,-1.188707280832095
2022-01,P028,719,60,1617750,Light Assembly LA-18,Electrical,665.0,8.1203007518797
2022-02,P028,415,46,933750,Light Assembly LA-18,Electrical,719.0,-42.280945757997216
2022-03,P028,804,59,1809000,Light Assembly LA-18,Electrical,415.0,93.73493975903614
2022-04,P028,560,50,1260000,Light Assembly LA-18,Electrical,804.0,-30.34825870646766
2022-05,P028,703,63,1581750,Light Assembly LA-18,Electrical,560.0,25.535714285714285
2022-06,P028,652,49,1467000,Light Assembly LA-18,Electrical,703.0,-7.254623044096728
2022-07,P028,416,43,936000,Light Assembly LA-18,Electrical,652.0,-36.19631901840491
2022-08,P028,664,54,1494000,Light Assembly LA-18,Electrical,416.0,59.61538461538461
2022-09,P028,529,44,1190250,Light Assembly LA-18,Electrical,664.0,-20.33132530120482
2022-10,P028,543,46,1221750,Light Assembly LA-18,Electrical,529.0,2.6465028355387523
2022-11,P028,552,44,1242000,Light Assembly LA-18,Electrical,543.0,1.6574585635359116
2022-12,P028,605,52,1361250,Light Assembly LA-18,Electrical,552.0,9.601449275362318
2023-01,P028,513,50,1154250,Light Assembly LA-18,Electrical,605.0,-15.206611570247933
2023-02,P028,621,58,1397250,Light Assembly LA-18,Electrical,513.0,21.052631578947366
2023-03,P028,879,67,1977750,Light Assembly LA-18,Electrical,621.0,41.54589371980676
2023-04,P028,575,56,1293750,Light Assembly LA-18,Electrical,879.0,-34.58475540386804
2023-05,P028,582,50,1309500,Light Assembly LA-18,Electrical,575.0,1.2173913043478262
2023-06,P028,756,59,1701000,Light Assembly LA-18,Electrical,582.0,29.896907216494846
2023-07,P028,609,54,1370250,Light Assembly LA-18,Electrical,756.0,-19.444444444444446
2023-08,P028,738,70,1660500,Light Assembly LA-18,Electrical,609.0,21.182266009852217
2023-09,P028,730,68,1642500,Light Assembly LA-18,Electrical,738.0,-1.084010840108401
2023-10,P028,560,51,1260000,Light Assembly LA-18,Electrical,730.0,-23.28767123287671
2023-11,P028,561,44,1262250,Light Assembly LA-18,Electrical,560.0,0.17857142857142858
2023-12,P028,564,50,1269000,Light Assembly LA-18,Electrical,561.0,0.53475935828877
2024-01,P028,632,59,1422000,Light Assembly LA-18,Electrical,564.0,12.056737588652481
2024-02,P028,476,47,1071000,Light Assembly LA-18,Electrical,632.0,-24.68354430379747
2024-03,P028,663,48,1491750,Light Assembly LA-18,Electrical,476.0,39.285714285714285
2024-04,P028,523,48,1176750,Light Assembly LA-18,Electrical,663.0,-21.116138763197586
2024-05,P028,532,41,1197000,Light Assembly LA-18,Electrical,523.0,1.7208413001912046
2024-06,P028,697,61,1568250,Light Assembly LA-18,Electrical,532.0,31.015037593984964
2024-07,P028,725,55,1631250,Light Assembly LA-18,Electrical,697.0,4.017216642754662
2024-08,P028,485,46,1091250,Light Assembly LA-18,Electrical,725.0,-33.10344827586207
2024-09,P028,601,52,1352250,Light Assembly LA-18,Electrical,485.0,23.917525773195877
2024-10,P028,566,55,1273500,Light Assembly LA-18,Electrical,601.0,-5.823627287853577
2024-11,P028,580,53,1305000,Light Assembly LA-18,Electrical,566.0,2.4734982332155475
2024-12,P028,672,51,1512000,Light Assembly LA-18,Electrical,580.0,15.862068965517242
2019-01,P029,682,54,2693900,Pressure Sensor PS-90,Sensors,,
2019-02,P029,567,40,2239650,Pressure Sensor PS-90,Sensors,682.0,-16.862170087976537
2019-03,P029,602,41,2377900,Pressure Sensor PS-90,Sensors,567.0,6.172839506172839
2019-04,P029,572,49,2259400,Pressure Sensor PS-90,Sensors,602.0,-4.983388704318937
2019-05,P029,768,61,3033600,Pressure Sensor PS-90,Sensors,572.0,34.26573426573427
2019-06,P029,675,58,2666250,Pressure Sensor PS-90,Sensors,768.0,-12.109375
2019-07,P029,854,69,3373300,Pressure Sensor PS-90,Sensors,675.0,26.51851851851852
2019-08,P029,655,57,2587250,Pressure Sensor PS-90,Sensors,854.0,-23.302107728337237
2019-09,P029,614,49,2425300,Pressure Sensor PS-90,Sensors,655.0,-6.259541984732825
2019-10,P029,544,48,2148800,Pressure Sensor PS-90,Sensors,614.0,-11.400651465798045
2019-11,P029,701,56,2768950,Pressure Sensor PS-90,Sensors,544.0,28.860294117647058
2019-12,P029,591,53,2334450,Pressure Sensor PS-90,Sensors,701.0,-15.691868758915833
2020-01,P029,652,54,2575400,Pressure Sensor PS-90,Sensors,591.0,10.321489001692047
2020-02,P029,527,46,2081650,Pressure Sensor PS-90,Sensors,652.0,-19.171779141104295
2020-03,P029,721,65,2847950,Pressure Sensor PS-90,Sensors,527.0,36.81214421252372
2020-04,P029,638,55,2520100,Pressure Sensor PS-90,Sensors,721.0,-11.511789181692095
2020-05,P029,663,57,2618850,Pressure Sensor PS-90,Sensors,638.0,3.918495297805643
2020-06,P029,690,57,2725500,Pressure Sensor PS-90,Sensors,663.0,4.072398190045249
2020-07,P029,783,66,3092850,Pressure Sensor PS-90,Sensors,690.0,13.478260869565217
2020-08,P029,806,67,3183700,Pressure Sensor PS-90,Sensors,783.0,2.937420178799489
2020-09,P029,631,52,2492450,Pressure Sensor PS-90,Sensors,806.0,-21.712158808933
2020-10,P029,647,52,2555650,Pressure Sensor PS-90,Sensors,631.0,2.535657686212361
2020-11,P029,599,52,2366050,Pressure Sensor PS-90,Sensors,647.0,-7.418856259659969
2020-12,P029,541,53,2136950,Pressure Sensor PS-90,Sensors,599.0,-9.68280467445743
2021-01,P029,697,60,2753150,Pressure Sensor PS-90,Sensors,541.0,28.835489833641404
2021-02,P029,755,59,2982250,Pressure Sensor PS-90,Sensors,697.0,8.321377331420372
2021-03,P029,649,47,2563550,Pressure Sensor PS-90,Sensors,755.0,-14.039735099337749
2021-04,P029,693,56,2737350,Pressure Sensor PS-90,Sensors,649.0,6.779661016949152
2021-05,P029,574,50,2267300,Pressure Sensor PS-90,Sensors,693.0,-17.17171717171717
2021-06,P029,644,61,2543800,Pressure Sensor PS-90,Sensors,574.0,12.195121951219512
2021-07,P029,564,50,2227800,Pressure Sensor PS-90,Sensors,644.0,-12.422360248447205
2021-08,P029,551,45,2176450,Pressure Sensor PS-90,Sensors,564.0,-2.304964539007092
2021-09,P029,709,54,2800550,Pressure Sensor PS-90,Sensors,551.0,28.67513611615245
2021-10,P029,763,59,3013850,Pressure Sensor PS-90,Sensors,709.0,7.6163610719323
2021-11,P029,653,51,2579350,Pressure Sensor PS-90,Sensors,763.0,-14.416775884665793
2021-12,P029,568,52,2243600,Pressure Sensor PS-90,Sensors,653.0,-13.016845329249618
2022-01,P029,791,64,3124450,Pressure Sensor PS-90,Sensors,568.0,39.26056338028169
2022-02,P029,575,53,2271250,Pressure Sensor PS-90,Sensors,791.0,-27.307206068268012
2022-03,P029,709,58,2800550,Pressure Sensor PS-90,Sensors,575.0,23.304347826086957
2022-04,P029,603,49,2381850,Pressure Sensor PS-90,Sensors,709.0,-14.950634696755994
2022-05,P029,761,59,3005950,Pressure Sensor PS-90,Sensors,603.0,26.202321724709783
2022-06,P029,672,53,2654400,Pressure Sensor PS-90,Sensors,761.0,-11.695137976346912
2022-07,P029,653,46,2579350,Pressure Sensor PS-90,Sensors,672.0,-2.8273809523809526
2022-08,P029,529,45,2089550,Pressure Sensor PS-90,Sensors,653.0,-18.98928024502297
2022-09,P029,681,50,2689950,Pressure Sensor PS-90,Sensors,529.0,28.733459357277884
2022-10,P029,590,49,2330500,Pressure Sensor PS-90,Sensors,681.0,-13.362701908957417
2022-11,P029,680,60,2686000,Pressure Sensor PS-90,Sensors,590.0,15.254237288135593
2022-12,P029,640,52,2528000,Pressure Sensor PS-90,Sensors,680.0,-5.88235294117647
2023-01,P029,675,55,2666250,Pressure Sensor PS-90,Sensors,640.0,5.46875
2023-02,P029,590,50,2330500,Pressure Sensor PS-90,Sensors,675.0,-12.592592592592592
2023-03,P029,590,48,2330500,Pressure Sensor PS-90,Sensors,590.0,0.0
2023-04,P029,567,43,2239650,Pressure Sensor PS-90,Sensors,590.0,-3.898305084745763
2023-05,P029,627,48,2476650,Pressure Sensor PS-90,Sensors,567.0,10.582010582010582
2023-06,P029,651,55,2571450,Pressure Sensor PS-90,Sensors,627.0,3.827751196172249
2023-07,P029,539,45,2129050,Pressure Sensor PS-90,Sensors,651.0,-17.20430107526882
2023-08,P029,545,49,2152750,Pressure Sensor PS-90,Sensors,539.0,1.1131725417439702
2023-09,P029,749,52,2958550,Pressure Sensor PS-90,Sensors,545.0,37.43119266055046
2023-10,P029,672,59,2654400,Pressure Sensor PS-90,Sensors,749.0,-10.2803738317757
2023-11,P029,535,52,2113250,Pressure Sensor PS-90,Sensors,672.0,-20.386904761904763
2023-12,P029,741,56,2926950,Pressure Sensor PS-90,Sensors,535.0,38.504672897196265
2024-01,P029,754,69,2978300,Pressure Sensor PS-90,Sensors,741.0,1.7543859649122806
2024-02,P029,638,55,2520100,Pressure Sensor PS-90,Sensors,754.0,-15.384615384615385
2024-03,P029,833,66,3290350,Pressure Sensor PS-90,Sensors,638.0,30.56426332288401
2024-04,P029,675,50,2666250,Pressure Sensor PS-90,Sensors,833.0,-18.967587034813928
2024-05,P029,571,54,2255450,Pressure Sensor PS-90,Sensors,675.0,-15.407407407407408
2024-06,P029,732,58,2891400,Pressure Sensor PS-90,Sensors,571.0,28.19614711033275
2024-07,P029,666,53,2630700,Pressure Sensor PS-90,Sensors,732.0,-9.01639344262295
2024-08,P029,648,55,2559600,Pressure Sensor PS-90,Sensors,666.0,-2.7027027027027026
2024-09,P029,777,64,3069150,Pressure Sensor PS-90,Sensors,648.0,19.90740740740741
2024-10,P029,668,53,2638600,Pressure Sensor PS-90,Sensors,777.0,-14.028314028314028
2024-11,P029,568,47,2243600,Pressure Sensor PS-90,Sensors,668.0,-14.97005988023952
2024-12,P029,628,53,2480600,Pressure Sensor PS-90,Sensors,568.0,10.56338028169014
2019-01,P030,525,50,11497500,Fuel Pump FP-350,Engine,,
2019-02,P030,414,38,9066600,Fuel Pump FP-350,Engine,525.0,-21.142857142857142
2019-03,P030,619,59,13556100,Fuel Pump FP-350,Engine,414.0,49.51690821256038
2019-04,P030,671,51,14694900,Fuel Pump FP-350,Engine,619.0,8.40064620355412
2019-05,P030,794,71,17388600,Fuel Pump FP-350,Engine,671.0,18.330849478390462
2019-06,P030,783,60,17147700,Fuel Pump FP-350,Engine,794.0,-1.385390428211587
2019-07,P030,711,65,15570900,Fuel Pump FP-350,Engine,783.0,-9.195402298850574
2019-08,P030,589,57,12899100,Fuel Pump FP-350,Engine,711.0,-17.158931082981717
2019-09,P030,792,54,17344800,Fuel Pump FP-350,Engine,589.0,34.46519524617997
2019-10,P030,602,53,13183800,Fuel Pump FP-350,Engine,792.0,-23.98989898989899
2019-11,P030,650,52,14235000,Fuel Pump FP-350,Engine,602.0,7.973421926910299
2019-12,P030,485,49,10621500,Fuel Pump FP-350,Engine,650.0,-25.384615384615383
2020-01,P030,536,49,11738400,Fuel Pump FP-350,Engine,485.0,10.515463917525773
2020-02,P030,484,46,10599600,Fuel Pump FP-350,Engine,536.0,-9.701492537313433
2020-03,P030,538,44,11782200,Fuel Pump FP-350,Engine,484.0,11.15702479338843
2020-04,P030,431,44,9438900,Fuel Pump FP-350,Engine,538.0,-19.888475836431226
2020-05,P030,797,63,17454300,Fuel Pump FP-350,Engine,431.0,84.91879350348029
2020-06,P030,736,63,16118400,Fuel Pump FP-350,Engine,797.0,-7.65370138017566
2020-07,P030,826,69,18089400,Fuel Pump FP-350,Engine,736.0,12.228260869565217
2020-08,P030,740,63,16206000,Fuel Pump FP-350,Engine,826.0,-10.411622276029057
2020-09,P030,819,69,17936100,Fuel Pump FP-350,Engine,740.0,10.675675675675675
2020-10,P030,706,57,15461400,Fuel Pump FP-350,Engine,819.0,-13.797313797313798
2020-11,P030,661,52,14475900,Fuel Pump FP-350,Engine,706.0,-6.373937677053824
2020-12,P030,655,59,14344500,Fuel Pump FP-350,Engine,661.0,-0.9077155824508321
2021-01,P030,665,51,14563500,Fuel Pump FP-350,Engine,655.0,1.5267175572519083
2021-02,P030,520,43,11388000,Fuel Pump FP-350,Engine,665.0,-21.804511278195488
2021-03,P030,687,62,15045300,Fuel Pump FP-350,Engine,520.0,32.11538461538462
2021-04,P030,575,51,12592500,Fuel Pump FP-350,Engine,687.0,-16.302765647743815
2021-05,P030,379,35,8300100,Fuel Pump FP-350,Engine,575.0,-34.08695652173913
2021-06,P030,688,47,15067200,Fuel Pump FP-350,Engine,379.0,81.53034300791556
2021-07,P030,701,53,15351900,Fuel Pump FP-350,Engine,688.0,1.88953488372093
2021-08,P030,695,59,15220500,Fuel Pump FP-350,Engine,701.0,-0.8559201141226819
2021-09,P030,549,49,12023100,Fuel Pump FP-350,Engine,695.0,-21.007194244604317
2021-10,P030,555,49,12154500,Fuel Pump FP-350,Engine,549.0,1.092896174863388
2021-11,P030,638,55,13972200,Fuel Pump FP-350,Engine,555.0,14.954954954954955
2021-12,P030,500,39,10950000,Fuel Pump FP-350,Engine,638.0,-21.630094043887148
2022-01,P030,833,64,18242700,Fuel Pump FP-350,Engine,500.0,66.60000000000001
2022-02,P030,612,53,13402800,Fuel Pump FP-350,Engine,833.0,-26.53061224489796
2022-03,P030,766,60,16775400,Fuel Pump FP-350,Engine,612.0,25.163398692810457
2022-04,P030,684,59,14979600,Fuel Pump FP-350,Engine,766.0,-10.704960835509137
2022-05,P030,671,51,14694900,Fuel Pump FP-350,Engine,684.0,-1.9005847953216373
2022-06,P030,513,44,11234700,Fuel Pump FP-350,Engine,671.0,-23.546944858420268
2022-07,P030,632,50,13840800,Fuel Pump FP-350,Engine,513.0,23.196881091617932
2022-08,P030,604,53,13227600,Fuel Pump FP-350,Engine,632.0,-4.430379746835443
2022-09,P030,524,45,11475600,Fuel Pump FP-350,Engine,604.0,-13.245033112582782
2022-10,P030,651,52,14256900,Fuel Pump FP-350,Engine,524.0,24.236641221374043
2022-11,P030,708,54,15505200,Fuel Pump FP-350,Engine,651.0,8.755760368663594
2022-12,P030,569,45,12461100,Fuel Pump FP-350,Engine,708.0,-19.63276836158192
2023-01,P030,640,54,14016000,Fuel Pump FP-350,Engine,569.0,12.478031634446397
2023-02,P030,640,53,14016000,Fuel Pump FP-350,Engine,640.0,0.0
2023-03,P030,547,52,11979300,Fuel Pump FP-350,Engine,640.0,-14.531250000000002
2023-04,P030,751,52,16446900,Fuel Pump FP-350,Engine,547.0,37.29433272394881
2023-05,P030,635,55,13906500,Fuel Pump FP-350,Engine,751.0,-15.446071904127828
2023-06,P030,720,57,15768000,Fuel Pump FP-350,Engine,635.0,13.385826771653544
2023-07,P030,603,50,13205700,Fuel Pump FP-350,Engine,720.0,-16.25
2023-08,P030,668,56,14629200,Fuel Pump FP-350,Engine,603.0,10.779436152570481
2023-09,P030,600,55,13140000,Fuel Pump FP-350,Engine,668.0,-10.179640718562874
2023-10,P030,508,40,11125200,Fuel Pump FP-350,Engine,600.0,-15.333333333333332
2023-11,P030,551,48,12066900,Fuel Pump FP-350,Engine,508.0,8.46456692913386
2023-12,P030,418,36,9154200,Fuel Pump FP-350,Engine,551.0,-24.137931034482758
2024-01,P030,877,72,19206300,Fuel Pump FP-350,Engine,418.0,109.80861244019138
2024-02,P030,573,51,12548700,Fuel Pump FP-350,Engine,877.0,-34.6636259977195
2024-03,P030,591,50,12942900,Fuel Pump FP-350,Engine,573.0,3.1413612565445024
2024-04,P030,521,49,11409900,Fuel Pump FP-350,Engine,591.0,-11.844331641285956
2024-05,P030,682,55,14935800,Fuel Pump FP-350,Engine,521.0,30.902111324376197
2024-06,P030,641,53,14037900,Fuel Pump FP-350,Engine,682.0,-6.011730205278592
2024-07,P030,732,60,16030800,Fuel Pump FP-350,Engine,641.0,14.19656786271451
2024-08,P030,840,75,18396000,Fuel Pump FP-350,Engine,732.0,14.754098360655737
2024-09,P030,652,57,14278800,Fuel Pump FP-350,Engine,840.0,-22.380952380952383
2024-10,P030,723,60,15833700,Fuel Pump FP-350,Engine,652.0,10.889570552147239
2024-11,P030,794,67,17388600,Fuel Pump FP-350,Engine,723.0,9.820193637621024
2024-12,P030,507,39,11103300,Fuel Pump FP-350,Engine,794.0,-36.14609571788413
