customer_id,delivered_order_count,first_purchase_date,last_purchase_date,total_revenue,average_days_between_orders,minimum_days_between_orders,maximum_days_between_orders,customer_active_days,purchase_period_years,orders_per_year,purchase_frequency_class,purchase_interval_class,repeat_customer_class,average_order_value,customer_type,industry_segment,region,credit_limit,current_balance,customer_rating,purchase_frequency_score,purchase_behaviour_class,purchase_priority_score,purchase_priority_rank
C0475,55,2019-01-19,2024-12-18,94883375.2,40.0,0.0,123.0,2160,5.91,9.3,Very Frequent Customer,Moderate Purchase Gap,Repeat Customer,1725152.28,Fleet Owner,Construction,East,306605,272802,3,5,Engaged Customer,115,1
C0468,49,2019-05-10,2024-11-10,75254807.6,41.9,1.0,203.0,2011,5.51,8.9,Very Frequent Customer,Moderate Purchase Gap,Repeat Customer,1535812.4,Fleet Owner,Rental,South,531281,35084,1,5,Engaged Customer,115,2
C0462,49,2019-01-06,2024-11-13,82777824.6,44.54,5.0,150.0,2138,5.85,8.37,Very Frequent Customer,Moderate Purchase Gap,Repeat Customer,1689343.36,Retail,Logistics,South,22565,9458,5,5,Engaged Customer,115,3
C0435,50,2019-10-11,2024-11-01,73908258.2,37.71,0.0,195.0,1848,5.06,9.88,Very Frequent Customer,Moderate Purchase Gap,Repeat Customer,1478165.16,Dealer,Manufacturing,South,393189,129432,4,5,Engaged Customer,115,4
C0083,45,2019-05-23,2024-10-04,89672688.2,44.57,0.0,242.0,1961,5.37,8.38,Very Frequent Customer,Moderate Purchase Gap,Repeat Customer,1992726.4,Dealer,Infrastructure,North,214857,64003,2,5,Engaged Customer,115,5
C0107,49,2019-01-16,2024-12-11,85196217.6,44.92,1.0,195.0,2156,5.9,8.3,Very Frequent Customer,Moderate Purchase Gap,Repeat Customer,1738698.32,Fleet Owner,Construction,North,412425,152905,1,5,Engaged Customer,115,6
C0119,51,2019-01-07,2024-10-26,67143205.2,42.38,0.0,211.0,2119,5.8,8.79,Very Frequent Customer,Moderate Purchase Gap,Repeat Customer,1316533.44,Government,Manufacturing,West,1079453,124485,4,5,Engaged Customer,115,7
C0380,50,2019-01-29,2024-11-03,77887431.8,42.96,0.0,156.0,2105,5.76,8.68,Very Frequent Customer,Moderate Purchase Gap,Repeat Customer,1557748.64,Fleet Owner,Manufacturing,South,343972,250436,5,5,Engaged Customer,115,8
C0225,48,2019-03-17,2024-07-17,69254158.0,41.47,1.0,159.0,1949,5.34,9.0,Very Frequent Customer,Moderate Purchase Gap,Repeat Customer,1442794.96,Fleet Owner,Logistics,North,431855,283635,5,5,Engaged Customer,115,9
C0215,49,2019-02-28,2024-12-24,73940925.4,44.29,0.0,171.0,2126,5.82,8.42,Very Frequent Customer,Moderate Purchase Gap,Repeat Customer,1508998.48,Corporate,Rental,South,647280,121034,5,5,Engaged Customer,115,10
C0002,51,2019-01-24,2024-09-07,71712838.0,41.06,2.0,316.0,2053,5.62,9.07,Very Frequent Customer,Moderate Purchase Gap,Repeat Customer,1406134.08,Fleet Owner,Manufacturing,South,531506,426735,2,5,Engaged Customer,115,11
C0489,47,2019-04-14,2024-08-17,70625273.0,42.43,1.0,213.0,1952,5.34,8.79,Very Frequent Customer,Moderate Purchase Gap,Repeat Customer,1502665.38,Fleet Owner,Rental,South,594359,581546,5,5,Engaged Customer,115,12
C0254,48,2019-07-01,2024-09-25,89556446.6,40.7,1.0,192.0,1913,5.24,9.16,Very Frequent Customer,Moderate Purchase Gap,Repeat Customer,1865759.3,Dealer,Mining,West,194781,184262,5,5,Engaged Customer,115,13
C0288,55,2019-02-21,2024-10-18,97218403.8,38.26,0.0,136.0,2066,5.66,9.72,Very Frequent Customer,Moderate Purchase Gap,Repeat Customer,1767607.34,Dealer,Infrastructure,North,279745,19656,3,5,Engaged Customer,115,14
C0197,47,2019-02-22,2024-10-18,77464617.6,44.89,1.0,259.0,2065,5.65,8.31,Very Frequent Customer,Moderate Purchase Gap,Repeat Customer,1648183.35,Government,Manufacturing,West,1385304,201035,2,5,Engaged Customer,115,15
C0275,45,2019-06-17,2024-11-06,64270295.0,44.75,2.0,168.0,1969,5.39,8.35,Very Frequent Customer,Moderate Purchase Gap,Repeat Customer,1428228.78,Fleet Owner,Construction,West,651275,262408,5,5,Engaged Customer,115,16
C0209,44,2019-10-18,2024-11-22,65445658.4,43.3,1.0,255.0,1862,5.1,8.63,Frequent Customer,Moderate Purchase Gap,Repeat Customer,1487401.33,Corporate,Infrastructure,East,834417,590973,5,5,Engaged Customer,115,17
C0165,50,2019-02-27,2024-12-24,79168592.4,43.41,1.0,231.0,2127,5.82,8.59,Very Frequent Customer,Moderate Purchase Gap,Repeat Customer,1583371.85,Fleet Owner,Manufacturing,North,364580,79115,4,5,Engaged Customer,115,18
C0178,54,2019-01-22,2024-12-09,89493824.6,40.53,0.0,223.0,2148,5.88,9.18,Very Frequent Customer,Moderate Purchase Gap,Repeat Customer,1657293.05,Dealer,Logistics,East,178736,135022,1,5,Engaged Customer,115,19
C0153,56,2019-01-17,2024-12-12,108200489.6,39.2,1.0,137.0,2156,5.9,9.49,Very Frequent Customer,Moderate Purchase Gap,Repeat Customer,1932151.6,Retail,Rental,East,32014,27630,4,5,Engaged Customer,115,20
C0134,48,2019-03-03,2024-11-24,85243025.2,44.53,1.0,210.0,2093,5.73,8.38,Very Frequent Customer,Moderate Purchase Gap,Repeat Customer,1775896.36,Fleet Owner,Infrastructure,West,369606,281323,5,5,Engaged Customer,115,21
C0080,42,2019-02-20,2024-11-03,56541324.2,50.8,1.0,146.0,2083,5.7,7.36,Frequent Customer,Moderate Purchase Gap,Repeat Customer,1346222.0,Retail,Mining,South,35201,14738,1,5,Moderately Engaged Customer,110,22
C0069,47,2019-02-18,2024-12-11,77108269.8,46.15,1.0,273.0,2123,5.81,8.09,Very Frequent Customer,Moderate Purchase Gap,Repeat Customer,1640601.49,Dealer,Logistics,North,413414,288815,2,5,Moderately Engaged Customer,110,23
C0411,43,2019-07-14,2024-12-12,72229183.0,47.1,1.0,248.0,1978,5.42,7.94,Frequent Customer,Moderate Purchase Gap,Repeat Customer,1679748.44,Corporate,Mining,South,621936,347662,5,5,Moderately Engaged Customer,110,24
C0409,45,2019-01-19,2024-10-09,60821412.6,47.5,1.0,217.0,2090,5.72,7.86,Very Frequent Customer,Moderate Purchase Gap,Repeat Customer,1351586.95,Government,Logistics,West,990136,859423,1,5,Moderately Engaged Customer,110,25
C0082,46,2019-03-17,2024-12-18,77500928.6,46.73,0.0,306.0,2103,5.76,7.99,Very Frequent Customer,Moderate Purchase Gap,Repeat Customer,1684802.8,Fleet Owner,Manufacturing,West,432697,104648,3,5,Moderately Engaged Customer,110,26
C0110,42,2019-01-25,2024-06-21,90807306.0,48.15,3.0,210.0,1974,5.4,7.77,Frequent Customer,Moderate Purchase Gap,Repeat Customer,2162078.71,Dealer,Logistics,Central,107758,68824,5,5,Moderately Engaged Customer,110,27
C0395,44,2019-02-21,2024-12-20,64514679.8,49.51,1.0,222.0,2129,5.83,7.55,Frequent Customer,Moderate Purchase Gap,Repeat Customer,1466242.72,Corporate,Manufacturing,East,680072,209294,1,5,Moderately Engaged Customer,110,28
C0109,44,2019-01-14,2024-12-09,69451949.0,50.14,1.0,225.0,2156,5.9,7.45,Frequent Customer,Moderate Purchase Gap,Repeat Customer,1578453.39,Retail,Mining,South,47756,11043,1,5,Moderately Engaged Customer,110,29
C0375,42,2019-02-20,2024-11-03,81286325.6,50.8,1.0,252.0,2083,5.7,7.36,Frequent Customer,Moderate Purchase Gap,Repeat Customer,1935388.7,Fleet Owner,Mining,West,243350,85892,1,5,Moderately Engaged Customer,110,30
C0374,41,2019-03-07,2024-12-10,68389697.6,52.62,1.0,183.0,2105,5.76,7.11,Frequent Customer,Moderate Purchase Gap,Repeat Customer,1668041.4,Corporate,Manufacturing,West,309830,45731,5,5,Moderately Engaged Customer,110,31
C0142,45,2019-02-06,2024-12-08,84828043.0,48.45,1.0,188.0,2132,5.84,7.71,Very Frequent Customer,Moderate Purchase Gap,Repeat Customer,1885067.62,Retail,Manufacturing,West,34620,17030,1,5,Moderately Engaged Customer,110,32
C0371,47,2019-01-03,2024-11-02,82052808.0,46.3,2.0,178.0,2130,5.83,8.06,Very Frequent Customer,Moderate Purchase Gap,Repeat Customer,1745804.43,Retail,Rental,South,20028,141,3,5,Moderately Engaged Customer,110,33
C0379,41,2019-03-29,2024-12-15,64194052.6,52.2,0.0,164.0,2088,5.72,7.17,Frequent Customer,Moderate Purchase Gap,Repeat Customer,1565708.6,Retail,Mining,West,22642,8448,3,5,Moderately Engaged Customer,110,34
C0383,41,2019-02-18,2024-11-19,68192154.0,52.52,3.0,235.0,2101,5.75,7.13,Frequent Customer,Moderate Purchase Gap,Repeat Customer,1663223.27,Fleet Owner,Infrastructure,North,316263,124305,5,5,Moderately Engaged Customer,110,35
C0099,44,2019-01-10,2024-12-26,56469516.0,50.63,3.0,196.0,2177,5.96,7.38,Frequent Customer,Moderate Purchase Gap,Repeat Customer,1283398.09,Fleet Owner,Rental,South,601814,62089,4,5,Moderately Engaged Customer,110,36
C0124,42,2019-01-11,2024-11-04,54870405.8,51.8,0.0,148.0,2124,5.82,7.22,Frequent Customer,Moderate Purchase Gap,Repeat Customer,1306438.23,Dealer,Construction,West,211359,167163,3,5,Moderately Engaged Customer,110,37
C0071,42,2019-01-24,2024-11-26,72076738.0,52.02,0.0,206.0,2133,5.84,7.19,Frequent Customer,Moderate Purchase Gap,Repeat Customer,1716112.81,Corporate,Rental,North,735733,268163,2,5,Moderately Engaged Customer,110,38
C0076,45,2019-01-12,2024-10-06,80026994.2,47.59,5.0,204.0,2094,5.73,7.85,Very Frequent Customer,Moderate Purchase Gap,Repeat Customer,1778377.65,Government,Mining,South,1094151,760549,2,5,Moderately Engaged Customer,110,39
C0420,46,2019-01-10,2024-11-22,92482888.8,47.62,1.0,187.0,2143,5.87,7.84,Very Frequent Customer,Moderate Purchase Gap,Repeat Customer,2010497.58,Retail,Rental,South,44758,199,3,5,Moderately Engaged Customer,110,40
C0459,41,2019-03-10,2024-12-14,71816909.8,52.65,2.0,160.0,2106,5.77,7.11,Frequent Customer,Moderate Purchase Gap,Repeat Customer,1751631.95,Retail,Logistics,East,16763,15429,5,5,Moderately Engaged Customer,110,41
C0021,45,2019-01-16,2024-10-01,59956738.4,47.39,2.0,258.0,2085,5.71,7.88,Very Frequent Customer,Moderate Purchase Gap,Repeat Customer,1332371.96,Corporate,Mining,South,856624,298508,5,5,Moderately Engaged Customer,110,42
C0024,44,2019-01-22,2024-09-17,60658309.2,48.02,3.0,194.0,2065,5.65,7.78,Frequent Customer,Moderate Purchase Gap,Repeat Customer,1378597.94,Dealer,Rental,South,266822,86814,4,5,Moderately Engaged Customer,110,43
C0467,48,2019-01-02,2024-11-06,62880162.4,45.43,1.0,235.0,2135,5.85,8.21,Very Frequent Customer,Moderate Purchase Gap,Repeat Customer,1310003.38,Retail,Construction,North,10621,1167,5,5,Moderately Engaged Customer,110,44
C0428,43,2019-01-25,2024-08-26,66337820.6,48.57,1.0,165.0,2040,5.59,7.7,Frequent Customer,Moderate Purchase Gap,Repeat Customer,1542740.01,Retail,Construction,North,39509,3190,4,5,Moderately Engaged Customer,110,45
C0045,42,2019-02-02,2024-12-15,75275350.6,52.27,0.0,182.0,2143,5.87,7.16,Frequent Customer,Moderate Purchase Gap,Repeat Customer,1792270.25,Corporate,Rental,East,495460,268927,4,5,Moderately Engaged Customer,110,46
C0060,44,2019-07-20,2024-11-24,77163010.4,45.44,2.0,198.0,1954,5.35,8.22,Frequent Customer,Moderate Purchase Gap,Repeat Customer,1753704.78,Dealer,Mining,South,350950,129725,1,5,Moderately Engaged Customer,110,47
C0425,41,2019-01-17,2024-12-09,67882732.6,53.82,1.0,278.0,2153,5.89,6.96,Frequent Customer,Moderate Purchase Gap,Repeat Customer,1655676.4,Dealer,Manufacturing,South,197706,90771,3,5,Moderately Engaged Customer,110,48
C0466,47,2019-03-19,2024-12-13,88329161.4,45.57,1.0,219.0,2096,5.74,8.19,Very Frequent Customer,Moderate Purchase Gap,Repeat Customer,1879343.86,Retail,Manufacturing,South,17753,15154,3,5,Moderately Engaged Customer,110,49
C0429,42,2019-02-08,2024-10-21,69444114.2,50.78,0.0,265.0,2082,5.7,7.37,Frequent Customer,Moderate Purchase Gap,Repeat Customer,1653431.29,Fleet Owner,Logistics,West,375146,303392,3,5,Moderately Engaged Customer,110,50
C0427,41,2019-02-07,2024-11-26,53149424.2,52.98,1.0,240.0,2119,5.8,7.07,Frequent Customer,Moderate Purchase Gap,Repeat Customer,1296327.42,Corporate,Mining,West,334941,5247,3,5,Moderately Engaged Customer,110,51
C0440,44,2019-01-29,2024-10-21,82426773.6,48.65,1.0,166.0,2092,5.73,7.68,Frequent Customer,Moderate Purchase Gap,Repeat Customer,1873335.76,Retail,Manufacturing,South,17475,3995,5,5,Moderately Engaged Customer,110,52
C0478,44,2019-02-04,2024-12-29,75901402.2,50.12,0.0,247.0,2155,5.9,7.46,Frequent Customer,Moderate Purchase Gap,Repeat Customer,1725031.87,Retail,Rental,North,15416,13473,1,5,Moderately Engaged Customer,110,53
C0326,42,2019-03-14,2024-12-30,66177447.4,51.66,2.0,169.0,2118,5.8,7.24,Frequent Customer,Moderate Purchase Gap,Repeat Customer,1575653.51,Government,Mining,East,1143072,798334,4,5,Moderately Engaged Customer,110,54
C0160,44,2019-02-19,2024-11-23,70762190.2,48.93,1.0,207.0,2104,5.76,7.64,Frequent Customer,Moderate Purchase Gap,Repeat Customer,1608231.6,Retail,Rental,West,45628,6888,2,5,Moderately Engaged Customer,110,55
C0154,45,2019-01-29,2024-08-21,74171590.6,46.16,0.0,155.0,2031,5.56,8.09,Very Frequent Customer,Moderate Purchase Gap,Repeat Customer,1648257.57,Fleet Owner,Logistics,North,305293,279000,5,5,Moderately Engaged Customer,110,56
C0176,42,2019-01-14,2024-08-07,66901722.8,49.56,1.0,193.0,2032,5.56,7.55,Frequent Customer,Moderate Purchase Gap,Repeat Customer,1592898.16,Dealer,Logistics,South,397313,332315,2,5,Moderately Engaged Customer,110,57
C0306,42,2019-07-19,2024-12-16,69813587.0,48.22,2.0,199.0,1977,5.41,7.76,Frequent Customer,Moderate Purchase Gap,Repeat Customer,1662228.26,Fleet Owner,Manufacturing,East,126541,117140,1,5,Moderately Engaged Customer,110,58
C0301,46,2019-01-13,2024-12-19,63821535.6,48.16,0.0,285.0,2167,5.93,7.75,Very Frequent Customer,Moderate Purchase Gap,Repeat Customer,1387424.69,Dealer,Mining,East,388632,1511,5,5,Moderately Engaged Customer,110,59
C0307,42,2019-01-15,2024-11-24,73655534.6,52.2,1.0,169.0,2140,5.86,7.17,Frequent Customer,Moderate Purchase Gap,Repeat Customer,1753703.2,Dealer,Manufacturing,West,302503,100600,1,5,Moderately Engaged Customer,110,60
C0327,43,2019-02-01,2024-12-06,61017008.6,50.83,1.0,270.0,2135,5.85,7.36,Frequent Customer,Moderate Purchase Gap,Repeat Customer,1419000.2,Retail,Mining,West,37994,22697,1,5,Moderately Engaged Customer,110,61
C0276,44,2019-01-08,2024-12-29,67350598.6,50.74,1.0,186.0,2182,5.97,7.37,Frequent Customer,Moderate Purchase Gap,Repeat Customer,1530695.42,Dealer,Manufacturing,Central,337657,283507,3,5,Moderately Engaged Customer,110,62
C0282,44,2019-01-17,2024-12-24,69381309.6,50.42,0.0,303.0,2168,5.94,7.41,Frequent Customer,Moderate Purchase Gap,Repeat Customer,1576847.95,Government,Logistics,East,1271863,328689,2,5,Moderately Engaged Customer,110,63
C0004,46,2019-03-21,2024-12-31,60843242.8,46.93,0.0,212.0,2112,5.78,7.96,Very Frequent Customer,Moderate Purchase Gap,Repeat Customer,1322679.19,Fleet Owner,Logistics,South,506336,250255,3,5,Moderately Engaged Customer,110,64
C0270,43,2019-03-27,2024-12-20,68114112.8,49.88,0.0,251.0,2095,5.74,7.5,Frequent Customer,Moderate Purchase Gap,Repeat Customer,1584049.13,Corporate,Manufacturing,North,711134,413227,2,5,Moderately Engaged Customer,110,65
C0221,44,2019-01-17,2024-09-05,82001959.0,47.86,1.0,307.0,2058,5.63,7.81,Frequent Customer,Moderate Purchase Gap,Repeat Customer,1863680.89,Dealer,Logistics,North,244567,24830,5,5,Moderately Engaged Customer,110,66
C0280,42,2019-01-12,2024-11-05,59078520.8,51.8,1.0,192.0,2124,5.82,7.22,Frequent Customer,Moderate Purchase Gap,Repeat Customer,1406631.45,Corporate,Construction,West,252022,26117,4,5,Moderately Engaged Customer,110,67
C0196,48,2019-01-09,2024-10-28,71291851.6,45.09,0.0,253.0,2119,5.8,8.27,Very Frequent Customer,Moderate Purchase Gap,Repeat Customer,1485246.91,Fleet Owner,Rental,North East,318408,222601,3,5,Moderately Engaged Customer,110,68
C0201,47,2019-02-01,2024-12-13,80475593.0,46.57,0.0,274.0,2142,5.86,8.01,Very Frequent Customer,Moderate Purchase Gap,Repeat Customer,1712246.66,Dealer,Infrastructure,South,468119,467851,4,5,Moderately Engaged Customer,110,69
C0211,42,2019-03-06,2024-11-20,59389779.2,50.88,1.0,212.0,2086,5.71,7.35,Frequent Customer,Moderate Purchase Gap,Repeat Customer,1414042.36,Fleet Owner,Manufacturing,South,323531,251580,1,5,Moderately Engaged Customer,110,70
C0250,43,2019-03-08,2024-12-20,74416923.4,50.33,2.0,209.0,2114,5.79,7.43,Frequent Customer,Moderate Purchase Gap,Repeat Customer,1730626.13,Government,Infrastructure,East,886619,515833,2,5,Moderately Engaged Customer,110,71
C0490,44,2019-01-26,2024-12-29,84742703.8,50.33,1.0,216.0,2164,5.92,7.43,Frequent Customer,Moderate Purchase Gap,Repeat Customer,1925970.54,Government,Logistics,West,1262928,379981,3,5,Moderately Engaged Customer,110,72
C0495,48,2019-01-28,2024-11-25,94540537.6,45.28,1.0,223.0,2128,5.83,8.24,Very Frequent Customer,Moderate Purchase Gap,Repeat Customer,1969594.53,Fleet Owner,Infrastructure,North,414484,135441,2,5,Moderately Engaged Customer,110,73
C0013,44,2019-01-02,2024-10-27,76843692.4,49.42,0.0,155.0,2125,5.82,7.56,Frequent Customer,Moderate Purchase Gap,Repeat Customer,1746447.55,Dealer,Construction,West,425862,104029,2,5,Moderately Engaged Customer,110,74
C0005,45,2019-02-28,2024-10-04,74996415.4,46.48,0.0,143.0,2045,5.6,8.04,Very Frequent Customer,Moderate Purchase Gap,Repeat Customer,1666587.01,Dealer,Construction,West,380783,183927,2,5,Moderately Engaged Customer,110,75
C0010,46,2019-01-23,2024-11-27,63051038.4,47.44,1.0,214.0,2135,5.85,7.87,Very Frequent Customer,Moderate Purchase Gap,Repeat Customer,1370674.75,Dealer,Construction,South,277717,105625,5,5,Moderately Engaged Customer,110,76
C0483,47,2019-02-20,2024-12-18,96130859.2,46.26,0.0,162.0,2128,5.83,8.07,Very Frequent Customer,Moderate Purchase Gap,Repeat Customer,2045337.43,Corporate,Rental,North,511858,312732,1,5,Moderately Engaged Customer,110,77
C0255,45,2019-01-05,2024-11-11,71144094.2,48.57,0.0,189.0,2137,5.85,7.69,Very Frequent Customer,Moderate Purchase Gap,Repeat Customer,1580979.87,Retail,Infrastructure,South,22302,1943,4,5,Moderately Engaged Customer,110,78
C0257,43,2019-01-18,2024-12-23,76189558.0,51.57,1.0,237.0,2166,5.93,7.25,Frequent Customer,Moderate Purchase Gap,Repeat Customer,1771850.19,Corporate,Logistics,North,443957,112531,1,5,Moderately Engaged Customer,110,79
C0242,47,2019-01-30,2024-11-18,73225487.6,46.07,0.0,272.0,2119,5.8,8.1,Very Frequent Customer,Moderate Purchase Gap,Repeat Customer,1557989.1,Government,Construction,South,568255,46526,3,5,Moderately Engaged Customer,110,80
C0244,44,2019-05-06,2024-12-09,77550764.4,47.53,1.0,169.0,2044,5.6,7.86,Frequent Customer,Moderate Purchase Gap,Repeat Customer,1762517.37,Government,Logistics,North,1113022,736516,3,5,Moderately Engaged Customer,110,81
C0237,44,2019-01-28,2024-10-15,74820743.4,48.53,4.0,150.0,2087,5.71,7.7,Frequent Customer,Moderate Purchase Gap,Repeat Customer,1700471.44,Dealer,Infrastructure,South,488722,178656,5,5,Moderately Engaged Customer,110,82
C0220,43,2019-01-19,2024-11-06,53467975.0,50.43,0.0,286.0,2118,5.8,7.42,Frequent Customer,Moderate Purchase Gap,Repeat Customer,1243441.28,Government,Infrastructure,Central,1116238,93524,2,5,Moderately Engaged Customer,110,83
C0285,47,2019-02-11,2024-12-05,54036327.8,46.17,1.0,196.0,2124,5.82,8.08,Very Frequent Customer,Moderate Purchase Gap,Repeat Customer,1149709.1,Government,Infrastructure,West,1359546,764093,4,5,Moderately Engaged Customer,110,84
C0200,47,2019-02-09,2024-11-25,84469856.6,46.0,1.0,177.0,2116,5.79,8.11,Very Frequent Customer,Moderate Purchase Gap,Repeat Customer,1797230.99,Retail,Logistics,East,12816,11546,2,5,Moderately Engaged Customer,110,85
C0359,46,2019-02-12,2024-11-28,85617784.0,47.02,0.0,115.0,2116,5.79,7.94,Very Frequent Customer,Moderate Purchase Gap,Repeat Customer,1861256.17,Fleet Owner,Mining,South,413735,90805,3,5,Moderately Engaged Customer,110,86
C0356,45,2019-03-16,2024-12-05,79690881.0,47.52,5.0,145.0,2091,5.72,7.86,Very Frequent Customer,Moderate Purchase Gap,Repeat Customer,1770908.47,Dealer,Mining,East,277333,232370,2,5,Moderately Engaged Customer,110,87
C0331,42,2019-04-12,2024-12-15,67826105.8,50.59,1.0,178.0,2074,5.68,7.4,Frequent Customer,Moderate Purchase Gap,Repeat Customer,1614907.28,Dealer,Logistics,North,270715,127398,2,5,Moderately Engaged Customer,110,88
C0413,41,2019-02-06,2024-11-08,62380011.4,52.55,2.0,235.0,2102,5.75,7.12,Frequent Customer,Moderate Purchase Gap,Repeat Customer,1521463.69,Fleet Owner,Manufacturing,South,225464,22974,1,5,Moderately Engaged Customer,110,89
C0046,46,2019-02-03,2024-12-09,87078641.0,47.47,0.0,136.0,2136,5.85,7.87,Very Frequent Customer,Moderate Purchase Gap,Repeat Customer,1893013.93,Retail,Rental,West,14743,2408,3,5,Moderately Engaged Customer,110,90
C0040,43,2019-02-23,2024-12-21,53757984.6,50.67,0.0,223.0,2128,5.83,7.38,Frequent Customer,Moderate Purchase Gap,Repeat Customer,1250185.69,Government,Logistics,North,842290,805196,2,5,Moderately Engaged Customer,110,91
C0090,43,2019-03-16,2024-10-22,51915256.6,48.74,0.0,290.0,2047,5.6,7.67,Frequent Customer,Moderate Purchase Gap,Repeat Customer,1207331.55,Government,Infrastructure,North,1009986,294069,1,5,Moderately Engaged Customer,110,92
C0403,45,2019-02-19,2024-12-10,80523517.0,48.2,3.0,145.0,2121,5.81,7.75,Very Frequent Customer,Moderate Purchase Gap,Repeat Customer,1789411.49,Government,Construction,East,954046,440000,4,5,Moderately Engaged Customer,110,93
C0032,44,2019-01-23,2024-10-25,71991263.0,48.88,0.0,196.0,2102,5.75,7.65,Frequent Customer,Moderate Purchase Gap,Repeat Customer,1636165.07,Government,Logistics,West,1262598,420821,5,5,Moderately Engaged Customer,110,94
C0294,45,2019-03-26,2024-12-27,79772077.0,47.8,5.0,201.0,2103,5.76,7.82,Very Frequent Customer,Moderate Purchase Gap,Repeat Customer,1772712.82,Government,Infrastructure,South,826435,405286,4,5,Moderately Engaged Customer,110,95
C0240,46,2019-02-19,2024-11-10,92835709.4,46.47,0.0,287.0,2091,5.72,8.04,Very Frequent Customer,Moderate Purchase Gap,Repeat Customer,2018167.6,Corporate,Manufacturing,South,695741,453727,1,5,Moderately Engaged Customer,110,96
C0207,45,2019-02-10,2024-10-13,87068691.0,47.09,0.0,134.0,2072,5.67,7.93,Very Frequent Customer,Moderate Purchase Gap,Repeat Customer,1934859.8,Corporate,Rental,East,463240,70498,1,5,Moderately Engaged Customer,110,97
C0304,48,2019-01-26,2024-12-25,86460648.4,45.96,1.0,185.0,2160,5.91,8.12,Very Frequent Customer,Moderate Purchase Gap,Repeat Customer,1801263.51,Dealer,Construction,North,177177,155235,5,5,Moderately Engaged Customer,110,98
C0311,41,2019-02-03,2024-09-17,69331648.2,51.32,3.0,221.0,2053,5.62,7.29,Frequent Customer,Moderate Purchase Gap,Repeat Customer,1691015.81,Government,Infrastructure,North,1148922,76276,4,5,Moderately Engaged Customer,110,99
C0291,46,2019-03-13,2024-12-03,79064597.0,46.49,0.0,187.0,2092,5.73,8.03,Very Frequent Customer,Moderate Purchase Gap,Repeat Customer,1718795.59,Retail,Construction,South,34183,21689,2,5,Moderately Engaged Customer,110,100
C0087,39,2019-01-22,2024-12-17,50370513.4,56.74,1.0,218.0,2156,5.9,6.61,Frequent Customer,Moderate Purchase Gap,Repeat Customer,1291551.63,Government,Logistics,South,831098,749605,3,4,Moderately Engaged Customer,90,101
C0373,38,2019-04-03,2024-09-02,69753317.8,53.49,3.0,295.0,1979,5.42,7.01,Frequent Customer,Moderate Purchase Gap,Repeat Customer,1835613.63,Corporate,Manufacturing,South,502349,395823,3,4,Moderately Engaged Customer,90,102
C0377,37,2019-02-01,2024-12-07,68519191.2,59.33,2.0,211.0,2136,5.85,6.33,Frequent Customer,Moderate Purchase Gap,Repeat Customer,1851870.03,Dealer,Logistics,West,162271,99916,3,4,Moderately Engaged Customer,90,103
C0393,39,2019-03-27,2024-12-18,51240981.8,55.08,1.0,170.0,2093,5.73,6.81,Frequent Customer,Moderate Purchase Gap,Repeat Customer,1313871.33,Retail,Rental,East,41273,8717,3,4,Moderately Engaged Customer,90,104
C0394,40,2019-03-08,2024-11-21,69936379.2,53.46,1.0,225.0,2085,5.71,7.01,Frequent Customer,Moderate Purchase Gap,Repeat Customer,1748409.48,Government,Construction,South,685435,586864,4,4,Moderately Engaged Customer,90,105
C0396,38,2019-01-14,2024-12-07,64506474.4,58.22,3.0,338.0,2154,5.9,6.44,Frequent Customer,Moderate Purchase Gap,Repeat Customer,1697538.8,Government,Manufacturing,West,753812,37466,2,4,Moderately Engaged Customer,90,106
C0399,39,2019-01-03,2024-12-25,59287998.0,57.45,0.0,207.0,2183,5.98,6.53,Frequent Customer,Moderate Purchase Gap,Repeat Customer,1520205.08,Fleet Owner,Rental,South,384480,12371,3,4,Moderately Engaged Customer,90,107
C0101,38,2019-02-26,2024-10-10,62629058.6,55.49,4.0,253.0,2053,5.62,6.76,Frequent Customer,Moderate Purchase Gap,Repeat Customer,1648133.12,Corporate,Logistics,South,242777,155072,5,4,Moderately Engaged Customer,90,108
C0113,41,2019-01-13,2024-12-23,78713400.0,54.28,0.0,192.0,2171,5.94,6.9,Frequent Customer,Moderate Purchase Gap,Repeat Customer,1919839.02,Corporate,Logistics,South,965190,17579,2,4,Moderately Engaged Customer,90,109
C0407,38,2019-02-01,2024-12-25,54609453.4,58.22,2.0,288.0,2154,5.9,6.44,Frequent Customer,Moderate Purchase Gap,Repeat Customer,1437090.88,Dealer,Logistics,South,379116,62934,2,4,Moderately Engaged Customer,90,110
C0058,40,2019-01-23,2024-12-24,56831525.0,55.44,3.0,282.0,2162,5.92,6.76,Frequent Customer,Moderate Purchase Gap,Repeat Customer,1420788.12,Retail,Infrastructure,West,43362,11601,3,4,Moderately Engaged Customer,90,111
C0443,40,2019-03-27,2024-11-18,64951558.8,52.9,0.0,241.0,2063,5.65,7.08,Frequent Customer,Moderate Purchase Gap,Repeat Customer,1623788.97,Dealer,Infrastructure,East,466614,183013,1,4,Moderately Engaged Customer,90,112
C0450,38,2019-01-15,2024-09-12,55345960.4,55.86,4.0,272.0,2067,5.66,6.71,Frequent Customer,Moderate Purchase Gap,Repeat Customer,1456472.64,Fleet Owner,Construction,East,139226,122462,5,4,Moderately Engaged Customer,90,113
C0027,39,2019-03-25,2024-12-26,54309976.4,55.34,1.0,261.0,2103,5.76,6.77,Frequent Customer,Moderate Purchase Gap,Repeat Customer,1392563.5,Fleet Owner,Logistics,West,119712,6429,1,4,Moderately Engaged Customer,90,114
C0025,38,2019-01-29,2024-08-18,70349653.0,54.81,1.0,282.0,2028,5.55,6.84,Frequent Customer,Moderate Purchase Gap,Repeat Customer,1851306.66,Corporate,Infrastructure,West,738335,521844,2,4,Moderately Engaged Customer,90,115
C0432,37,2019-01-26,2024-10-04,49310040.8,57.72,0.0,282.0,2078,5.69,6.5,Frequent Customer,Moderate Purchase Gap,Repeat Customer,1332703.81,Fleet Owner,Mining,South,378549,339143,3,4,Moderately Engaged Customer,90,116
C0499,39,2019-01-18,2024-11-29,62785837.0,56.37,0.0,228.0,2142,5.86,6.65,Frequent Customer,Moderate Purchase Gap,Repeat Customer,1609893.26,Corporate,Construction,East,598104,54844,5,4,Moderately Engaged Customer,90,117
C0130,39,2019-02-17,2024-11-16,60017312.8,55.24,2.0,204.0,2099,5.75,6.79,Frequent Customer,Moderate Purchase Gap,Repeat Customer,1538905.46,Government,Mining,West,1196003,228242,1,4,Moderately Engaged Customer,90,118
C0236,41,2019-03-21,2024-10-25,57861179.0,51.12,0.0,262.0,2045,5.6,7.32,Frequent Customer,Moderate Purchase Gap,Repeat Customer,1411248.27,Corporate,Mining,West,413027,200865,1,4,Moderately Engaged Customer,90,119
C0493,38,2019-02-18,2024-11-22,54684935.2,56.86,1.0,303.0,2104,5.76,6.6,Frequent Customer,Moderate Purchase Gap,Repeat Customer,1439077.24,Retail,Construction,South,18646,17697,3,4,Moderately Engaged Customer,90,120
C0017,39,2019-01-31,2024-12-21,59194497.0,56.61,2.0,244.0,2151,5.89,6.62,Frequent Customer,Moderate Purchase Gap,Repeat Customer,1517807.62,Government,Infrastructure,South,1155360,986611,1,4,Moderately Engaged Customer,90,121
C0222,41,2019-01-30,2024-12-13,57177978.6,53.6,1.0,226.0,2144,5.87,6.98,Frequent Customer,Moderate Purchase Gap,Repeat Customer,1394584.84,Fleet Owner,Logistics,North,501339,373637,5,4,Moderately Engaged Customer,90,122
C0241,39,2019-02-01,2024-10-31,73396972.0,55.24,0.0,372.0,2099,5.75,6.79,Frequent Customer,Moderate Purchase Gap,Repeat Customer,1881973.64,Government,Construction,West,973243,304765,1,4,Moderately Engaged Customer,90,123
C0273,37,2019-05-04,2024-12-31,60830001.0,57.44,3.0,241.0,2068,5.66,6.53,Frequent Customer,Moderate Purchase Gap,Repeat Customer,1644054.08,Dealer,Manufacturing,East,181148,167313,1,4,Moderately Engaged Customer,90,124
C0496,37,2019-02-17,2024-12-27,48190097.0,59.44,1.0,285.0,2140,5.86,6.32,Frequent Customer,Moderate Purchase Gap,Repeat Customer,1302435.05,Government,Infrastructure,East,993386,256383,5,4,Moderately Engaged Customer,90,125
C0274,39,2019-01-08,2024-06-27,54639688.2,52.55,0.0,202.0,1997,5.47,7.13,Frequent Customer,Moderate Purchase Gap,Repeat Customer,1401017.65,Dealer,Mining,North,463140,127143,3,4,Moderately Engaged Customer,90,126
C0219,39,2019-01-09,2024-12-21,59976015.0,57.18,6.0,156.0,2173,5.95,6.56,Frequent Customer,Moderate Purchase Gap,Repeat Customer,1537846.54,Government,Manufacturing,West,1072558,185057,2,4,Moderately Engaged Customer,90,127
C0206,40,2019-01-08,2024-12-11,89674652.2,55.49,2.0,246.0,2164,5.92,6.75,Frequent Customer,Moderate Purchase Gap,Repeat Customer,2241866.31,Retail,Construction,West,29675,24913,3,4,Moderately Engaged Customer,90,128
C0284,41,2019-01-09,2024-12-23,69641823.4,54.38,2.0,244.0,2175,5.95,6.89,Frequent Customer,Moderate Purchase Gap,Repeat Customer,1698581.06,Corporate,Manufacturing,East,948858,247207,1,4,Moderately Engaged Customer,90,129
C0278,38,2019-08-12,2024-12-03,47107787.2,52.43,2.0,182.0,1940,5.31,7.15,Frequent Customer,Moderate Purchase Gap,Repeat Customer,1239678.61,Fleet Owner,Logistics,West,312177,50733,4,4,Moderately Engaged Customer,90,130
C0272,39,2019-09-01,2024-12-13,75550922.6,50.79,0.0,150.0,1930,5.28,7.38,Frequent Customer,Moderate Purchase Gap,Repeat Customer,1937203.14,Government,Construction,North,963398,856171,1,4,Moderately Engaged Customer,90,131
C0216,39,2019-01-27,2024-11-20,62009378.6,55.89,2.0,214.0,2124,5.82,6.71,Frequent Customer,Moderate Purchase Gap,Repeat Customer,1589984.07,Government,Mining,East,1360073,1039649,1,4,Moderately Engaged Customer,90,132
C0269,41,2019-01-12,2024-11-22,61642030.4,53.52,1.0,225.0,2141,5.86,6.99,Frequent Customer,Moderate Purchase Gap,Repeat Customer,1503464.16,Government,Mining,South,1060345,618,1,4,Moderately Engaged Customer,90,133
C0172,37,2019-08-18,2024-11-27,57323600.2,53.56,4.0,153.0,1928,5.28,7.01,Frequent Customer,Moderate Purchase Gap,Repeat Customer,1549286.49,Dealer,Manufacturing,South,425290,197440,1,4,Moderately Engaged Customer,90,134
C0169,40,2019-03-25,2024-10-27,69450095.6,52.38,2.0,173.0,2043,5.59,7.15,Frequent Customer,Moderate Purchase Gap,Repeat Customer,1736252.39,Fleet Owner,Construction,West,693290,315019,4,4,Moderately Engaged Customer,90,135
C0321,38,2019-01-04,2024-06-28,54558976.4,54.11,1.0,237.0,2002,5.48,6.93,Frequent Customer,Moderate Purchase Gap,Repeat Customer,1435762.54,Retail,Logistics,South,33291,18767,2,4,Moderately Engaged Customer,90,136
C0193,38,2019-01-10,2024-11-30,67795348.0,58.14,0.0,305.0,2151,5.89,6.45,Frequent Customer,Moderate Purchase Gap,Repeat Customer,1784088.11,Dealer,Infrastructure,West,495310,178591,4,4,Moderately Engaged Customer,90,137
C0149,38,2019-02-28,2024-12-12,65235052.4,57.14,0.0,340.0,2114,5.79,6.57,Frequent Customer,Moderate Purchase Gap,Repeat Customer,1716711.91,Government,Manufacturing,West,1227707,1171024,3,4,Moderately Engaged Customer,90,138
C0186,40,2019-02-17,2024-12-11,70676837.0,54.46,1.0,228.0,2124,5.82,6.88,Frequent Customer,Moderate Purchase Gap,Repeat Customer,1766920.92,Fleet Owner,Infrastructure,East,198216,73566,3,4,Moderately Engaged Customer,90,139
C0300,40,2019-05-05,2024-11-18,72746205.0,51.9,1.0,183.0,2024,5.54,7.22,Frequent Customer,Moderate Purchase Gap,Repeat Customer,1818655.12,Dealer,Mining,North,121112,70050,1,4,Moderately Engaged Customer,90,140
C0290,40,2019-03-04,2024-11-15,57372288.2,53.41,3.0,194.0,2083,5.7,7.01,Frequent Customer,Moderate Purchase Gap,Repeat Customer,1434307.2,Corporate,Construction,West,506218,233450,3,4,Moderately Engaged Customer,90,141
C0106,39,2019-04-07,2024-11-12,58339475.8,53.84,5.0,170.0,2046,5.6,6.96,Frequent Customer,Moderate Purchase Gap,Repeat Customer,1495883.99,Dealer,Infrastructure,Central,223855,212350,2,4,Moderately Engaged Customer,90,142
C0105,41,2019-05-25,2024-11-26,57202879.8,50.3,1.0,193.0,2012,5.51,7.44,Frequent Customer,Moderate Purchase Gap,Repeat Customer,1395192.19,Government,Logistics,North,1275897,228879,4,4,Moderately Engaged Customer,90,143
C0103,40,2019-02-21,2024-08-29,75304293.2,51.69,1.0,206.0,2016,5.52,7.25,Frequent Customer,Moderate Purchase Gap,Repeat Customer,1882607.33,Dealer,Infrastructure,South,167168,77679,4,4,Moderately Engaged Customer,90,144
C0414,40,2019-02-16,2024-12-31,66316815.6,55.0,0.0,360.0,2145,5.87,6.81,Frequent Customer,Moderate Purchase Gap,Repeat Customer,1657920.39,Dealer,Construction,South,252548,96330,4,4,Moderately Engaged Customer,90,145
C0070,41,2019-02-04,2024-12-20,76883391.4,53.65,2.0,177.0,2146,5.88,6.98,Frequent Customer,Moderate Purchase Gap,Repeat Customer,1875204.67,Government,Logistics,West,549454,84153,3,4,Moderately Engaged Customer,90,146
C0100,38,2019-01-25,2024-09-10,48373950.0,55.54,2.0,188.0,2055,5.63,6.75,Frequent Customer,Moderate Purchase Gap,Repeat Customer,1272998.68,Government,Construction,North,504876,56494,3,4,Moderately Engaged Customer,90,147
C0385,37,2019-07-27,2024-09-23,67435700.6,52.36,3.0,211.0,1885,5.16,7.17,Frequent Customer,Moderate Purchase Gap,Repeat Customer,1822586.5,Corporate,Manufacturing,West,406137,295086,2,4,Moderately Engaged Customer,90,148
C0384,39,2019-02-05,2024-09-09,72157498.2,53.76,2.0,203.0,2043,5.59,6.97,Frequent Customer,Moderate Purchase Gap,Repeat Customer,1850192.26,Retail,Construction,South,30122,4580,3,4,Moderately Engaged Customer,90,149
C0422,37,2019-09-19,2024-11-04,65678984.2,52.03,1.0,217.0,1873,5.13,7.22,Frequent Customer,Moderate Purchase Gap,Repeat Customer,1775107.68,Government,Construction,South,858335,605029,5,4,Moderately Engaged Customer,90,150
C0416,37,2019-01-05,2024-10-20,46006682.0,58.75,1.0,302.0,2115,5.79,6.39,Frequent Customer,Moderate Purchase Gap,Repeat Customer,1243423.84,Dealer,Manufacturing,South,498960,179763,2,4,Moderately Engaged Customer,90,151
C0074,39,2019-01-10,2024-12-31,50426138.6,57.42,1.0,212.0,2182,5.97,6.53,Frequent Customer,Moderate Purchase Gap,Repeat Customer,1292977.91,Fleet Owner,Infrastructure,East,259356,11327,5,4,Moderately Engaged Customer,90,152
C0084,39,2019-04-29,2024-09-22,73317161.4,51.92,1.0,217.0,1973,5.4,7.22,Frequent Customer,Moderate Purchase Gap,Repeat Customer,1879927.22,Corporate,Logistics,West,522422,458160,3,4,Moderately Engaged Customer,90,153
C0410,39,2019-03-03,2024-11-27,59804309.8,55.16,2.0,213.0,2096,5.74,6.8,Frequent Customer,Moderate Purchase Gap,Repeat Customer,1533443.84,Corporate,Mining,South,320500,286790,4,4,Moderately Engaged Customer,90,154
C0068,39,2019-03-11,2024-12-06,57372766.4,55.18,2.0,186.0,2097,5.74,6.79,Frequent Customer,Moderate Purchase Gap,Repeat Customer,1471096.57,Retail,Mining,North,27354,3730,1,4,Moderately Engaged Customer,90,155
C0029,38,2019-01-16,2024-06-30,58176890.6,53.84,1.0,166.0,1992,5.45,6.97,Frequent Customer,Moderate Purchase Gap,Repeat Customer,1530970.81,Dealer,Construction,South,403949,343364,1,4,Moderately Engaged Customer,90,156
C0049,39,2019-01-25,2024-12-25,82316206.2,56.87,2.0,284.0,2161,5.92,6.59,Frequent Customer,Moderate Purchase Gap,Repeat Customer,2110671.95,Dealer,Manufacturing,South,116389,95867,5,4,Moderately Engaged Customer,90,157
C0469,40,2019-01-04,2024-12-18,68502617.4,55.77,0.0,280.0,2175,5.95,6.72,Frequent Customer,Moderate Purchase Gap,Repeat Customer,1712565.44,Government,Manufacturing,North,959081,324787,1,4,Moderately Engaged Customer,90,158
C0471,37,2019-02-23,2024-11-27,65501994.2,58.44,1.0,316.0,2104,5.76,6.42,Frequent Customer,Moderate Purchase Gap,Repeat Customer,1770324.17,Fleet Owner,Logistics,West,601565,128183,5,4,Moderately Engaged Customer,90,159
C0481,39,2019-01-03,2024-12-31,60397194.2,57.61,1.0,296.0,2189,5.99,6.51,Frequent Customer,Moderate Purchase Gap,Repeat Customer,1548646.01,Corporate,Logistics,South,437015,243932,5,4,Moderately Engaged Customer,90,160
C0022,38,2019-01-13,2024-11-06,56759064.0,57.41,2.0,196.0,2124,5.82,6.53,Frequent Customer,Moderate Purchase Gap,Repeat Customer,1493659.58,Retail,Infrastructure,South,47651,19003,3,4,Moderately Engaged Customer,90,161
C0451,37,2019-01-07,2024-07-06,49725150.4,55.75,2.0,164.0,2007,5.49,6.73,Frequent Customer,Moderate Purchase Gap,Repeat Customer,1343922.98,Government,Manufacturing,East,1083798,936832,3,4,Moderately Engaged Customer,90,162
C0041,38,2019-01-11,2024-06-11,68044561.6,53.46,2.0,211.0,1978,5.42,7.02,Frequent Customer,Moderate Purchase Gap,Repeat Customer,1790646.36,Government,Rental,South,592802,392894,5,4,Moderately Engaged Customer,90,163
C0039,38,2019-04-17,2024-11-28,62706510.2,55.46,1.0,261.0,2052,5.62,6.76,Frequent Customer,Moderate Purchase Gap,Repeat Customer,1650171.32,Fleet Owner,Rental,South,343809,119070,4,4,Moderately Engaged Customer,90,164
C0042,41,2019-01-25,2024-10-13,73882726.2,52.2,0.0,213.0,2088,5.72,7.17,Frequent Customer,Moderate Purchase Gap,Repeat Customer,1802017.71,Fleet Owner,Rental,South,731768,472737,4,4,Moderately Engaged Customer,90,165
C0438,39,2019-06-17,2024-09-01,61720027.0,50.08,1.0,202.0,1903,5.21,7.49,Frequent Customer,Moderate Purchase Gap,Repeat Customer,1582564.79,Corporate,Rental,East,482026,171913,2,4,Moderately Engaged Customer,90,166
C0464,38,2019-01-18,2024-09-13,67405736.8,55.81,0.0,238.0,2065,5.65,6.72,Frequent Customer,Moderate Purchase Gap,Repeat Customer,1773835.18,Corporate,Infrastructure,North,703261,194204,1,4,Moderately Engaged Customer,90,167
C0458,38,2019-07-09,2024-12-28,50799400.6,54.03,1.0,266.0,1999,5.47,6.94,Frequent Customer,Moderate Purchase Gap,Repeat Customer,1336826.33,Dealer,Manufacturing,West,162635,61520,4,4,Moderately Engaged Customer,90,168
C0063,38,2019-02-28,2024-12-19,72065344.4,57.32,0.0,178.0,2121,5.81,6.54,Frequent Customer,Moderate Purchase Gap,Repeat Customer,1896456.43,Retail,Rental,North,26508,25298,5,4,Moderately Engaged Customer,90,169
C0035,38,2019-01-07,2024-11-12,53340276.8,57.73,1.0,188.0,2136,5.85,6.5,Frequent Customer,Moderate Purchase Gap,Repeat Customer,1403691.49,Dealer,Infrastructure,Central,333126,90011,4,4,Moderately Engaged Customer,90,170
C0421,38,2019-04-06,2024-06-21,69466242.8,51.43,2.0,138.0,1903,5.21,7.29,Frequent Customer,Moderate Purchase Gap,Repeat Customer,1828059.02,Retail,Construction,South,35710,11463,3,4,Moderately Engaged Customer,90,171
C0335,38,2019-01-31,2024-11-03,60351028.0,56.84,1.0,245.0,2103,5.76,6.6,Frequent Customer,Moderate Purchase Gap,Repeat Customer,1588184.95,Government,Infrastructure,North East,989169,722277,5,4,Moderately Engaged Customer,90,172
C0333,39,2019-01-09,2024-12-02,63220923.0,56.68,3.0,240.0,2154,5.9,6.61,Frequent Customer,Moderate Purchase Gap,Repeat Customer,1621049.31,Corporate,Mining,South,523789,445736,3,4,Moderately Engaged Customer,90,173
C0330,38,2019-02-12,2024-08-10,54285450.6,54.22,8.0,157.0,2006,5.49,6.92,Frequent Customer,Moderate Purchase Gap,Repeat Customer,1428564.49,Retail,Infrastructure,East,41835,63,3,4,Moderately Engaged Customer,90,174
C0346,39,2019-01-21,2024-11-15,54686860.8,55.92,2.0,322.0,2125,5.82,6.7,Frequent Customer,Moderate Purchase Gap,Repeat Customer,1402227.2,Retail,Construction,East,30962,26154,3,4,Moderately Engaged Customer,90,175
C0343,40,2019-02-28,2024-11-21,68419201.6,53.67,1.0,148.0,2093,5.73,6.98,Frequent Customer,Moderate Purchase Gap,Repeat Customer,1710480.04,Corporate,Construction,West,994769,993939,1,4,Moderately Engaged Customer,90,176
C0365,39,2019-01-04,2024-09-15,60336743.2,54.76,1.0,254.0,2081,5.7,6.85,Frequent Customer,Moderate Purchase Gap,Repeat Customer,1547095.98,Government,Manufacturing,East,617154,362148,1,4,Moderately Engaged Customer,90,177
C0362,37,2019-02-26,2024-10-11,53495189.2,57.06,4.0,259.0,2054,5.62,6.58,Frequent Customer,Moderate Purchase Gap,Repeat Customer,1445815.92,Corporate,Rental,West,814512,9547,1,4,Moderately Engaged Customer,90,178
C0345,40,2019-02-21,2024-11-20,50444735.6,53.82,0.0,250.0,2099,5.75,6.96,Frequent Customer,Moderate Purchase Gap,Repeat Customer,1261118.39,Retail,Infrastructure,West,31532,26687,2,4,Moderately Engaged Customer,90,179
C0369,40,2019-01-26,2024-12-13,64656844.2,55.08,1.0,188.0,2148,5.88,6.8,Frequent Customer,Moderate Purchase Gap,Repeat Customer,1616421.1,Government,Manufacturing,West,1482938,332815,1,4,Moderately Engaged Customer,90,180
C0152,40,2019-03-10,2024-11-18,62249804.2,53.33,3.0,185.0,2080,5.69,7.02,Frequent Customer,Moderate Purchase Gap,Repeat Customer,1556245.1,Corporate,Manufacturing,South,227415,135210,2,4,Moderately Engaged Customer,90,181
C0011,41,2019-01-03,2024-11-22,57187490.8,53.75,2.0,277.0,2150,5.89,6.97,Frequent Customer,Moderate Purchase Gap,Repeat Customer,1394816.85,Retail,Infrastructure,West,29130,4200,4,4,Moderately Engaged Customer,90,182
C0006,40,2019-06-05,2024-09-02,65482805.4,49.13,1.0,318.0,1916,5.25,7.63,Frequent Customer,Moderate Purchase Gap,Repeat Customer,1637070.14,Government,Construction,West,514827,303122,3,4,Moderately Engaged Customer,90,183
C0003,38,2019-04-05,2024-10-30,44728031.8,55.0,2.0,194.0,2035,5.57,6.82,Frequent Customer,Moderate Purchase Gap,Repeat Customer,1177053.47,Government,Logistics,West,1306933,733495,2,4,Moderately Engaged Customer,90,184
C0488,37,2019-03-01,2024-11-26,67251532.8,58.25,0.0,351.0,2097,5.74,6.44,Frequent Customer,Moderate Purchase Gap,Repeat Customer,1817608.99,Government,Construction,South,1281429,1043182,1,4,Moderately Engaged Customer,90,185
C0253,39,2019-03-28,2024-11-27,72946151.6,54.5,1.0,222.0,2071,5.67,6.88,Frequent Customer,Moderate Purchase Gap,Repeat Customer,1870414.14,Retail,Rental,West,43197,9387,2,4,Moderately Engaged Customer,90,186
C0235,38,2019-05-08,2024-09-10,60478356.4,52.76,1.0,270.0,1952,5.34,7.11,Frequent Customer,Moderate Purchase Gap,Repeat Customer,1591535.69,Fleet Owner,Mining,East,417861,387266,5,4,Moderately Engaged Customer,90,187
C0230,38,2019-02-19,2024-10-31,62086661.8,56.24,1.0,189.0,2081,5.7,6.67,Frequent Customer,Moderate Purchase Gap,Repeat Customer,1633859.52,Dealer,Infrastructure,North,271689,146416,5,4,Moderately Engaged Customer,90,188
C0247,39,2019-02-14,2024-11-13,67759559.6,55.24,0.0,228.0,2099,5.75,6.79,Frequent Customer,Moderate Purchase Gap,Repeat Customer,1737424.61,Corporate,Logistics,East,294502,230829,2,4,Moderately Engaged Customer,90,189
C0188,39,2019-03-04,2024-12-27,54387524.8,55.92,0.0,175.0,2125,5.82,6.7,Frequent Customer,Moderate Purchase Gap,Repeat Customer,1394551.92,Corporate,Logistics,West,261082,245715,4,4,Moderately Engaged Customer,90,190
C0315,40,2019-01-09,2024-12-17,61457629.4,55.62,2.0,247.0,2169,5.94,6.74,Frequent Customer,Moderate Purchase Gap,Repeat Customer,1536440.74,Dealer,Rental,West,407774,313009,4,4,Moderately Engaged Customer,90,191
C0163,38,2019-06-02,2024-08-05,46377823.0,51.11,1.0,165.0,1891,5.18,7.34,Frequent Customer,Moderate Purchase Gap,Repeat Customer,1220469.03,Dealer,Logistics,West,492794,476585,5,4,Moderately Engaged Customer,90,192
C0312,37,2019-04-16,2024-11-17,65437706.6,56.72,0.0,233.0,2042,5.59,6.62,Frequent Customer,Moderate Purchase Gap,Repeat Customer,1768586.66,Government,Construction,West,673691,616166,4,4,Moderately Engaged Customer,90,193
C0192,40,2019-01-19,2024-08-29,69269688.4,52.54,1.0,192.0,2049,5.61,7.13,Frequent Customer,Moderate Purchase Gap,Repeat Customer,1731742.21,Fleet Owner,Logistics,East,476705,231421,2,4,Moderately Engaged Customer,90,194
C0310,39,2019-05-30,2024-11-07,59059490.6,52.32,1.0,259.0,1988,5.44,7.17,Frequent Customer,Moderate Purchase Gap,Repeat Customer,1514345.91,Government,Infrastructure,East,735405,630621,4,4,Moderately Engaged Customer,90,195
C0295,38,2019-03-07,2024-10-09,65390145.6,55.22,2.0,269.0,2043,5.59,6.79,Frequent Customer,Moderate Purchase Gap,Repeat Customer,1720793.31,Corporate,Mining,East,789992,559779,5,4,Moderately Engaged Customer,90,196
C0296,40,2019-01-02,2024-11-07,56944680.8,54.77,1.0,255.0,2136,5.85,6.84,Frequent Customer,Moderate Purchase Gap,Repeat Customer,1423617.02,Corporate,Manufacturing,East,361733,33627,2,4,Moderately Engaged Customer,90,197
C0232,37,2019-01-24,2024-12-29,57544368.0,60.17,2.0,191.0,2166,5.93,6.24,Frequent Customer,Long Purchase Gap,Repeat Customer,1555253.19,Government,Mining,South,1074153,787541,1,4,Low Engagement Customer,85,198
C0354,37,2019-01-06,2024-12-25,56690884.8,60.56,1.0,248.0,2180,5.97,6.2,Frequent Customer,Long Purchase Gap,Repeat Customer,1532186.08,Corporate,Logistics,South,261489,79839,2,4,Low Engagement Customer,85,199
C0328,37,2019-01-03,2024-12-05,62646507.6,60.08,1.0,162.0,2163,5.92,6.25,Frequent Customer,Long Purchase Gap,Repeat Customer,1693148.85,Government,Rental,East,1177052,510972,4,4,Low Engagement Customer,85,200
C0037,36,2019-06-12,2024-10-25,45505928.0,56.06,3.0,170.0,1962,5.37,6.7,Frequent Customer,Moderate Purchase Gap,Repeat Customer,1264053.56,Corporate,Construction,West,330103,123365,1,3,Moderately Engaged Customer,70,201
C0448,36,2019-03-13,2024-12-11,68495840.4,60.0,2.0,298.0,2100,5.75,6.26,Frequent Customer,Moderate Purchase Gap,Repeat Customer,1902662.23,Fleet Owner,Logistics,East,796652,544307,4,3,Moderately Engaged Customer,70,202
C0020,37,2019-01-26,2024-10-17,42586254.6,58.08,3.0,345.0,2091,5.72,6.46,Frequent Customer,Moderate Purchase Gap,Repeat Customer,1150979.85,Dealer,Logistics,East,492285,202707,3,3,Moderately Engaged Customer,70,203
C0470,36,2019-01-25,2024-09-27,49194933.2,59.2,1.0,250.0,2072,5.67,6.35,Frequent Customer,Moderate Purchase Gap,Repeat Customer,1366525.92,Government,Mining,South,1219925,949663,1,3,Moderately Engaged Customer,70,204
C0477,36,2019-06-12,2024-10-13,57746038.6,55.71,4.0,166.0,1950,5.34,6.74,Frequent Customer,Moderate Purchase Gap,Repeat Customer,1604056.63,Government,Construction,West,831717,641227,5,3,Moderately Engaged Customer,70,205
C0019,37,2019-01-19,2024-12-10,42528118.4,59.78,0.0,247.0,2152,5.89,6.28,Frequent Customer,Moderate Purchase Gap,Repeat Customer,1149408.61,Government,Logistics,East,678408,196058,5,3,Moderately Engaged Customer,70,206
C0461,36,2019-02-27,2024-10-31,56714684.2,59.23,1.0,163.0,2073,5.68,6.34,Frequent Customer,Moderate Purchase Gap,Repeat Customer,1575407.89,Corporate,Infrastructure,North,965128,447317,5,3,Moderately Engaged Customer,70,207
C0043,36,2019-04-04,2024-06-14,47644638.8,54.23,0.0,211.0,1898,5.2,6.93,Frequent Customer,Moderate Purchase Gap,Repeat Customer,1323462.19,Corporate,Construction,South,387054,12548,4,3,Moderately Engaged Customer,70,208
C0408,36,2019-07-06,2024-11-02,60127186.2,55.6,1.0,201.0,1946,5.33,6.76,Frequent Customer,Moderate Purchase Gap,Repeat Customer,1670199.62,Government,Infrastructure,South,1461198,1221928,4,3,Moderately Engaged Customer,70,209
C0092,36,2019-01-17,2024-07-30,46760586.8,57.74,0.0,219.0,2021,5.53,6.51,Frequent Customer,Moderate Purchase Gap,Repeat Customer,1298905.19,Fleet Owner,Logistics,West,532908,244201,2,3,Moderately Engaged Customer,70,210
C0051,36,2019-02-15,2024-11-15,59420710.4,60.0,0.0,296.0,2100,5.75,6.26,Frequent Customer,Moderate Purchase Gap,Repeat Customer,1650575.29,Retail,Infrastructure,North,40307,777,4,3,Moderately Engaged Customer,70,211
C0054,37,2019-01-31,2024-12-14,63424926.8,59.56,2.0,294.0,2144,5.87,6.3,Frequent Customer,Moderate Purchase Gap,Repeat Customer,1714187.21,Fleet Owner,Manufacturing,South,225508,149649,2,3,Moderately Engaged Customer,70,212
C0062,36,2019-03-18,2024-10-31,78963082.0,58.69,1.0,239.0,2054,5.62,6.4,Frequent Customer,Moderate Purchase Gap,Repeat Customer,2193418.94,Dealer,Construction,South,231418,123783,1,3,Moderately Engaged Customer,70,213
C0140,37,2019-03-18,2024-11-24,60136648.6,57.72,0.0,328.0,2078,5.69,6.5,Frequent Customer,Moderate Purchase Gap,Repeat Customer,1625314.83,Retail,Logistics,West,14401,7550,3,3,Moderately Engaged Customer,70,214
C0141,36,2019-04-06,2024-11-15,66220737.2,58.57,5.0,175.0,2050,5.61,6.41,Frequent Customer,Moderate Purchase Gap,Repeat Customer,1839464.92,Corporate,Rental,West,742629,317916,4,3,Moderately Engaged Customer,70,215
C0372,36,2019-02-15,2024-07-10,52822436.0,56.34,0.0,217.0,1972,5.4,6.67,Frequent Customer,Moderate Purchase Gap,Repeat Customer,1467289.89,Government,Logistics,South,778200,681891,4,3,Moderately Engaged Customer,70,216
C0116,35,2019-01-08,2024-07-28,64081942.6,59.65,4.0,195.0,2028,5.55,6.3,Frequent Customer,Moderate Purchase Gap,Repeat Customer,1830912.65,Dealer,Construction,North,480944,340796,1,3,Moderately Engaged Customer,70,217
C0398,35,2019-09-10,2024-12-02,57843305.6,56.18,3.0,250.0,1910,5.23,6.69,Frequent Customer,Moderate Purchase Gap,Repeat Customer,1652665.87,Government,Rental,South,1207145,1061185,5,3,Moderately Engaged Customer,70,218
C0400,35,2019-04-06,2024-10-23,51694363.6,59.62,0.0,186.0,2027,5.55,6.31,Frequent Customer,Moderate Purchase Gap,Repeat Customer,1476981.82,Government,Infrastructure,North,1018688,799757,5,3,Moderately Engaged Customer,70,219
C0085,37,2019-01-01,2024-09-20,60463527.2,58.03,2.0,356.0,2089,5.72,6.47,Frequent Customer,Moderate Purchase Gap,Repeat Customer,1634149.38,Retail,Mining,South,18145,7599,4,3,Moderately Engaged Customer,70,220
C0088,36,2019-01-26,2024-08-06,57330201.8,57.69,0.0,279.0,2019,5.53,6.51,Frequent Customer,Moderate Purchase Gap,Repeat Customer,1592505.61,Corporate,Infrastructure,West,516553,272170,1,3,Moderately Engaged Customer,70,221
C0089,37,2019-01-02,2024-11-14,47111014.0,59.53,2.0,180.0,2143,5.87,6.31,Frequent Customer,Moderate Purchase Gap,Repeat Customer,1273270.65,Corporate,Rental,West,930006,400599,4,3,Moderately Engaged Customer,70,222
C0424,35,2019-03-22,2024-09-23,58183379.4,59.18,3.0,244.0,2012,5.51,6.35,Frequent Customer,Moderate Purchase Gap,Repeat Customer,1662382.27,Retail,Construction,West,28345,28072,4,3,Moderately Engaged Customer,70,223
C0402,35,2019-01-25,2024-07-12,43498305.2,58.68,3.0,219.0,1995,5.46,6.41,Frequent Customer,Moderate Purchase Gap,Repeat Customer,1242808.72,Fleet Owner,Rental,South,599112,461073,1,3,Moderately Engaged Customer,70,224
C0358,36,2019-04-17,2024-10-01,59405501.6,56.97,1.0,216.0,1994,5.46,6.59,Frequent Customer,Moderate Purchase Gap,Repeat Customer,1650152.82,Government,Infrastructure,West,1086668,719489,4,3,Moderately Engaged Customer,70,225
C0161,37,2019-03-24,2024-11-17,60837361.2,57.36,1.0,235.0,2065,5.65,6.54,Frequent Customer,Moderate Purchase Gap,Repeat Customer,1644253.01,Dealer,Mining,West,404774,243701,4,3,Moderately Engaged Customer,70,226
C0337,34,2019-04-15,2024-08-25,73457151.8,59.36,1.0,381.0,1959,5.36,6.34,Moderate Frequency Customer,Moderate Purchase Gap,Repeat Customer,2160504.46,Corporate,Manufacturing,North,713111,101691,2,3,Moderately Engaged Customer,70,227
C0136,37,2019-03-23,2024-11-13,45774176.2,57.28,1.0,221.0,2062,5.65,6.55,Frequent Customer,Moderate Purchase Gap,Repeat Customer,1237139.9,Dealer,Mining,West,425042,208808,3,3,Moderately Engaged Customer,70,228
C0135,35,2019-03-09,2024-08-27,62791824.6,58.76,1.0,308.0,1998,5.47,6.4,Frequent Customer,Moderate Purchase Gap,Repeat Customer,1794052.13,Retail,Rental,South,21372,14639,2,3,Moderately Engaged Customer,70,229
C0293,36,2019-01-19,2024-09-25,66815451.4,59.31,1.0,253.0,2076,5.68,6.33,Frequent Customer,Moderate Purchase Gap,Repeat Customer,1855984.76,Dealer,Logistics,West,304956,217813,3,3,Moderately Engaged Customer,70,230
C0297,34,2019-02-13,2024-07-01,73065015.6,59.55,0.0,325.0,1965,5.38,6.32,Moderate Frequency Customer,Moderate Purchase Gap,Repeat Customer,2148971.05,Fleet Owner,Rental,South,333899,295884,3,3,Moderately Engaged Customer,70,231
C0181,36,2019-04-13,2024-12-15,53087081.0,59.23,3.0,213.0,2073,5.68,6.34,Frequent Customer,Moderate Purchase Gap,Repeat Customer,1474641.14,Government,Construction,West,766249,475114,5,3,Moderately Engaged Customer,70,232
C0314,36,2019-01-22,2024-09-26,58625243.8,59.26,1.0,251.0,2074,5.68,6.34,Frequent Customer,Moderate Purchase Gap,Repeat Customer,1628478.99,Retail,Logistics,East,10952,8769,1,3,Moderately Engaged Customer,70,233
C0324,35,2019-01-24,2024-08-24,52335374.8,59.97,2.0,242.0,2039,5.58,6.27,Frequent Customer,Moderate Purchase Gap,Repeat Customer,1495296.42,Corporate,Mining,South,384819,150633,5,3,Moderately Engaged Customer,70,234
C0341,36,2019-03-10,2024-10-07,66838579.4,58.23,2.0,230.0,2038,5.58,6.45,Frequent Customer,Moderate Purchase Gap,Repeat Customer,1856627.21,Fleet Owner,Mining,North,303484,207197,5,3,Moderately Engaged Customer,70,235
C0158,36,2019-03-03,2024-09-26,58875735.2,58.11,1.0,249.0,2034,5.57,6.46,Frequent Customer,Moderate Purchase Gap,Repeat Customer,1635437.09,Corporate,Infrastructure,East,516521,146194,2,3,Moderately Engaged Customer,70,236
C0132,37,2019-02-22,2024-10-01,49004629.4,56.89,2.0,182.0,2048,5.61,6.6,Frequent Customer,Moderate Purchase Gap,Repeat Customer,1324449.44,Corporate,Construction,Central,604969,495963,2,3,Moderately Engaged Customer,70,237
C0342,36,2019-12-04,2024-10-09,72821567.8,50.6,3.0,194.0,1771,4.85,7.42,Frequent Customer,Moderate Purchase Gap,Repeat Customer,2022821.33,Dealer,Infrastructure,North,104911,39842,5,3,Moderately Engaged Customer,70,238
C0198,36,2019-03-27,2024-08-01,63577917.2,55.83,1.0,251.0,1954,5.35,6.73,Frequent Customer,Moderate Purchase Gap,Repeat Customer,1766053.26,Government,Mining,West,1493816,273190,2,3,Moderately Engaged Customer,70,239
C0287,36,2019-03-22,2024-11-27,55179366.6,59.34,3.0,233.0,2077,5.69,6.33,Frequent Customer,Moderate Purchase Gap,Repeat Customer,1532760.18,Dealer,Manufacturing,South,208477,196469,4,3,Moderately Engaged Customer,70,240
C0277,36,2019-05-28,2024-09-14,43668914.6,55.31,1.0,279.0,1936,5.3,6.79,Frequent Customer,Moderate Purchase Gap,Repeat Customer,1213025.41,Dealer,Logistics,West,430878,302093,1,3,Moderately Engaged Customer,70,241
C0218,36,2019-02-02,2024-10-16,44324901.0,59.51,0.0,253.0,2083,5.7,6.31,Frequent Customer,Moderate Purchase Gap,Repeat Customer,1231247.25,Fleet Owner,Construction,West,635931,456436,5,3,Moderately Engaged Customer,70,242
C0251,36,2019-01-09,2024-07-06,60544705.8,57.29,2.0,129.0,2005,5.49,6.56,Frequent Customer,Moderate Purchase Gap,Repeat Customer,1681797.38,Dealer,Mining,North,325375,94574,4,3,Moderately Engaged Customer,70,243
C0252,34,2019-08-03,2024-10-07,45321304.6,57.33,0.0,235.0,1892,5.18,6.56,Moderate Frequency Customer,Moderate Purchase Gap,Repeat Customer,1332979.55,Retail,Construction,South,19663,14945,2,3,Moderately Engaged Customer,70,244
C0012,37,2019-01-28,2024-10-10,53404468.4,57.83,2.0,181.0,2082,5.7,6.49,Frequent Customer,Moderate Purchase Gap,Repeat Customer,1443364.01,Fleet Owner,Logistics,South,785687,30771,1,3,Moderately Engaged Customer,70,245
C0016,35,2019-01-18,2024-12-18,70872336.2,63.56,2.0,225.0,2161,5.92,5.92,Frequent Customer,Long Purchase Gap,Repeat Customer,2024923.89,Government,Rental,East,1033243,195540,4,3,Low Engagement Customer,65,246
C0492,35,2019-02-04,2024-11-05,61798115.2,61.79,3.0,211.0,2101,5.75,6.08,Frequent Customer,Long Purchase Gap,Repeat Customer,1765660.43,Dealer,Rental,East,442676,48242,1,3,Low Engagement Customer,65,247
C0486,34,2019-01-01,2024-10-07,52620254.4,63.82,4.0,301.0,2106,5.77,5.9,Moderate Frequency Customer,Long Purchase Gap,Repeat Customer,1547654.54,Government,Manufacturing,West,670285,64946,2,3,Low Engagement Customer,65,248
C0249,35,2019-01-16,2024-09-03,63391180.8,60.5,1.0,325.0,2057,5.63,6.21,Frequent Customer,Long Purchase Gap,Repeat Customer,1811176.59,Corporate,Construction,West,817572,617949,4,3,Low Engagement Customer,65,249
C0228,34,2019-03-27,2024-09-10,61132479.4,60.42,2.0,317.0,1994,5.46,6.23,Moderate Frequency Customer,Long Purchase Gap,Repeat Customer,1798014.1,Government,Construction,South,1026411,1025544,3,3,Low Engagement Customer,65,250
C0246,35,2019-01-26,2024-11-02,77080113.6,61.97,5.0,226.0,2107,5.77,6.07,Frequent Customer,Long Purchase Gap,Repeat Customer,2202288.96,Retail,Manufacturing,North,31917,9359,2,3,Low Engagement Customer,65,251
C0264,36,2019-01-02,2024-11-02,67321592.8,60.89,0.0,337.0,2131,5.83,6.17,Frequent Customer,Long Purchase Gap,Repeat Customer,1870044.24,Retail,Infrastructure,West,35955,35640,4,3,Low Engagement Customer,65,252
C0224,36,2019-01-30,2024-10-31,54050072.4,60.03,5.0,267.0,2101,5.75,6.26,Frequent Customer,Long Purchase Gap,Repeat Customer,1501390.9,Retail,Manufacturing,East,11280,3718,3,3,Low Engagement Customer,65,253
C0286,36,2019-01-06,2024-12-29,60273490.2,62.4,1.0,263.0,2184,5.98,6.02,Frequent Customer,Long Purchase Gap,Repeat Customer,1674263.62,Dealer,Construction,South,168144,158029,2,3,Low Engagement Customer,65,254
C0289,35,2019-02-07,2024-10-29,50221149.2,61.5,0.0,150.0,2091,5.72,6.11,Frequent Customer,Long Purchase Gap,Repeat Customer,1434889.98,Corporate,Logistics,South,600072,472573,2,3,Low Engagement Customer,65,255
C0203,35,2019-02-25,2024-11-19,53777085.6,61.59,2.0,240.0,2094,5.73,6.1,Frequent Customer,Long Purchase Gap,Repeat Customer,1536488.16,Government,Manufacturing,West,1101577,142383,1,3,Low Engagement Customer,65,256
C0217,36,2019-01-19,2024-12-18,61360958.2,61.71,3.0,287.0,2160,5.91,6.09,Frequent Customer,Long Purchase Gap,Repeat Customer,1704471.06,Corporate,Infrastructure,North,777454,325192,5,3,Low Engagement Customer,65,257
C0263,35,2019-03-06,2024-11-01,61677496.4,60.79,1.0,287.0,2067,5.66,6.18,Frequent Customer,Long Purchase Gap,Repeat Customer,1762214.18,Government,Rental,South,907695,500438,3,3,Low Engagement Customer,65,258
C0266,35,2019-01-22,2024-09-24,50717014.0,60.94,2.0,214.0,2072,5.67,6.17,Frequent Customer,Long Purchase Gap,Repeat Customer,1449057.54,Fleet Owner,Rental,South,196336,54211,4,3,Low Engagement Customer,65,259
C0299,34,2019-01-24,2024-08-30,48095055.8,61.97,6.0,207.0,2045,5.6,6.07,Moderate Frequency Customer,Long Purchase Gap,Repeat Customer,1414560.46,Retail,Logistics,South,36717,4107,1,3,Low Engagement Customer,65,260
C0175,36,2019-01-24,2024-11-01,59434888.8,60.23,2.0,161.0,2108,5.77,6.24,Frequent Customer,Long Purchase Gap,Repeat Customer,1650969.13,Fleet Owner,Rental,East,222980,209069,5,3,Low Engagement Customer,65,261
C0323,36,2019-01-11,2024-12-22,50291498.8,62.06,2.0,178.0,2172,5.95,6.05,Frequent Customer,Long Purchase Gap,Repeat Customer,1396986.08,Government,Manufacturing,West,717071,189451,2,3,Low Engagement Customer,65,262
C0332,35,2019-01-19,2024-11-11,44566684.4,62.44,1.0,319.0,2123,5.81,6.02,Frequent Customer,Long Purchase Gap,Repeat Customer,1273333.84,Corporate,Mining,South,545215,438695,1,3,Low Engagement Customer,65,263
C0329,36,2019-01-03,2024-12-26,64307436.8,62.4,0.0,210.0,2184,5.98,6.02,Frequent Customer,Long Purchase Gap,Repeat Customer,1786317.69,Dealer,Infrastructure,Central,434298,220404,1,3,Low Engagement Customer,65,264
C0148,35,2019-01-28,2024-12-09,54884128.4,63.0,1.0,272.0,2142,5.86,5.97,Frequent Customer,Long Purchase Gap,Repeat Customer,1568117.95,Government,Construction,South,1202629,329492,4,3,Low Engagement Customer,65,265
C0351,34,2019-03-29,2024-09-12,44776790.6,60.42,2.0,229.0,1994,5.46,6.23,Moderate Frequency Customer,Long Purchase Gap,Repeat Customer,1316964.43,Corporate,Rental,East,483031,235148,1,3,Low Engagement Customer,65,266
C0340,35,2019-01-05,2024-12-04,63532821.6,63.53,0.0,163.0,2160,5.91,5.92,Frequent Customer,Long Purchase Gap,Repeat Customer,1815223.47,Government,Mining,South,610937,228953,3,3,Low Engagement Customer,65,267
C0348,34,2019-04-15,2024-10-24,50897650.4,61.18,4.0,314.0,2019,5.53,6.15,Moderate Frequency Customer,Long Purchase Gap,Repeat Customer,1496989.72,Retail,Logistics,North,32723,11641,2,3,Low Engagement Customer,65,268
C0190,35,2019-05-15,2024-12-29,56351528.4,60.44,1.0,202.0,2055,5.63,6.22,Frequent Customer,Long Purchase Gap,Repeat Customer,1610043.67,Retail,Manufacturing,North,49811,31087,1,3,Low Engagement Customer,65,269
C0320,34,2019-04-01,2024-12-30,53574056.6,63.64,0.0,306.0,2100,5.75,5.91,Moderate Frequency Customer,Long Purchase Gap,Repeat Customer,1575707.55,Retail,Construction,North,16859,8363,1,3,Low Engagement Customer,65,270
C0164,36,2019-01-11,2024-11-13,45625652.8,60.94,1.0,181.0,2133,5.84,6.16,Frequent Customer,Long Purchase Gap,Repeat Customer,1267379.24,Government,Construction,North,1454565,1435105,4,3,Low Engagement Customer,65,271
C0318,36,2019-01-08,2024-10-17,62202116.0,60.26,3.0,156.0,2109,5.77,6.23,Frequent Customer,Long Purchase Gap,Repeat Customer,1727836.56,Corporate,Logistics,North,973000,403649,3,3,Low Engagement Customer,65,272
C0302,36,2019-02-05,2024-12-24,63607092.0,61.4,1.0,179.0,2149,5.88,6.12,Frequent Customer,Long Purchase Gap,Repeat Customer,1766863.67,Fleet Owner,Mining,West,698314,539240,1,3,Low Engagement Customer,65,273
C0189,35,2019-03-03,2024-11-11,61121980.8,61.18,0.0,444.0,2080,5.69,6.15,Frequent Customer,Long Purchase Gap,Repeat Customer,1746342.31,Government,Manufacturing,South,1168432,250217,4,3,Low Engagement Customer,65,274
C0129,36,2019-01-06,2024-10-31,76393252.6,60.71,1.0,317.0,2125,5.82,6.19,Frequent Customer,Long Purchase Gap,Repeat Customer,2122034.79,Corporate,Mining,North,902420,248703,5,3,Low Engagement Customer,65,275
C0370,36,2019-02-18,2024-12-18,53881174.6,60.86,1.0,295.0,2130,5.83,6.17,Frequent Customer,Long Purchase Gap,Repeat Customer,1496699.29,Corporate,Infrastructure,East,375748,373898,4,3,Low Engagement Customer,65,276
C0480,34,2019-01-24,2024-11-24,48525468.6,64.58,2.0,267.0,2131,5.83,5.83,Moderate Frequency Customer,Long Purchase Gap,Repeat Customer,1427219.66,Government,Infrastructure,West,635943,336455,3,3,Low Engagement Customer,65,277
C0439,36,2019-03-21,2024-12-22,47576062.0,60.09,2.0,173.0,2103,5.76,6.25,Frequent Customer,Long Purchase Gap,Repeat Customer,1321557.28,Dealer,Construction,South,280679,62281,5,3,Low Engagement Customer,65,278
C0436,34,2019-02-01,2024-12-15,57784314.2,64.97,0.0,289.0,2144,5.87,5.79,Moderate Frequency Customer,Long Purchase Gap,Repeat Customer,1699538.65,Fleet Owner,Logistics,East,550408,500938,3,3,Low Engagement Customer,65,279
C0426,35,2019-02-20,2024-12-03,57207251.0,62.15,0.0,239.0,2113,5.79,6.05,Frequent Customer,Long Purchase Gap,Repeat Customer,1634492.89,Dealer,Infrastructure,North East,332893,19372,1,3,Low Engagement Customer,65,280
C0052,35,2019-02-12,2024-12-11,56612172.2,62.62,1.0,207.0,2129,5.83,6.0,Frequent Customer,Long Purchase Gap,Repeat Customer,1617490.63,Government,Manufacturing,North East,1297924,695848,2,3,Low Engagement Customer,65,281
C0056,36,2019-01-08,2024-11-10,60885469.8,60.94,1.0,222.0,2133,5.84,6.16,Frequent Customer,Long Purchase Gap,Repeat Customer,1691263.05,Dealer,Mining,North,209877,191295,4,3,Low Engagement Customer,65,282
C0081,37,2019-01-03,2024-12-23,56355210.0,60.58,2.0,197.0,2181,5.97,6.2,Frequent Customer,Long Purchase Gap,Repeat Customer,1523113.78,Corporate,Rental,West,208371,44941,1,3,Low Engagement Customer,65,283
C0476,34,2019-01-13,2024-09-29,73746173.2,63.21,0.0,341.0,2086,5.71,5.95,Moderate Frequency Customer,Long Purchase Gap,Repeat Customer,2169005.09,Fleet Owner,Infrastructure,North,209985,8474,3,3,Low Engagement Customer,65,284
C0026,36,2019-01-09,2024-12-29,60554977.0,62.31,1.0,256.0,2181,5.97,6.03,Frequent Customer,Long Purchase Gap,Repeat Customer,1682082.69,Fleet Owner,Mining,North,172621,3188,5,3,Low Engagement Customer,65,285
C0472,34,2019-04-29,2024-11-23,54888819.4,61.67,7.0,156.0,2035,5.57,6.1,Moderate Frequency Customer,Long Purchase Gap,Repeat Customer,1614377.04,Dealer,Manufacturing,South,475653,77024,4,3,Low Engagement Customer,65,286
C0038,36,2019-01-08,2024-11-29,57808311.2,61.49,2.0,394.0,2152,5.89,6.11,Frequent Customer,Long Purchase Gap,Repeat Customer,1605786.42,Fleet Owner,Rental,North,348040,45014,1,3,Low Engagement Customer,65,287
C0465,35,2019-03-12,2024-12-12,48083241.6,61.82,1.0,238.0,2102,5.75,6.08,Frequent Customer,Long Purchase Gap,Repeat Customer,1373806.9,Fleet Owner,Mining,South,573243,248521,1,3,Low Engagement Customer,65,288
C0463,35,2019-01-10,2024-08-22,55370560.0,60.32,5.0,202.0,2051,5.62,6.23,Frequent Customer,Long Purchase Gap,Repeat Customer,1582016.0,Dealer,Mining,West,325255,17271,4,3,Low Engagement Customer,65,289
C0455,35,2019-04-27,2024-11-27,63287015.4,60.03,2.0,341.0,2041,5.59,6.26,Frequent Customer,Long Purchase Gap,Repeat Customer,1808200.44,Retail,Logistics,Central,12300,6971,1,3,Low Engagement Customer,65,290
C0452,35,2019-03-05,2024-12-27,40090449.2,62.47,5.0,203.0,2124,5.82,6.02,Frequent Customer,Long Purchase Gap,Repeat Customer,1145441.41,Fleet Owner,Mining,South,362507,335242,1,3,Low Engagement Customer,65,291
C0065,36,2019-01-07,2024-12-12,59751563.6,61.89,0.0,303.0,2166,5.93,6.07,Frequent Customer,Long Purchase Gap,Repeat Customer,1659765.66,Corporate,Mining,West,464475,104333,4,3,Low Engagement Customer,65,292
C0387,34,2019-01-02,2024-10-26,47133318.0,64.36,1.0,376.0,2124,5.82,5.85,Moderate Frequency Customer,Long Purchase Gap,Repeat Customer,1386274.06,Dealer,Infrastructure,East,111501,60386,4,3,Low Engagement Customer,65,293
C0397,36,2019-02-11,2024-11-22,56279511.4,60.31,0.0,284.0,2111,5.78,6.23,Frequent Customer,Long Purchase Gap,Repeat Customer,1563319.76,Fleet Owner,Mining,West,685521,640617,3,3,Low Engagement Customer,65,294
C0098,35,2019-03-14,2024-12-18,56088743.0,61.94,3.0,246.0,2106,5.77,6.07,Frequent Customer,Long Purchase Gap,Repeat Customer,1602535.51,Corporate,Mining,East,270655,236169,1,3,Low Engagement Customer,65,295
C0401,36,2019-01-11,2024-10-25,58231157.8,60.4,1.0,265.0,2114,5.79,6.22,Frequent Customer,Long Purchase Gap,Repeat Customer,1617532.16,Government,Logistics,North East,1066548,57200,1,3,Low Engagement Customer,65,296
C0378,35,2019-01-19,2024-11-16,50644577.2,62.59,1.0,202.0,2128,5.83,6.01,Frequent Customer,Long Purchase Gap,Repeat Customer,1446987.92,Retail,Manufacturing,North,45130,31976,4,3,Low Engagement Customer,65,297
C0123,36,2019-01-16,2024-11-04,70019319.0,60.54,5.0,258.0,2119,5.8,6.21,Frequent Customer,Long Purchase Gap,Repeat Customer,1944981.08,Corporate,Infrastructure,East,574353,239735,3,3,Low Engagement Customer,65,298
C0446,34,2019-02-03,2024-10-16,52035543.6,63.09,6.0,242.0,2082,5.7,5.96,Moderate Frequency Customer,Long Purchase Gap,Repeat Customer,1530457.16,Retail,Logistics,South,25401,2338,1,3,Low Engagement Customer,65,299
C0093,36,2019-02-13,2024-12-01,57944235.8,60.51,2.0,324.0,2118,5.8,6.21,Frequent Customer,Long Purchase Gap,Repeat Customer,1609562.11,Dealer,Manufacturing,South,447924,287318,2,3,Low Engagement Customer,65,300
C0260,32,2019-08-24,2024-09-05,55524668.6,59.32,1.0,242.0,1839,5.03,6.36,Moderate Frequency Customer,Moderate Purchase Gap,Repeat Customer,1735145.89,Dealer,Logistics,South,127019,19787,5,2,Moderately Engaged Customer,50,301
C0417,32,2019-12-18,2024-09-11,51984530.4,55.77,0.0,255.0,1729,4.73,6.76,Moderate Frequency Customer,Moderate Purchase Gap,Repeat Customer,1624516.58,Fleet Owner,Mining,East,587793,383902,3,2,Moderately Engaged Customer,50,302
C0433,31,2019-09-11,2024-05-27,57020323.4,57.33,2.0,186.0,1720,4.71,6.58,Moderate Frequency Customer,Moderate Purchase Gap,Repeat Customer,1839365.27,Dealer,Infrastructure,North,448175,226491,3,2,Moderately Engaged Customer,50,303
C0031,34,2019-04-11,2024-08-13,50500841.8,59.12,1.0,304.0,1951,5.34,6.37,Moderate Frequency Customer,Moderate Purchase Gap,Repeat Customer,1485318.88,Government,Mining,East,661950,182414,4,2,Moderately Engaged Customer,50,304
C0126,33,2019-03-05,2024-04-05,64059034.8,58.06,2.0,208.0,1858,5.09,6.49,Moderate Frequency Customer,Moderate Purchase Gap,Repeat Customer,1941182.87,Dealer,Manufacturing,South,473103,222292,4,2,Moderately Engaged Customer,50,305
C0008,34,2019-03-04,2024-07-16,48368868.0,59.42,0.0,230.0,1961,5.37,6.33,Moderate Frequency Customer,Moderate Purchase Gap,Repeat Customer,1422613.76,Corporate,Logistics,West,941092,934117,1,2,Moderately Engaged Customer,50,306
C0239,32,2019-10-11,2024-10-27,44962159.0,59.45,4.0,206.0,1843,5.05,6.34,Moderate Frequency Customer,Moderate Purchase Gap,Repeat Customer,1405067.47,Government,Logistics,South,1361502,566279,4,2,Moderately Engaged Customer,50,307
C0205,33,2019-02-07,2024-11-15,51965845.0,65.88,1.0,224.0,2108,5.77,5.72,Moderate Frequency Customer,Long Purchase Gap,Repeat Customer,1574722.58,Retail,Construction,North,45755,34257,2,2,Low Engagement Customer,45,308
C0360,31,2019-05-25,2024-11-17,54662201.0,66.77,0.0,280.0,2003,5.48,5.65,Moderate Frequency Customer,Long Purchase Gap,Repeat Customer,1763296.81,Dealer,Construction,West,433677,398778,5,2,Low Engagement Customer,45,309
C0355,32,2019-01-03,2024-12-18,58903770.4,70.19,0.0,292.0,2176,5.96,5.37,Moderate Frequency Customer,Long Purchase Gap,Repeat Customer,1840742.82,Government,Infrastructure,South,917399,657955,4,2,Low Engagement Customer,45,310
C0159,34,2019-02-02,2024-12-26,49934036.2,65.27,4.0,309.0,2154,5.9,5.77,Moderate Frequency Customer,Long Purchase Gap,Repeat Customer,1468648.12,Dealer,Construction,South,332595,67368,3,2,Low Engagement Customer,45,311
C0155,31,2019-11-15,2024-12-17,41576324.2,61.97,2.0,203.0,1859,5.09,6.09,Moderate Frequency Customer,Long Purchase Gap,Repeat Customer,1341171.75,Fleet Owner,Mining,East,393453,245382,5,2,Low Engagement Customer,45,312
C0157,34,2019-02-15,2024-12-30,55572804.4,65.0,4.0,247.0,2145,5.87,5.79,Moderate Frequency Customer,Long Purchase Gap,Repeat Customer,1634494.25,Dealer,Infrastructure,North,315705,130064,1,2,Low Engagement Customer,45,313
C0334,33,2019-01-03,2024-08-24,37526956.6,64.38,5.0,220.0,2060,5.64,5.85,Moderate Frequency Customer,Long Purchase Gap,Repeat Customer,1137180.5,Corporate,Mining,South,681229,142562,5,2,Low Engagement Customer,45,314
C0336,33,2019-04-29,2024-09-26,39095696.4,61.78,3.0,418.0,1977,5.41,6.1,Moderate Frequency Customer,Long Purchase Gap,Repeat Customer,1184718.07,Government,Rental,East,1317175,577628,5,2,Low Engagement Customer,45,315
C0305,31,2019-05-16,2024-11-27,48238808.8,67.4,2.0,258.0,2022,5.54,5.6,Moderate Frequency Customer,Long Purchase Gap,Repeat Customer,1556090.61,Fleet Owner,Logistics,North,702965,105968,3,2,Low Engagement Customer,45,316
C0309,31,2019-03-04,2024-12-17,38065991.6,70.5,1.0,228.0,2115,5.79,5.35,Moderate Frequency Customer,Long Purchase Gap,Repeat Customer,1227935.21,Government,Manufacturing,West,618080,43088,4,2,Low Engagement Customer,45,317
C0185,33,2019-03-25,2024-09-16,47500335.2,62.56,3.0,216.0,2002,5.48,6.02,Moderate Frequency Customer,Long Purchase Gap,Repeat Customer,1439404.1,Dealer,Logistics,West,210864,117546,5,2,Low Engagement Customer,45,318
C0298,33,2019-01-05,2024-11-20,46771231.0,67.06,2.0,394.0,2146,5.88,5.62,Moderate Frequency Customer,Long Purchase Gap,Repeat Customer,1417310.03,Fleet Owner,Construction,South,229813,62180,4,2,Low Engagement Customer,45,319
C0319,33,2019-05-16,2024-12-08,60426895.0,63.53,7.0,170.0,2033,5.57,5.93,Moderate Frequency Customer,Long Purchase Gap,Repeat Customer,1831118.03,Dealer,Mining,South,396406,88680,5,2,Low Engagement Customer,45,320
C0405,32,2019-01-30,2024-06-25,50787823.0,63.65,0.0,230.0,1973,5.4,5.92,Moderate Frequency Customer,Long Purchase Gap,Repeat Customer,1587119.47,Corporate,Infrastructure,West,216557,212474,3,2,Low Engagement Customer,45,321
C0404,31,2019-02-10,2024-12-26,46035794.4,71.53,2.0,250.0,2146,5.88,5.28,Moderate Frequency Customer,Long Purchase Gap,Repeat Customer,1485025.63,Government,Mining,West,1177246,346690,5,2,Low Engagement Customer,45,322
C0121,34,2019-01-22,2024-12-01,47029566.2,64.85,3.0,197.0,2140,5.86,5.8,Moderate Frequency Customer,Long Purchase Gap,Repeat Customer,1383222.54,Government,Construction,West,690836,432165,2,2,Low Engagement Customer,45,323
C0128,33,2019-01-02,2024-12-18,69172996.2,68.03,3.0,331.0,2177,5.96,5.54,Moderate Frequency Customer,Long Purchase Gap,Repeat Customer,2096151.4,Retail,Mining,West,39121,16592,1,2,Low Engagement Customer,45,324
C0363,32,2019-05-10,2024-11-07,53560072.2,64.77,3.0,154.0,2008,5.5,5.82,Moderate Frequency Customer,Long Purchase Gap,Repeat Customer,1673752.26,Fleet Owner,Logistics,South,384777,224253,5,2,Low Engagement Customer,45,325
C0364,32,2019-03-14,2024-11-18,54408370.8,66.97,6.0,291.0,2076,5.68,5.63,Moderate Frequency Customer,Long Purchase Gap,Repeat Customer,1700261.59,Government,Infrastructure,East,615436,402232,5,2,Low Engagement Customer,45,326
C0361,32,2019-01-15,2024-09-26,52532617.8,67.13,12.0,245.0,2081,5.7,5.62,Moderate Frequency Customer,Long Purchase Gap,Repeat Customer,1641644.31,Government,Logistics,South,623046,455127,5,2,Low Engagement Customer,45,327
C0064,32,2019-03-21,2024-10-18,57893888.0,65.74,1.0,532.0,2038,5.58,5.74,Moderate Frequency Customer,Long Purchase Gap,Repeat Customer,1809184.0,Corporate,Manufacturing,North,577111,313205,3,2,Low Engagement Customer,45,328
C0457,33,2019-01-13,2024-11-15,56578805.4,66.66,2.0,368.0,2133,5.84,5.65,Moderate Frequency Customer,Long Purchase Gap,Repeat Customer,1714509.25,Retail,Manufacturing,East,16374,15438,4,2,Low Engagement Customer,45,329
C0059,32,2019-01-21,2024-12-20,56859509.4,69.68,2.0,241.0,2160,5.91,5.41,Moderate Frequency Customer,Long Purchase Gap,Repeat Customer,1776859.67,Retail,Manufacturing,South,37344,31278,3,2,Low Engagement Customer,45,330
C0057,32,2019-03-20,2024-12-04,49701788.6,67.29,3.0,203.0,2086,5.71,5.6,Moderate Frequency Customer,Long Purchase Gap,Repeat Customer,1553180.89,Retail,Logistics,East,23289,4934,3,2,Low Engagement Customer,45,331
C0442,33,2019-01-28,2024-10-20,53527848.6,65.38,0.0,317.0,2092,5.73,5.76,Moderate Frequency Customer,Long Purchase Gap,Repeat Customer,1622056.02,Dealer,Logistics,East,440207,114258,3,2,Low Engagement Customer,45,332
C0386,32,2019-04-23,2024-11-04,48819152.6,65.23,2.0,183.0,2022,5.54,5.78,Moderate Frequency Customer,Long Purchase Gap,Repeat Customer,1525598.52,Retail,Construction,North,31717,8568,4,2,Low Engagement Customer,45,333
C0390,32,2019-03-23,2024-11-09,64132451.0,66.39,4.0,237.0,2058,5.63,5.68,Moderate Frequency Customer,Long Purchase Gap,Repeat Customer,2004139.09,Fleet Owner,Construction,North,220350,71369,3,2,Low Engagement Customer,45,334
C0412,32,2019-04-20,2024-05-28,43246987.6,60.16,1.0,222.0,1865,5.11,6.27,Moderate Frequency Customer,Long Purchase Gap,Repeat Customer,1351468.36,Corporate,Infrastructure,East,699539,571001,3,2,Low Engagement Customer,45,335
C0415,33,2019-03-21,2024-10-11,68592455.6,63.47,1.0,221.0,2031,5.56,5.93,Moderate Frequency Customer,Long Purchase Gap,Repeat Customer,2078559.26,Government,Infrastructure,North East,870771,121474,1,2,Low Engagement Customer,45,336
C0096,34,2019-01-02,2024-12-30,51986858.4,66.33,1.0,214.0,2189,5.99,5.67,Moderate Frequency Customer,Long Purchase Gap,Repeat Customer,1529025.25,Corporate,Construction,South,401903,200385,3,2,Low Engagement Customer,45,337
C0406,32,2019-02-25,2024-10-11,64818334.4,66.29,1.0,289.0,2055,5.63,5.69,Moderate Frequency Customer,Long Purchase Gap,Repeat Customer,2025572.95,Dealer,Logistics,West,229106,158033,3,2,Low Engagement Customer,45,338
C0073,32,2019-03-23,2024-11-12,56970903.6,66.48,2.0,221.0,2061,5.64,5.67,Moderate Frequency Customer,Long Purchase Gap,Repeat Customer,1780340.74,Corporate,Rental,North,740385,319020,4,2,Low Engagement Customer,45,339
C0066,32,2019-01-29,2024-10-11,54037060.8,67.16,3.0,190.0,2082,5.7,5.61,Moderate Frequency Customer,Long Purchase Gap,Repeat Customer,1688658.15,Retail,Manufacturing,Central,37976,5882,1,2,Low Engagement Customer,45,340
C0114,33,2019-02-09,2024-09-27,48515792.8,64.28,0.0,190.0,2057,5.63,5.86,Moderate Frequency Customer,Long Purchase Gap,Repeat Customer,1470175.54,Retail,Mining,East,42285,6186,4,2,Low Engagement Customer,45,341
C0120,34,2019-01-02,2024-11-15,50313583.0,64.97,0.0,238.0,2144,5.87,5.79,Moderate Frequency Customer,Long Purchase Gap,Repeat Customer,1479811.26,Fleet Owner,Construction,South,416429,90596,5,2,Low Engagement Customer,45,342
C0199,33,2019-01-19,2024-10-21,48930073.4,65.69,5.0,380.0,2102,5.75,5.73,Moderate Frequency Customer,Long Purchase Gap,Repeat Customer,1482729.5,Government,Mining,West,666213,506832,3,2,Low Engagement Customer,45,343
C0223,33,2019-03-01,2024-10-15,54079206.6,64.22,2.0,295.0,2055,5.63,5.87,Moderate Frequency Customer,Long Purchase Gap,Repeat Customer,1638763.84,Corporate,Logistics,West,681810,584759,1,2,Low Engagement Customer,45,344
C0195,31,2019-02-15,2024-12-28,56797913.6,71.43,1.0,322.0,2143,5.87,5.28,Moderate Frequency Customer,Long Purchase Gap,Repeat Customer,1832190.76,Fleet Owner,Logistics,East,389773,149217,2,2,Low Engagement Customer,45,345
C0317,32,2019-01-17,2024-12-25,43291415.2,69.97,1.0,231.0,2169,5.94,5.39,Moderate Frequency Customer,Long Purchase Gap,Repeat Customer,1352856.72,Corporate,Manufacturing,South,228417,52279,3,2,Low Engagement Customer,45,346
C0166,32,2019-01-18,2024-12-08,69504759.6,69.39,2.0,432.0,2151,5.89,5.43,Moderate Frequency Customer,Long Purchase Gap,Repeat Customer,2172023.74,Fleet Owner,Manufacturing,West,735924,576566,2,2,Low Engagement Customer,45,347
C0308,33,2019-02-19,2024-12-12,50359329.6,66.34,1.0,283.0,2123,5.81,5.68,Moderate Frequency Customer,Long Purchase Gap,Repeat Customer,1526040.29,Retail,Mining,North,23387,13502,3,2,Low Engagement Customer,45,348
C0156,33,2019-01-14,2024-09-17,67117436.4,64.78,4.0,243.0,2073,5.68,5.81,Moderate Frequency Customer,Long Purchase Gap,Repeat Customer,2033861.71,Government,Manufacturing,South,1032586,173071,5,2,Low Engagement Customer,45,349
C0349,33,2019-01-31,2024-10-19,56613876.0,65.25,3.0,302.0,2088,5.72,5.77,Moderate Frequency Customer,Long Purchase Gap,Repeat Customer,1715572.0,Corporate,Rental,West,505172,308946,1,2,Low Engagement Customer,45,350
C0350,32,2019-05-03,2024-11-25,41227777.0,65.58,3.0,350.0,2033,5.57,5.75,Moderate Frequency Customer,Long Purchase Gap,Repeat Customer,1288368.03,Dealer,Logistics,North East,386127,5509,2,2,Low Engagement Customer,45,351
C0338,33,2019-02-01,2024-11-23,52210070.0,66.31,1.0,278.0,2122,5.81,5.68,Moderate Frequency Customer,Long Purchase Gap,Repeat Customer,1582123.33,Corporate,Rental,West,849500,770295,4,2,Low Engagement Customer,45,352
C0316,33,2019-03-08,2024-09-22,45390754.0,63.28,0.0,238.0,2025,5.54,5.95,Moderate Frequency Customer,Long Purchase Gap,Repeat Customer,1375477.39,Dealer,Manufacturing,East,254996,128290,4,2,Low Engagement Customer,45,353
C0167,31,2019-01-03,2024-12-28,50383279.4,72.87,2.0,368.0,2186,5.98,5.18,Moderate Frequency Customer,Long Purchase Gap,Repeat Customer,1625267.08,Retail,Mining,West,34602,32450,4,2,Low Engagement Customer,45,354
C0168,34,2019-06-02,2024-12-18,64028787.0,61.39,0.0,171.0,2026,5.55,6.13,Moderate Frequency Customer,Long Purchase Gap,Repeat Customer,1883199.62,Dealer,Infrastructure,West,238781,189804,1,2,Low Engagement Customer,45,355
C0173,31,2019-03-29,2024-10-18,57999777.4,67.67,0.0,200.0,2030,5.56,5.58,Moderate Frequency Customer,Long Purchase Gap,Repeat Customer,1870960.56,Retail,Logistics,South,22198,3421,1,2,Low Engagement Customer,45,356
C0179,32,2019-05-20,2024-07-21,43222736.0,60.94,0.0,254.0,1889,5.17,6.19,Moderate Frequency Customer,Long Purchase Gap,Repeat Customer,1350710.5,Government,Infrastructure,South,630635,213290,3,2,Low Engagement Customer,45,357
C0204,31,2019-05-20,2024-12-08,39880662.0,67.63,1.0,379.0,2029,5.56,5.58,Moderate Frequency Customer,Long Purchase Gap,Repeat Customer,1286472.97,Retail,Rental,South,20298,7042,2,2,Low Engagement Customer,45,358
C0259,33,2019-02-02,2024-12-13,60202150.6,66.91,0.0,308.0,2141,5.86,5.63,Moderate Frequency Customer,Long Purchase Gap,Repeat Customer,1824307.59,Fleet Owner,Logistics,South,326836,313932,1,2,Low Engagement Customer,45,359
C0268,32,2019-01-21,2024-10-07,63709103.6,67.29,0.0,218.0,2086,5.71,5.6,Moderate Frequency Customer,Long Purchase Gap,Repeat Customer,1990909.49,Government,Mining,West,1168032,365651,3,2,Low Engagement Customer,45,360
C0283,31,2019-04-14,2024-09-04,44490975.8,65.67,4.0,374.0,1970,5.39,5.75,Moderate Frequency Customer,Long Purchase Gap,Repeat Customer,1435192.77,Retail,Logistics,North,11744,10481,1,2,Low Engagement Customer,45,361
C0194,33,2019-04-15,2024-12-26,48202752.8,65.06,2.0,188.0,2082,5.7,5.79,Moderate Frequency Customer,Long Purchase Gap,Repeat Customer,1460689.48,Fleet Owner,Construction,South,380469,167449,1,2,Low Engagement Customer,45,362
C0214,31,2019-01-12,2024-12-26,50612095.0,72.5,1.0,353.0,2175,5.95,5.21,Moderate Frequency Customer,Long Purchase Gap,Repeat Customer,1632648.23,Corporate,Rental,West,583212,447435,4,2,Low Engagement Customer,45,363
C0212,31,2019-02-01,2024-08-23,45262151.0,67.67,4.0,372.0,2030,5.56,5.58,Moderate Frequency Customer,Long Purchase Gap,Repeat Customer,1460069.39,Retail,Infrastructure,North East,24433,23440,4,2,Low Engagement Customer,45,364
C0261,33,2019-05-06,2024-12-06,62999554.6,63.78,4.0,277.0,2041,5.59,5.91,Moderate Frequency Customer,Long Purchase Gap,Repeat Customer,1909077.41,Dealer,Manufacturing,North,164597,79881,5,2,Low Engagement Customer,45,365
C0245,33,2019-01-01,2024-11-30,56554752.6,67.5,1.0,305.0,2160,5.91,5.58,Moderate Frequency Customer,Long Purchase Gap,Repeat Customer,1713780.38,Dealer,Logistics,South,204820,16669,2,2,Low Engagement Customer,45,366
C0231,32,2019-02-21,2024-11-08,51646725.4,67.32,1.0,232.0,2087,5.71,5.6,Moderate Frequency Customer,Long Purchase Gap,Repeat Customer,1613960.17,Government,Infrastructure,West,903218,113383,4,2,Low Engagement Customer,45,367
C0227,34,2019-02-13,2024-10-24,57926647.6,63.03,2.0,220.0,2080,5.69,5.97,Moderate Frequency Customer,Long Purchase Gap,Repeat Customer,1703724.93,Fleet Owner,Infrastructure,East,282190,210075,1,2,Low Engagement Customer,45,368
C0494,32,2019-02-25,2024-11-28,48287535.6,67.84,1.0,421.0,2103,5.76,5.56,Moderate Frequency Customer,Long Purchase Gap,Repeat Customer,1508985.49,Corporate,Construction,East,704926,188070,2,2,Low Engagement Customer,45,369
C0015,34,2019-02-18,2024-11-16,61028370.8,63.58,3.0,312.0,2098,5.74,5.92,Moderate Frequency Customer,Long Purchase Gap,Repeat Customer,1794952.08,Government,Rental,West,790010,18560,2,2,Low Engagement Customer,45,370
C0482,31,2019-12-15,2024-12-03,73762403.2,60.5,1.0,392.0,1815,4.97,6.24,Moderate Frequency Customer,Long Purchase Gap,Repeat Customer,2379432.36,Fleet Owner,Logistics,East,285819,265924,1,2,Low Engagement Customer,45,371
C0009,34,2019-04-14,2024-11-04,68836324.8,61.55,0.0,331.0,2031,5.56,6.11,Moderate Frequency Customer,Long Purchase Gap,Repeat Customer,2024597.79,Corporate,Rental,West,273316,231149,4,2,Low Engagement Customer,45,372
C0034,32,2019-01-05,2024-10-06,42477752.2,67.77,1.0,215.0,2101,5.75,5.56,Moderate Frequency Customer,Long Purchase Gap,Repeat Customer,1327429.76,Government,Construction,West,1033298,786303,5,2,Low Engagement Customer,45,373
C0001,34,2019-01-26,2024-11-15,55019747.4,64.24,4.0,176.0,2120,5.8,5.86,Moderate Frequency Customer,Long Purchase Gap,Repeat Customer,1618227.86,Retail,Construction,East,45896,43284,4,2,Low Engagement Customer,45,374
C0030,32,2019-01-30,2024-09-02,58263942.8,65.87,0.0,261.0,2042,5.59,5.72,Moderate Frequency Customer,Long Purchase Gap,Repeat Customer,1820748.21,Corporate,Construction,South,501072,443634,5,2,Low Engagement Customer,45,375
C0023,32,2019-01-05,2024-12-27,58217713.2,70.42,1.0,292.0,2183,5.98,5.35,Moderate Frequency Customer,Long Purchase Gap,Repeat Customer,1819303.54,Corporate,Mining,South,274997,248491,2,2,Low Engagement Customer,45,376
C0044,34,2019-01-05,2024-11-17,49589458.0,64.94,3.0,275.0,2143,5.87,5.79,Moderate Frequency Customer,Long Purchase Gap,Repeat Customer,1458513.47,Government,Mining,West,888707,663201,4,2,Low Engagement Customer,45,377
C0460,32,2019-04-06,2024-11-25,64634814.4,66.45,0.0,291.0,2060,5.64,5.67,Moderate Frequency Customer,Long Purchase Gap,Repeat Customer,2019837.95,Dealer,Logistics,South,143749,30133,1,2,Low Engagement Customer,45,378
C0454,33,2019-02-08,2024-11-14,41820500.6,65.81,4.0,263.0,2106,5.77,5.72,Moderate Frequency Customer,Long Purchase Gap,Repeat Customer,1267287.9,Government,Mining,West,797861,13824,3,2,Low Engagement Customer,45,379
C0453,31,2019-05-25,2024-12-01,59284873.8,67.23,3.0,315.0,2017,5.52,5.61,Moderate Frequency Customer,Long Purchase Gap,Repeat Customer,1912415.28,Dealer,Mining,East,158610,20082,3,2,Low Engagement Customer,45,380
C0434,33,2019-01-05,2024-10-26,54575670.2,66.28,2.0,258.0,2121,5.81,5.68,Moderate Frequency Customer,Long Purchase Gap,Repeat Customer,1653808.19,Corporate,Mining,Central,437713,377663,4,2,Low Engagement Customer,45,381
C0447,33,2019-05-16,2024-12-23,61334243.8,64.0,5.0,323.0,2048,5.61,5.89,Moderate Frequency Customer,Long Purchase Gap,Repeat Customer,1858613.45,Fleet Owner,Rental,East,659733,93235,2,2,Low Engagement Customer,45,382
C0055,32,2019-04-01,2024-12-11,59056095.2,67.13,5.0,183.0,2081,5.7,5.62,Moderate Frequency Customer,Long Purchase Gap,Repeat Customer,1845502.98,Dealer,Construction,North,394514,195008,1,2,Low Engagement Customer,45,383
C0449,32,2019-07-19,2024-11-19,55700286.8,62.9,0.0,396.0,1950,5.34,5.99,Moderate Frequency Customer,Long Purchase Gap,Repeat Customer,1740633.96,Fleet Owner,Logistics,West,359802,296904,3,2,Low Engagement Customer,45,384
C0441,31,2019-01-17,2024-10-19,47045233.8,70.07,1.0,230.0,2102,5.75,5.39,Moderate Frequency Customer,Long Purchase Gap,Repeat Customer,1517588.19,Dealer,Construction,North,261833,189019,2,2,Low Engagement Customer,45,385
C0075,33,2019-04-17,2024-10-20,50186853.4,62.91,2.0,231.0,2013,5.51,5.99,Moderate Frequency Customer,Long Purchase Gap,Repeat Customer,1520813.74,Retail,Mining,South,27094,12134,5,2,Low Engagement Customer,45,386
C0419,31,2019-03-05,2024-09-30,61514207.2,67.87,1.0,378.0,2036,5.57,5.56,Moderate Frequency Customer,Long Purchase Gap,Repeat Customer,1984329.26,Fleet Owner,Logistics,West,344338,246613,1,2,Low Engagement Customer,45,387
C0077,34,2019-02-05,2024-12-16,57865492.6,64.88,2.0,287.0,2141,5.86,5.8,Moderate Frequency Customer,Long Purchase Gap,Repeat Customer,1701926.25,Corporate,Mining,North,715444,620984,1,2,Low Engagement Customer,45,388
C0392,31,2019-02-11,2024-12-12,38571708.8,71.03,6.0,266.0,2131,5.83,5.31,Moderate Frequency Customer,Long Purchase Gap,Repeat Customer,1244248.67,Fleet Owner,Logistics,East,465583,265735,2,2,Low Engagement Customer,45,389
C0391,33,2019-01-14,2024-11-30,47080496.4,67.09,4.0,458.0,2147,5.88,5.61,Moderate Frequency Customer,Long Purchase Gap,Repeat Customer,1426681.71,Government,Construction,West,624393,239160,3,2,Low Engagement Customer,45,390
C0382,33,2019-04-17,2024-11-19,42929317.0,63.84,3.0,487.0,2043,5.59,5.9,Moderate Frequency Customer,Long Purchase Gap,Repeat Customer,1300888.39,Retail,Manufacturing,South,41306,34329,3,2,Low Engagement Customer,45,391
C0118,32,2019-02-03,2024-12-10,41835680.2,68.94,2.0,332.0,2137,5.85,5.47,Moderate Frequency Customer,Long Purchase Gap,Repeat Customer,1307365.01,Retail,Rental,South,40651,8239,4,2,Low Engagement Customer,45,392
C0104,34,2019-04-06,2024-12-30,42120081.4,63.48,2.0,187.0,2095,5.74,5.93,Moderate Frequency Customer,Long Purchase Gap,Repeat Customer,1238825.92,Fleet Owner,Infrastructure,South,318210,213321,1,2,Low Engagement Customer,45,393
C0102,34,2019-03-11,2024-10-24,71864051.2,62.24,1.0,370.0,2054,5.62,6.05,Moderate Frequency Customer,Long Purchase Gap,Repeat Customer,2113648.56,Government,Infrastructure,East,1221840,547151,4,2,Low Engagement Customer,45,394
C0112,33,2019-02-27,2024-12-01,46248326.6,65.75,1.0,234.0,2104,5.76,5.73,Moderate Frequency Customer,Long Purchase Gap,Repeat Customer,1401464.44,Fleet Owner,Mining,South,389833,373500,2,2,Low Engagement Customer,45,395
C0111,33,2019-04-09,2024-12-16,55916542.2,64.94,1.0,230.0,2078,5.69,5.8,Moderate Frequency Customer,Long Purchase Gap,Repeat Customer,1694440.67,Corporate,Construction,South,332240,18012,3,2,Low Engagement Customer,45,396
C0131,32,2019-02-21,2024-06-14,59008448.8,62.58,3.0,336.0,1940,5.31,6.02,Moderate Frequency Customer,Long Purchase Gap,Repeat Customer,1844014.02,Corporate,Rental,South,215893,70818,2,2,Low Engagement Customer,45,397
C0145,33,2019-04-01,2024-12-29,34445949.4,65.59,0.0,400.0,2099,5.75,5.74,Moderate Frequency Customer,Long Purchase Gap,Repeat Customer,1043816.65,Retail,Construction,West,49522,23237,3,2,Low Engagement Customer,45,398
C0138,34,2019-01-10,2024-12-25,62582651.4,65.94,1.0,275.0,2176,5.96,5.71,Moderate Frequency Customer,Long Purchase Gap,Repeat Customer,1840666.22,Corporate,Mining,South,251506,244794,5,2,Low Engagement Customer,45,399
C0368,31,2019-02-17,2024-11-01,51837532.8,69.47,3.0,175.0,2084,5.71,5.43,Moderate Frequency Customer,Long Purchase Gap,Repeat Customer,1672178.48,Fleet Owner,Construction,South,234723,90488,1,2,Low Engagement Customer,45,400
C0191,29,2019-02-03,2024-12-12,65787839.8,76.39,2.0,251.0,2139,5.86,4.95,Moderate Frequency Customer,Long Purchase Gap,Repeat Customer,2268546.2,Corporate,Manufacturing,South,615994,569076,2,1,Low Engagement Customer,25,401
C0183,27,2019-02-03,2024-12-05,32313901.0,82.0,2.0,352.0,2132,5.84,4.63,Moderate Frequency Customer,Long Purchase Gap,Repeat Customer,1196811.15,Government,Mining,West,1225772,731224,4,1,Low Engagement Customer,25,402
C0184,29,2019-03-12,2024-11-28,61479056.4,74.57,1.0,244.0,2088,5.72,5.07,Moderate Frequency Customer,Long Purchase Gap,Repeat Customer,2119967.46,Retail,Rental,South,47652,2668,3,1,Low Engagement Customer,25,403
C0313,30,2019-05-28,2024-09-02,48205237.4,66.34,1.0,193.0,1924,5.27,5.7,Moderate Frequency Customer,Long Purchase Gap,Repeat Customer,1606841.25,Corporate,Mining,West,821603,658403,1,1,Low Engagement Customer,25,404
C0258,28,2019-02-04,2024-10-10,62250978.4,76.85,6.0,353.0,2075,5.68,4.93,Moderate Frequency Customer,Long Purchase Gap,Repeat Customer,2223249.23,Corporate,Mining,South,299133,238697,2,1,Low Engagement Customer,25,405
C0238,30,2019-01-22,2024-03-25,36717219.2,65.14,4.0,349.0,1889,5.17,5.8,Moderate Frequency Customer,Long Purchase Gap,Repeat Customer,1223907.31,Corporate,Construction,South,299342,40569,5,1,Low Engagement Customer,25,406
C0234,29,2019-01-09,2024-12-26,72295152.4,77.79,1.0,326.0,2178,5.96,4.86,Moderate Frequency Customer,Long Purchase Gap,Repeat Customer,2492936.29,Corporate,Infrastructure,West,418214,52828,2,1,Low Engagement Customer,25,407
C0233,28,2019-05-29,2024-10-21,49889164.0,73.04,3.0,259.0,1972,5.4,5.19,Moderate Frequency Customer,Long Purchase Gap,Repeat Customer,1781755.86,Government,Logistics,East,1146772,306186,3,1,Low Engagement Customer,25,408
C0229,28,2019-05-15,2024-11-29,44419985.8,75.0,3.0,309.0,2025,5.54,5.05,Moderate Frequency Customer,Long Purchase Gap,Repeat Customer,1586428.06,Government,Mining,East,543686,47129,3,1,Low Engagement Customer,25,409
C0243,28,2019-11-20,2024-12-10,42431751.6,68.41,1.0,219.0,1847,5.06,5.54,Moderate Frequency Customer,Long Purchase Gap,Repeat Customer,1515419.7,Government,Construction,North,1271592,1157997,3,1,Low Engagement Customer,25,410
C0256,30,2019-01-03,2024-09-19,58794725.4,71.93,3.0,270.0,2086,5.71,5.25,Moderate Frequency Customer,Long Purchase Gap,Repeat Customer,1959824.18,Corporate,Infrastructure,North East,930018,60762,4,1,Low Engagement Customer,25,411
C0226,26,2019-01-22,2024-09-28,47025541.0,83.04,4.0,242.0,2076,5.68,4.57,Moderate Frequency Customer,Long Purchase Gap,Repeat Customer,1808674.65,Dealer,Logistics,West,400547,150512,5,1,Low Engagement Customer,25,412
C0248,30,2019-01-10,2024-12-04,45208412.0,74.31,0.0,376.0,2155,5.9,5.08,Moderate Frequency Customer,Long Purchase Gap,Repeat Customer,1506947.07,Fleet Owner,Rental,West,635210,15754,5,1,Low Engagement Customer,25,413
C0007,31,2019-05-08,2024-11-03,36509378.2,66.87,3.0,247.0,2006,5.49,5.64,Moderate Frequency Customer,Long Purchase Gap,Repeat Customer,1177721.88,Corporate,Manufacturing,West,859003,565081,4,1,Low Engagement Customer,25,414
C0014,27,2019-03-05,2024-12-21,41523847.6,81.46,4.0,420.0,2118,5.8,4.66,Moderate Frequency Customer,Long Purchase Gap,Repeat Customer,1537920.28,Fleet Owner,Construction,East,611397,522294,2,1,Low Engagement Customer,25,415
C0484,27,2019-01-30,2024-11-10,48200851.6,81.19,9.0,259.0,2111,5.78,4.67,Moderate Frequency Customer,Long Purchase Gap,Repeat Customer,1785216.73,Fleet Owner,Mining,West,773172,383774,1,1,Low Engagement Customer,25,416
C0487,26,2019-03-08,2024-03-18,39512216.0,73.48,0.0,379.0,1837,5.03,5.17,Moderate Frequency Customer,Long Purchase Gap,Repeat Customer,1519700.62,Dealer,Mining,South,346606,25749,1,1,Low Engagement Customer,25,417
C0485,28,2019-01-14,2024-10-01,59146123.8,77.3,0.0,327.0,2087,5.71,4.9,Moderate Frequency Customer,Long Purchase Gap,Repeat Customer,2112361.56,Fleet Owner,Rental,West,581553,485739,1,1,Low Engagement Customer,25,418
C0491,27,2019-03-27,2024-07-04,65215944.4,74.08,6.0,238.0,1926,5.27,5.12,Moderate Frequency Customer,Long Purchase Gap,Repeat Customer,2415405.35,Dealer,Infrastructure,South,312699,2744,1,1,Low Engagement Customer,25,419
C0497,30,2019-06-12,2024-11-02,51439335.2,67.93,3.0,209.0,1970,5.39,5.56,Moderate Frequency Customer,Long Purchase Gap,Repeat Customer,1714644.51,Government,Logistics,South,764082,310133,3,1,Low Engagement Customer,25,420
C0213,30,2019-02-26,2024-08-31,66248437.6,69.41,3.0,358.0,2013,5.51,5.44,Moderate Frequency Customer,Long Purchase Gap,Repeat Customer,2208281.25,Fleet Owner,Rental,West,192184,161419,4,1,Low Engagement Customer,25,421
C0265,29,2019-02-19,2024-09-27,47931619.6,73.11,8.0,322.0,2047,5.6,5.17,Moderate Frequency Customer,Long Purchase Gap,Repeat Customer,1652814.47,Retail,Mining,West,18495,6434,1,1,Low Engagement Customer,25,422
C0262,26,2019-02-26,2024-12-04,36628894.0,84.32,2.0,272.0,2108,5.77,4.5,Moderate Frequency Customer,Long Purchase Gap,Repeat Customer,1408803.62,Corporate,Logistics,North,476523,424625,4,1,Low Engagement Customer,25,423
C0210,30,2019-02-20,2024-11-26,53509817.8,72.62,3.0,273.0,2106,5.77,5.2,Moderate Frequency Customer,Long Purchase Gap,Repeat Customer,1783660.59,Retail,Infrastructure,West,11789,1490,2,1,Low Engagement Customer,25,424
C0180,27,2019-01-04,2024-12-10,30093537.8,83.35,24.0,223.0,2167,5.93,4.55,Moderate Frequency Customer,Long Purchase Gap,Repeat Customer,1114575.47,Fleet Owner,Logistics,South,747590,313557,3,1,Low Engagement Customer,25,425
C0303,27,2019-04-05,2024-12-01,32465859.6,79.5,1.0,320.0,2067,5.66,4.77,Moderate Frequency Customer,Long Purchase Gap,Repeat Customer,1202439.24,Corporate,Mining,West,323564,38655,3,1,Low Engagement Customer,25,426
C0182,29,2019-03-03,2024-08-03,40856091.0,70.71,1.0,211.0,1980,5.42,5.35,Moderate Frequency Customer,Long Purchase Gap,Repeat Customer,1408830.72,Dealer,Infrastructure,East,298476,237412,5,1,Low Engagement Customer,25,427
C0187,30,2019-05-02,2024-11-08,46901016.0,69.55,4.0,222.0,2017,5.52,5.43,Moderate Frequency Customer,Long Purchase Gap,Repeat Customer,1563367.2,Retail,Rental,North,42105,40074,1,1,Low Engagement Customer,25,428
C0162,28,2019-07-05,2024-10-14,62233145.6,71.41,0.0,240.0,1928,5.28,5.3,Moderate Frequency Customer,Long Purchase Gap,Repeat Customer,2222612.34,Retail,Mining,East,21937,2738,4,1,Low Engagement Customer,25,429
C0267,29,2019-03-07,2024-03-25,46440405.2,65.89,2.0,267.0,1845,5.05,5.74,Moderate Frequency Customer,Long Purchase Gap,Repeat Customer,1601393.28,Fleet Owner,Infrastructure,South,253236,64982,3,1,Low Engagement Customer,25,430
C0271,24,2019-06-05,2024-11-26,37757473.8,87.0,1.0,259.0,2001,5.48,4.38,Low Frequency Customer,Long Purchase Gap,Repeat Customer,1573228.08,Corporate,Infrastructure,South,399363,217846,5,1,Low Engagement Customer,25,431
C0281,26,2019-07-26,2024-06-25,46282268.6,71.84,0.0,368.0,1796,4.92,5.29,Moderate Frequency Customer,Long Purchase Gap,Repeat Customer,1780087.25,Government,Logistics,South,1088567,176124,4,1,Low Engagement Customer,25,432
C0279,26,2019-05-12,2024-11-12,35292218.0,80.44,2.0,394.0,2011,5.51,4.72,Moderate Frequency Customer,Long Purchase Gap,Repeat Customer,1357393.0,Dealer,Rental,West,105022,100986,4,1,Low Engagement Customer,25,433
C0202,28,2019-09-19,2024-09-21,50389917.2,67.74,1.0,317.0,1829,5.01,5.59,Moderate Frequency Customer,Long Purchase Gap,Repeat Customer,1799639.9,Government,Logistics,North,1402130,532821,4,1,Low Engagement Customer,25,434
C0208,30,2019-01-20,2024-12-30,46904115.8,74.86,3.0,215.0,2171,5.94,5.05,Moderate Frequency Customer,Long Purchase Gap,Repeat Customer,1563470.53,Fleet Owner,Logistics,North,737567,537907,4,1,Low Engagement Customer,25,435
C0292,27,2019-01-11,2024-04-28,30979627.8,74.38,11.0,325.0,1934,5.3,5.1,Moderate Frequency Customer,Long Purchase Gap,Repeat Customer,1147393.62,Corporate,Rental,Central,627266,572987,2,1,Low Engagement Customer,25,436
C0357,28,2019-01-05,2024-11-17,57734552.2,79.37,1.0,344.0,2143,5.87,4.77,Moderate Frequency Customer,Long Purchase Gap,Repeat Customer,2061948.29,Corporate,Mining,West,573217,397222,2,1,Low Engagement Customer,25,437
C0353,27,2019-01-16,2024-10-08,31979908.6,80.46,0.0,295.0,2092,5.73,4.71,Moderate Frequency Customer,Long Purchase Gap,Repeat Customer,1184441.06,Dealer,Manufacturing,North,275021,20542,1,1,Low Engagement Customer,25,438
C0352,30,2019-02-23,2024-11-11,40262666.2,72.0,2.0,237.0,2088,5.72,5.25,Moderate Frequency Customer,Long Purchase Gap,Repeat Customer,1342088.87,Corporate,Mining,South,729658,322307,1,1,Low Engagement Customer,25,439
C0347,24,2019-03-04,2024-12-03,22536660.4,91.35,2.0,214.0,2101,5.75,4.17,Low Frequency Customer,Long Purchase Gap,Repeat Customer,939027.52,Retail,Mining,North,33854,16481,4,1,Low Engagement Customer,25,440
C0344,28,2019-01-04,2024-06-17,48151864.0,73.74,0.0,531.0,1991,5.45,5.14,Moderate Frequency Customer,Long Purchase Gap,Repeat Customer,1719709.43,Fleet Owner,Mining,West,508890,439948,2,1,Low Engagement Customer,25,441
C0339,24,2019-05-01,2024-08-16,40193008.4,84.09,4.0,302.0,1934,5.3,4.53,Low Frequency Customer,Long Purchase Gap,Repeat Customer,1674708.68,Fleet Owner,Logistics,South,121781,76116,2,1,Low Engagement Customer,25,442
C0151,27,2019-03-03,2024-11-28,39556960.6,80.65,9.0,208.0,2097,5.74,4.7,Moderate Frequency Customer,Long Purchase Gap,Repeat Customer,1465072.61,Government,Infrastructure,East,1163117,166210,5,1,Low Engagement Customer,25,443
C0150,30,2019-07-12,2024-11-09,41608958.8,67.14,2.0,362.0,1947,5.33,5.63,Moderate Frequency Customer,Long Purchase Gap,Repeat Customer,1386965.29,Fleet Owner,Manufacturing,West,197605,127111,5,1,Low Engagement Customer,25,444
C0147,30,2019-07-21,2024-12-22,44007572.2,68.31,1.0,200.0,1981,5.42,5.53,Moderate Frequency Customer,Long Purchase Gap,Repeat Customer,1466919.07,Dealer,Rental,North,363902,291538,5,1,Low Engagement Customer,25,445
C0325,30,2019-03-03,2024-11-09,52920013.4,71.66,0.0,304.0,2078,5.69,5.27,Moderate Frequency Customer,Long Purchase Gap,Repeat Customer,1764000.45,Corporate,Rental,East,811959,363532,3,1,Low Engagement Customer,25,446
C0177,28,2019-04-01,2024-12-25,35762840.4,77.59,0.0,200.0,2095,5.74,4.88,Moderate Frequency Customer,Long Purchase Gap,Repeat Customer,1277244.3,Dealer,Construction,West,100097,9054,1,1,Low Engagement Customer,25,447
C0322,28,2019-04-10,2024-12-10,40996678.0,76.7,2.0,207.0,2071,5.67,4.94,Moderate Frequency Customer,Long Purchase Gap,Repeat Customer,1464167.07,Government,Construction,West,975830,17767,2,1,Low Engagement Customer,25,448
C0146,30,2019-01-20,2024-12-31,61245406.2,74.9,1.0,271.0,2172,5.95,5.04,Moderate Frequency Customer,Long Purchase Gap,Repeat Customer,2041513.54,Retail,Mining,West,21418,15972,3,1,Low Engagement Customer,25,449
C0170,27,2019-03-21,2024-12-20,38882680.4,80.81,0.0,436.0,2101,5.75,4.69,Moderate Frequency Customer,Long Purchase Gap,Repeat Customer,1440099.27,Government,Construction,South,1285103,765704,4,1,Low Engagement Customer,25,450
C0171,30,2019-04-27,2024-10-19,55348450.2,69.03,2.0,344.0,2002,5.48,5.47,Moderate Frequency Customer,Long Purchase Gap,Repeat Customer,1844948.34,Fleet Owner,Construction,South,687863,7826,3,1,Low Engagement Customer,25,451
C0174,29,2019-01-11,2024-12-03,29793255.0,76.89,3.0,232.0,2153,5.89,4.92,Moderate Frequency Customer,Long Purchase Gap,Repeat Customer,1027353.62,Government,Mining,West,1316961,123349,2,1,Low Engagement Customer,25,452
C0376,29,2019-07-01,2024-11-24,52106248.6,70.46,1.0,294.0,1973,5.4,5.37,Moderate Frequency Customer,Long Purchase Gap,Repeat Customer,1796767.19,Retail,Construction,North,37739,31805,5,1,Low Engagement Customer,25,453
C0144,25,2019-04-02,2024-08-23,39589546.2,82.08,7.0,245.0,1970,5.39,4.64,Moderate Frequency Customer,Long Purchase Gap,Repeat Customer,1583581.85,Fleet Owner,Construction,West,578368,178549,2,1,Low Engagement Customer,25,454
C0139,29,2019-03-13,2024-10-31,37337910.0,73.54,3.0,309.0,2059,5.64,5.14,Moderate Frequency Customer,Long Purchase Gap,Repeat Customer,1287514.14,Government,Mining,West,825908,770729,2,1,Low Engagement Customer,25,455
C0143,27,2019-01-11,2024-08-02,44644618.2,78.08,4.0,374.0,2030,5.56,4.86,Moderate Frequency Customer,Long Purchase Gap,Repeat Customer,1653504.38,Corporate,Infrastructure,South,915191,549312,3,1,Low Engagement Customer,25,456
C0137,21,2019-06-13,2024-06-10,42806442.6,91.2,4.0,333.0,1824,4.99,4.21,Low Frequency Customer,Long Purchase Gap,Repeat Customer,2038402.03,Dealer,Infrastructure,South,257346,114551,5,1,Low Engagement Customer,25,457
C0366,26,2019-03-09,2024-10-26,43711261.8,82.32,7.0,323.0,2058,5.63,4.61,Moderate Frequency Customer,Long Purchase Gap,Repeat Customer,1681202.38,Corporate,Logistics,East,429866,27962,4,1,Low Engagement Customer,25,458
C0367,27,2019-02-28,2024-11-04,57592654.8,79.85,5.0,365.0,2076,5.68,4.75,Moderate Frequency Customer,Long Purchase Gap,Repeat Customer,2133061.29,Fleet Owner,Logistics,South,747445,501548,2,1,Low Engagement Customer,25,459
C0133,29,2019-03-27,2024-04-07,51247358.0,65.64,4.0,503.0,1838,5.03,5.76,Moderate Frequency Customer,Long Purchase Gap,Repeat Customer,1767150.28,Government,Mining,South,1144779,737832,1,1,Low Engagement Customer,25,460
C0388,27,2019-03-21,2024-12-12,39389408.6,80.5,1.0,319.0,2093,5.73,4.71,Moderate Frequency Customer,Long Purchase Gap,Repeat Customer,1458866.99,Fleet Owner,Infrastructure,West,780698,677920,5,1,Low Engagement Customer,25,461
C0389,30,2019-04-04,2024-11-25,48796477.0,71.1,11.0,373.0,2062,5.65,5.31,Moderate Frequency Customer,Long Purchase Gap,Repeat Customer,1626549.23,Retail,Mining,West,34342,20256,5,1,Low Engagement Customer,25,462
C0381,29,2019-07-06,2024-11-17,62038399.0,70.04,3.0,227.0,1961,5.37,5.4,Moderate Frequency Customer,Long Purchase Gap,Repeat Customer,2139255.14,Corporate,Mining,South,571520,435086,4,1,Low Engagement Customer,25,463
C0117,31,2019-01-01,2024-08-12,38951277.4,68.33,0.0,212.0,2050,5.61,5.52,Moderate Frequency Customer,Long Purchase Gap,Repeat Customer,1256492.82,Government,Mining,North East,856033,284259,3,1,Low Engagement Customer,25,464
C0115,29,2019-05-07,2024-11-28,44357793.6,72.57,4.0,252.0,2032,5.56,5.21,Moderate Frequency Customer,Long Purchase Gap,Repeat Customer,1529579.09,Fleet Owner,Mining,South,666395,628219,5,1,Low Engagement Customer,25,465
C0122,31,2019-01-12,2024-11-05,48051119.4,70.8,1.0,232.0,2124,5.82,5.33,Moderate Frequency Customer,Long Purchase Gap,Repeat Customer,1550036.11,Dealer,Rental,North East,351917,4859,2,1,Low Engagement Customer,25,466
C0125,30,2019-02-17,2024-12-09,31904862.6,73.17,1.0,288.0,2122,5.81,5.16,Moderate Frequency Customer,Long Purchase Gap,Repeat Customer,1063495.42,Government,Mining,West,557944,302970,4,1,Low Engagement Customer,25,467
C0127,28,2019-03-01,2024-06-25,48960650.8,71.96,7.0,233.0,1943,5.32,5.26,Moderate Frequency Customer,Long Purchase Gap,Repeat Customer,1748594.67,Government,Construction,East,1030275,912169,1,1,Low Engagement Customer,25,468
C0072,26,2019-06-15,2024-12-23,55369763.0,80.72,5.0,465.0,2018,5.52,4.71,Moderate Frequency Customer,Long Purchase Gap,Repeat Customer,2129606.27,Government,Logistics,West,1196826,1192089,3,1,Low Engagement Customer,25,469
C0067,31,2019-05-29,2024-12-30,55575120.6,68.07,5.0,310.0,2042,5.59,5.54,Moderate Frequency Customer,Long Purchase Gap,Repeat Customer,1792745.83,Retail,Manufacturing,West,34526,17171,3,1,Low Engagement Customer,25,470
C0091,30,2019-01-09,2024-09-07,39090471.8,71.31,0.0,242.0,2068,5.66,5.3,Moderate Frequency Customer,Long Purchase Gap,Repeat Customer,1303015.73,Retail,Construction,South,48920,2123,2,1,Low Engagement Customer,25,471
C0097,26,2019-03-22,2024-12-16,47499351.2,83.84,0.0,305.0,2096,5.74,4.53,Moderate Frequency Customer,Long Purchase Gap,Repeat Customer,1826898.12,Corporate,Construction,West,351063,253,5,1,Low Engagement Customer,25,472
C0095,29,2019-05-21,2024-12-26,55610118.2,73.07,1.0,478.0,2046,5.6,5.18,Moderate Frequency Customer,Long Purchase Gap,Repeat Customer,1917590.28,Fleet Owner,Logistics,West,207876,37163,3,1,Low Engagement Customer,25,473
C0094,31,2019-01-18,2024-09-20,46343009.2,69.07,0.0,304.0,2072,5.67,5.46,Moderate Frequency Customer,Long Purchase Gap,Repeat Customer,1494935.78,Corporate,Logistics,West,206889,166058,4,1,Low Engagement Customer,25,474
C0108,24,2019-01-03,2024-12-29,31126705.0,95.09,2.0,330.0,2187,5.99,4.01,Low Frequency Customer,Long Purchase Gap,Repeat Customer,1296946.04,Corporate,Rental,North,676059,420507,4,1,Low Engagement Customer,25,475
C0086,29,2019-01-12,2024-11-22,59655682.6,76.46,3.0,255.0,2141,5.86,4.95,Moderate Frequency Customer,Long Purchase Gap,Repeat Customer,2057092.5,Retail,Construction,West,32547,1770,3,1,Low Engagement Customer,25,476
C0423,30,2019-02-25,2024-11-09,46894840.4,71.86,2.0,396.0,2084,5.71,5.26,Moderate Frequency Customer,Long Purchase Gap,Repeat Customer,1563161.35,Dealer,Infrastructure,South,234222,160010,3,1,Low Engagement Customer,25,477
C0418,30,2019-03-18,2024-11-14,47167025.6,71.31,1.0,392.0,2068,5.66,5.3,Moderate Frequency Customer,Long Purchase Gap,Repeat Customer,1572234.19,Government,Mining,West,1185942,749861,4,1,Low Engagement Customer,25,478
C0078,31,2019-01-31,2024-06-22,42565724.6,65.63,3.0,304.0,1969,5.39,5.75,Moderate Frequency Customer,Long Purchase Gap,Repeat Customer,1373087.89,Dealer,Rental,South,166204,71681,1,1,Low Engagement Customer,25,479
C0079,31,2019-01-25,2024-11-28,47175266.2,71.13,1.0,249.0,2134,5.84,5.31,Moderate Frequency Customer,Long Purchase Gap,Repeat Customer,1521782.78,Retail,Rental,North,28890,10702,5,1,Low Engagement Customer,25,480
C0444,30,2019-02-25,2024-01-08,50928809.0,61.31,1.0,324.0,1778,4.87,6.16,Moderate Frequency Customer,Long Purchase Gap,Repeat Customer,1697626.97,Dealer,Manufacturing,South,403967,96858,1,1,Low Engagement Customer,25,481
C0430,27,2019-03-08,2024-10-11,44879330.8,78.62,2.0,232.0,2044,5.6,4.82,Moderate Frequency Customer,Long Purchase Gap,Repeat Customer,1662197.44,Retail,Manufacturing,West,10552,5942,5,1,Low Engagement Customer,25,482
C0431,28,2019-06-09,2024-07-05,45787279.2,68.63,8.0,220.0,1853,5.07,5.52,Moderate Frequency Customer,Long Purchase Gap,Repeat Customer,1635259.97,Government,Logistics,West,1284393,789154,5,1,Low Engagement Customer,25,483
C0437,30,2019-02-09,2024-12-21,46199550.2,73.86,1.0,249.0,2142,5.86,5.12,Moderate Frequency Customer,Long Purchase Gap,Repeat Customer,1539985.01,Dealer,Mining,West,235226,34472,3,1,Low Engagement Customer,25,484
C0061,29,2019-01-29,2024-09-08,33890240.0,73.18,1.0,276.0,2049,5.61,5.17,Moderate Frequency Customer,Long Purchase Gap,Repeat Customer,1168628.97,Dealer,Construction,West,362037,167542,4,1,Low Engagement Customer,25,485
C0053,27,2019-05-16,2024-09-18,45016037.4,75.08,2.0,395.0,1952,5.34,5.05,Moderate Frequency Customer,Long Purchase Gap,Repeat Customer,1667260.64,Fleet Owner,Construction,North,406292,44107,5,1,Low Engagement Customer,25,486
C0445,28,2019-04-04,2024-12-28,57177744.4,77.59,5.0,298.0,2095,5.74,4.88,Moderate Frequency Customer,Long Purchase Gap,Repeat Customer,2042062.3,Government,Mining,East,1283660,253336,2,1,Low Engagement Customer,25,487
C0050,27,2019-01-11,2024-12-14,56151044.8,83.23,3.0,335.0,2164,5.92,4.56,Moderate Frequency Customer,Long Purchase Gap,Repeat Customer,2079668.33,Dealer,Mining,East,442160,257973,3,1,Low Engagement Customer,25,488
C0048,31,2019-04-05,2024-09-12,49413459.2,66.23,1.0,233.0,1987,5.44,5.7,Moderate Frequency Customer,Long Purchase Gap,Repeat Customer,1593982.55,Dealer,Mining,South,424609,267683,3,1,Low Engagement Customer,25,489
C0047,30,2019-04-06,2024-08-25,57880918.0,67.86,1.0,159.0,1968,5.39,5.57,Moderate Frequency Customer,Long Purchase Gap,Repeat Customer,1929363.93,Corporate,Rental,West,425838,329681,5,1,Low Engagement Customer,25,490
C0036,31,2019-06-26,2024-12-18,48929201.8,66.73,4.0,252.0,2002,5.48,5.66,Moderate Frequency Customer,Long Purchase Gap,Repeat Customer,1578361.35,Fleet Owner,Construction,East,630421,352613,2,1,Low Engagement Customer,25,491
C0456,27,2019-02-23,2024-10-16,31514609.0,79.31,1.0,310.0,2062,5.65,4.78,Moderate Frequency Customer,Long Purchase Gap,Repeat Customer,1167207.74,Corporate,Mining,North,265102,71426,4,1,Low Engagement Customer,25,492
C0033,30,2019-03-05,2024-12-12,49354094.2,72.72,8.0,183.0,2109,5.77,5.2,Moderate Frequency Customer,Long Purchase Gap,Repeat Customer,1645136.47,Government,Mining,South,655166,632856,5,1,Low Engagement Customer,25,493
C0028,29,2019-01-22,2024-11-13,38208624.0,75.79,1.0,199.0,2122,5.81,4.99,Moderate Frequency Customer,Long Purchase Gap,Repeat Customer,1317538.76,Retail,Infrastructure,South,45173,40670,3,1,Low Engagement Customer,25,494
C0018,31,2019-06-10,2024-11-14,49286607.8,66.13,1.0,194.0,1984,5.43,5.71,Moderate Frequency Customer,Long Purchase Gap,Repeat Customer,1589890.57,Retail,Construction,West,49835,49052,2,1,Low Engagement Customer,25,495
C0473,26,2019-03-04,2024-11-15,42018356.8,83.32,0.0,506.0,2083,5.7,4.56,Moderate Frequency Customer,Long Purchase Gap,Repeat Customer,1616090.65,Government,Rental,South,1339337,1213028,3,1,Low Engagement Customer,25,496
C0479,26,2019-02-22,2024-10-08,37716131.0,82.2,0.0,280.0,2055,5.63,4.62,Moderate Frequency Customer,Long Purchase Gap,Repeat Customer,1450620.42,Retail,Construction,West,41285,5051,1,1,Low Engagement Customer,25,497
C0474,30,2019-01-11,2024-11-07,48230361.0,73.34,3.0,341.0,2127,5.82,5.15,Moderate Frequency Customer,Long Purchase Gap,Repeat Customer,1607678.7,Government,Logistics,West,697497,64747,3,1,Low Engagement Customer,25,498
C0498,28,2019-03-01,2024-08-19,64864362.8,74.0,0.0,187.0,1998,5.47,5.12,Moderate Frequency Customer,Long Purchase Gap,Repeat Customer,2316584.39,Fleet Owner,Construction,East,502514,14738,3,1,Low Engagement Customer,25,499
C0500,27,2019-01-06,2024-12-07,44474866.6,83.15,11.0,310.0,2162,5.92,4.56,Moderate Frequency Customer,Long Purchase Gap,Repeat Customer,1647217.28,Corporate,Infrastructure,East,483892,363569,3,1,Low Engagement Customer,25,500
