customer_id,customer_type,industry_segment,region,payment_terms,customer_rating,credit_limit,current_balance,credit_utilisation_pct,credit_utilisation_class,payment_count,total_payment_amount,average_payment_amount,payment_methods_used,first_payment_date,last_payment_date,balance_to_payment_ratio,payment_activity_class,payment_behaviour_class,credit_risk_score,credit_risk_class,credit_risk_priority_score,credit_risk_rank,credit_action_focus
C0343,Corporate,Construction,West,Advance,1,994769,993939,99.92,Very High Credit Utilisation,42,52681885.07,1254330.6,5,2019-04-09,2025-01-01,0.02,Very High Payment Activity,Weak Payment Behaviour,90,High Credit Risk,109.98,1,Credit review and payment recovery
C0008,Corporate,Logistics,West,Net 60,1,941092,934117,99.26,Very High Credit Utilisation,39,39034847.07,1000893.51,5,2019-06-05,2024-10-02,0.02,High Payment Activity,Weak Payment Behaviour,90,High Credit Risk,109.85,2,Credit review and payment recovery
C0018,Retail,Construction,West,Advance,2,49835,49052,98.43,Very High Credit Utilisation,30,42221512.96,1407383.77,5,2019-07-13,2024-12-30,0.0,High Payment Activity,Weak Payment Behaviour,90,High Credit Risk,109.69,3,Credit review and payment recovery
C0259,Fleet Owner,Logistics,South,Net 15,1,326836,313932,96.05,Very High Credit Utilisation,34,47803548.02,1405986.71,5,2019-03-20,2025-03-04,0.01,High Payment Activity,Weak Payment Behaviour,90,High Credit Risk,109.21,4,Credit review and payment recovery
C0112,Fleet Owner,Mining,South,Net 45,2,389833,373500,95.81,Very High Credit Utilisation,33,40501188.81,1227308.75,5,2019-04-25,2025-01-24,0.01,High Payment Activity,Weak Payment Behaviour,90,High Credit Risk,109.16,5,Credit review and payment recovery
C0040,Government,Logistics,North,Net 15,2,842290,805196,95.6,Very High Credit Utilisation,49,46475030.28,948470.01,5,2019-03-31,2024-12-30,0.02,Very High Payment Activity,Weak Payment Behaviour,90,High Credit Risk,109.12,6,Credit review and payment recovery
C0187,Retail,Rental,North,Net 60,1,42105,40074,95.18,Very High Credit Utilisation,36,39550586.02,1098627.39,5,2019-06-21,2024-12-30,0.0,High Payment Activity,Weak Payment Behaviour,90,High Credit Risk,109.04,7,Credit review and payment recovery
C0106,Dealer,Infrastructure,Central,Advance,2,223855,212350,94.86,Very High Credit Utilisation,41,53156043.23,1296488.86,5,2019-04-20,2024-12-06,0.0,Very High Payment Activity,Weak Payment Behaviour,90,High Credit Risk,108.97,8,Credit review and payment recovery
C0286,Dealer,Construction,South,Net 30,2,168144,158029,93.98,Very High Credit Utilisation,37,45082886.91,1218456.4,5,2019-01-18,2024-08-03,0.0,High Payment Activity,Weak Payment Behaviour,90,High Credit Risk,108.8,9,Credit review and payment recovery
C0139,Government,Mining,West,Net 15,2,825908,770729,93.32,Very High Credit Utilisation,33,33323955.58,1009816.84,5,2019-03-28,2025-01-25,0.02,High Payment Activity,Weak Payment Behaviour,90,High Credit Risk,108.66,10,Credit review and payment recovery
C0482,Fleet Owner,Logistics,East,Net 60,1,285819,265924,93.04,Very High Credit Utilisation,33,55970796.75,1696084.75,5,2020-01-07,2025-01-14,0.0,High Payment Activity,Weak Payment Behaviour,90,High Credit Risk,108.61,11,Credit review and payment recovery
C0306,Fleet Owner,Manufacturing,East,Net 30,1,126541,117140,92.57,Very High Credit Utilisation,43,55633138.43,1293793.92,5,2019-04-11,2025-02-10,0.0,Very High Payment Activity,Weak Payment Behaviour,90,High Credit Risk,108.51,12,Credit review and payment recovery
C0452,Fleet Owner,Mining,South,Advance,1,362507,335242,92.48,Very High Credit Utilisation,42,39873877.07,949378.03,5,2019-03-29,2025-03-07,0.01,Very High Payment Activity,Weak Payment Behaviour,90,High Credit Risk,108.5,13,Credit review and payment recovery
C0191,Corporate,Manufacturing,South,Net 30,2,615994,569076,92.38,Very High Credit Utilisation,31,54497957.87,1757998.64,5,2019-02-18,2025-02-09,0.01,High Payment Activity,Weak Payment Behaviour,90,High Credit Risk,108.48,14,Credit review and payment recovery
C0273,Dealer,Manufacturing,East,Advance,1,181148,167313,92.36,Very High Credit Utilisation,39,45824131.44,1174977.73,5,2019-06-25,2025-02-09,0.0,High Payment Activity,Weak Payment Behaviour,90,High Credit Risk,108.47,15,Credit review and payment recovery
C0292,Corporate,Rental,Central,Net 15,2,627266,572987,91.35,Very High Credit Utilisation,34,24826484.4,730190.72,5,2019-02-12,2024-05-29,0.02,High Payment Activity,Weak Payment Behaviour,90,High Credit Risk,108.27,16,Credit review and payment recovery
C0023,Corporate,Mining,South,Net 15,2,274997,248491,90.36,Very High Credit Utilisation,36,52705576.54,1464043.79,5,2019-02-20,2025-01-20,0.0,High Payment Activity,Weak Payment Behaviour,90,High Credit Risk,108.07,17,Credit review and payment recovery
C0200,Retail,Logistics,East,Net 45,2,12816,11546,90.09,Very High Credit Utilisation,59,75393773.47,1277860.57,5,2019-03-17,2025-01-05,0.0,Very High Payment Activity,Weak Payment Behaviour,90,High Credit Risk,108.02,18,Credit review and payment recovery
C0283,Retail,Logistics,North,Net 30,1,11744,10481,89.25,Very High Credit Utilisation,30,28792308.51,959743.62,5,2019-05-17,2024-10-18,0.0,High Payment Activity,Weak Payment Behaviour,90,High Credit Risk,107.85,19,Credit review and payment recovery
C0272,Government,Construction,North,Net 45,1,963398,856171,88.87,Very High Credit Utilisation,37,55667096.19,1504516.11,5,2019-10-10,2025-02-07,0.02,High Payment Activity,Weak Payment Behaviour,90,High Credit Risk,107.77,20,Credit review and payment recovery
C0127,Government,Construction,East,Net 45,1,1030275,912169,88.54,Very High Credit Utilisation,28,35403122.17,1264397.22,5,2019-04-01,2024-08-15,0.03,High Payment Activity,Weak Payment Behaviour,90,High Credit Risk,107.71,21,Credit review and payment recovery
C0478,Retail,Rental,North,Net 30,1,15416,13473,87.4,Very High Credit Utilisation,43,60480551.02,1406524.44,5,2019-04-15,2025-01-23,0.0,Very High Payment Activity,Weak Payment Behaviour,90,High Credit Risk,107.48,22,Credit review and payment recovery
C0098,Corporate,Mining,East,Net 30,1,270655,236169,87.26,Very High Credit Utilisation,39,44100313.68,1130777.27,5,2019-05-10,2025-02-06,0.01,High Payment Activity,Weak Payment Behaviour,90,High Credit Risk,107.45,23,Credit review and payment recovery
C0409,Government,Logistics,West,Net 45,1,990136,859423,86.8,Very High Credit Utilisation,49,47639090.11,972226.33,5,2019-02-20,2024-12-08,0.02,Very High Payment Activity,Weak Payment Behaviour,90,High Credit Risk,107.36,24,Credit review and payment recovery
C0077,Corporate,Mining,North,Net 60,1,715444,620984,86.8,Very High Credit Utilisation,30,45416507.56,1513883.59,5,2019-03-28,2024-12-05,0.01,High Payment Activity,Weak Payment Behaviour,90,High Credit Risk,107.36,25,Credit review and payment recovery
C0344,Fleet Owner,Mining,West,Net 30,2,508890,439948,86.45,Very High Credit Utilisation,30,40814412.28,1360480.41,5,2019-02-01,2024-07-14,0.01,High Payment Activity,Weak Payment Behaviour,90,High Credit Risk,107.29,26,Credit review and payment recovery
C0223,Corporate,Logistics,West,Advance,1,681810,584759,85.77,Very High Credit Utilisation,32,42909153.01,1340911.03,5,2019-01-11,2024-11-24,0.01,High Payment Activity,Weak Payment Behaviour,90,High Credit Risk,107.15,27,Credit review and payment recovery
C0014,Fleet Owner,Construction,East,Advance,2,611397,522294,85.43,Very High Credit Utilisation,30,30069315.78,1002310.53,5,2019-05-16,2025-02-10,0.02,High Payment Activity,Weak Payment Behaviour,90,High Credit Risk,107.09,28,Credit review and payment recovery
C0017,Government,Infrastructure,South,Net 15,1,1155360,986611,85.39,Very High Credit Utilisation,40,53913981.07,1347849.53,5,2019-02-17,2025-02-20,0.02,Very High Payment Activity,Weak Payment Behaviour,90,High Credit Risk,107.08,29,Credit review and payment recovery
C0029,Dealer,Construction,South,Net 45,1,403949,343364,85.0,Very High Credit Utilisation,39,42769874.8,1096663.46,5,2019-03-19,2024-06-16,0.01,High Payment Activity,Weak Payment Behaviour,90,High Credit Risk,107.0,30,Credit review and payment recovery
C0345,Retail,Infrastructure,West,Net 30,2,31532,26687,84.63,Very High Credit Utilisation,47,52218020.98,1111021.72,5,2019-03-25,2025-01-01,0.0,Very High Payment Activity,Weak Payment Behaviour,90,High Credit Risk,106.93,31,Credit review and payment recovery
C0356,Dealer,Mining,East,Net 45,2,277333,232370,83.79,Very High Credit Utilisation,45,55511329.54,1233585.1,5,2019-03-31,2025-03-02,0.0,Very High Payment Activity,Weak Payment Behaviour,90,High Credit Risk,106.76,32,Credit review and payment recovery
C0176,Dealer,Logistics,South,Net 15,2,397313,332315,83.64,Very High Credit Utilisation,43,53293097.27,1239374.36,5,2019-01-27,2024-10-09,0.01,Very High Payment Activity,Weak Payment Behaviour,90,High Credit Risk,106.73,33,Credit review and payment recovery
C0485,Fleet Owner,Rental,West,Net 60,1,581553,485739,83.52,Very High Credit Utilisation,28,47672753.91,1702598.35,5,2019-02-06,2024-12-03,0.01,High Payment Activity,Weak Payment Behaviour,90,High Credit Risk,106.7,34,Credit review and payment recovery
C0132,Corporate,Construction,Central,Net 30,2,604969,495963,81.98,Very High Credit Utilisation,38,36512947.63,960867.04,5,2019-03-30,2024-11-26,0.01,High Payment Activity,Weak Payment Behaviour,90,High Credit Risk,106.4,35,Credit review and payment recovery
C0488,Government,Construction,South,Advance,1,1281429,1043182,81.41,Very High Credit Utilisation,39,52086586.05,1335553.49,5,2019-05-02,2025-01-17,0.02,High Payment Activity,Weak Payment Behaviour,90,High Credit Risk,106.28,36,Credit review and payment recovery
C0332,Corporate,Mining,South,Net 45,1,545215,438695,80.46,Very High Credit Utilisation,39,41094493.71,1053704.97,5,2019-04-05,2025-01-06,0.01,High Payment Activity,Weak Payment Behaviour,90,High Credit Risk,106.09,37,Credit review and payment recovery
C0002,Fleet Owner,Manufacturing,South,Advance,2,531506,426735,80.29,Very High Credit Utilisation,58,54699150.67,943088.8,5,2019-03-02,2024-11-18,0.01,Very High Payment Activity,Weak Payment Behaviour,90,High Credit Risk,106.06,38,Credit review and payment recovery
C0313,Corporate,Mining,West,Net 60,1,821603,658403,80.14,Very High Credit Utilisation,31,36092179.2,1164263.85,5,2019-07-26,2024-10-14,0.02,High Payment Activity,Weak Payment Behaviour,90,High Credit Risk,106.03,39,Credit review and payment recovery
C0314,Retail,Logistics,East,Net 15,1,10952,8769,80.07,Very High Credit Utilisation,38,41244658.79,1085385.76,5,2019-02-05,2024-12-04,0.0,High Payment Activity,Weak Payment Behaviour,90,High Credit Risk,106.01,40,Credit review and payment recovery
C0228,Government,Construction,South,Net 30,3,1026411,1025544,99.92,Very High Credit Utilisation,40,51275128.91,1281878.22,5,2019-04-11,2024-10-26,0.02,Very High Payment Activity,Weak Payment Behaviour,75,High Credit Risk,94.98,41,Credit review and payment recovery
C0072,Government,Logistics,West,Net 15,3,1196826,1192089,99.6,Very High Credit Utilisation,32,46166557.84,1442704.93,5,2019-07-22,2025-01-29,0.03,High Payment Activity,Weak Payment Behaviour,75,High Credit Risk,94.92,42,Credit review and payment recovery
C0405,Corporate,Infrastructure,West,Net 30,3,216557,212474,98.11,Very High Credit Utilisation,33,40290783.45,1220932.83,5,2019-02-20,2024-10-22,0.01,High Payment Activity,Weak Payment Behaviour,75,High Credit Risk,94.62,43,Credit review and payment recovery
C0149,Government,Manufacturing,West,Advance,3,1227707,1171024,95.38,Very High Credit Utilisation,46,54002256.57,1173962.1,5,2019-03-30,2025-02-11,0.02,Very High Payment Activity,Weak Payment Behaviour,75,High Credit Risk,94.08,44,Credit review and payment recovery
C0493,Retail,Construction,South,Advance,3,18646,17697,94.91,Very High Credit Utilisation,38,47282385.66,1244273.31,5,2019-03-02,2025-01-20,0.0,High Payment Activity,Weak Payment Behaviour,75,High Credit Risk,93.98,45,Credit review and payment recovery
C0397,Fleet Owner,Mining,West,Net 30,3,685521,640617,93.45,Very High Credit Utilisation,37,43215136.98,1167976.68,5,2019-05-17,2025-01-03,0.01,High Payment Activity,Weak Payment Behaviour,75,High Credit Risk,93.69,46,Credit review and payment recovery
C0243,Government,Construction,North,Net 60,3,1271592,1157997,91.07,Very High Credit Utilisation,32,32256643.9,1008020.12,5,2019-12-27,2024-12-20,0.04,High Payment Activity,Weak Payment Behaviour,75,High Credit Risk,93.21,47,Credit review and payment recovery
C0436,Fleet Owner,Logistics,East,Net 30,3,550408,500938,91.01,Very High Credit Utilisation,37,51104662.75,1381207.1,5,2019-03-04,2025-01-18,0.01,High Payment Activity,Weak Payment Behaviour,75,High Credit Risk,93.2,48,Credit review and payment recovery
C0473,Government,Rental,South,Net 45,3,1339337,1213028,90.57,Very High Credit Utilisation,29,28394693.29,979127.35,5,2019-04-26,2025-01-05,0.04,High Payment Activity,Weak Payment Behaviour,75,High Credit Risk,93.11,49,Credit review and payment recovery
C0087,Government,Logistics,South,Net 60,3,831098,749605,90.19,Very High Credit Utilisation,39,38803333.91,994957.28,5,2019-03-23,2024-12-17,0.02,High Payment Activity,Weak Payment Behaviour,75,High Credit Risk,93.04,50,Credit review and payment recovery
C0028,Retail,Infrastructure,South,Net 45,3,45173,40670,90.03,Very High Credit Utilisation,29,32020369.39,1104150.67,5,2019-03-29,2025-01-20,0.0,High Payment Activity,Weak Payment Behaviour,75,High Credit Risk,93.01,51,Credit review and payment recovery
C0432,Fleet Owner,Mining,South,Net 30,3,378549,339143,89.59,Very High Credit Utilisation,42,41634762.35,991303.87,5,2019-02-13,2024-11-19,0.01,Very High Payment Activity,Weak Payment Behaviour,75,High Credit Risk,92.92,52,Credit review and payment recovery
C0475,Fleet Owner,Construction,East,Net 45,3,306605,272802,88.98,Very High Credit Utilisation,62,70325108.98,1116271.57,5,2019-02-08,2025-01-30,0.0,Very High Payment Activity,Weak Payment Behaviour,75,High Credit Risk,92.8,53,Credit review and payment recovery
C0297,Fleet Owner,Rental,South,Net 15,3,333899,295884,88.61,Very High Credit Utilisation,33,48650835.89,1474267.75,5,2019-04-17,2024-09-20,0.01,High Payment Activity,Weak Payment Behaviour,75,High Credit Risk,92.72,54,Credit review and payment recovery
C0084,Corporate,Logistics,West,Net 60,3,522422,458160,87.7,Very High Credit Utilisation,43,53991519.09,1255616.72,5,2019-05-05,2024-11-19,0.01,Very High Payment Activity,Weak Payment Behaviour,75,High Credit Risk,92.54,55,Credit review and payment recovery
C0451,Government,Manufacturing,East,Advance,3,1083798,936832,86.44,Very High Credit Utilisation,38,41291058.5,1086606.8,5,2019-01-20,2024-09-05,0.02,High Payment Activity,Weak Payment Behaviour,75,High Credit Risk,92.29,56,Credit review and payment recovery
C0466,Retail,Manufacturing,South,Advance,3,17753,15154,85.36,Very High Credit Utilisation,56,77298567.66,1380331.57,5,2019-04-13,2025-02-17,0.0,Very High Payment Activity,Weak Payment Behaviour,75,High Credit Risk,92.07,57,Credit review and payment recovery
C0333,Corporate,Mining,South,Net 15,3,523789,445736,85.1,Very High Credit Utilisation,39,51570807.37,1322328.39,5,2019-05-26,2024-12-23,0.01,High Payment Activity,Weak Payment Behaviour,75,High Credit Risk,92.02,58,Credit review and payment recovery
C0346,Retail,Construction,East,Advance,3,30962,26154,84.47,Very High Credit Utilisation,46,44046863.89,957540.52,5,2019-02-20,2024-12-16,0.0,Very High Payment Activity,Weak Payment Behaviour,75,High Credit Risk,91.89,59,Credit review and payment recovery
C0206,Retail,Construction,West,Advance,3,29675,24913,83.95,Very High Credit Utilisation,54,73820601.79,1367048.18,5,2019-01-26,2025-01-21,0.0,Very High Payment Activity,Weak Payment Behaviour,75,High Credit Risk,91.79,61,Credit review and payment recovery
C0276,Dealer,Manufacturing,Central,Net 45,3,337657,283507,83.96,Very High Credit Utilisation,45,53356614.92,1185702.55,5,2019-03-05,2025-02-28,0.01,Very High Payment Activity,Weak Payment Behaviour,75,High Credit Risk,91.79,60,Credit review and payment recovery
C0059,Retail,Manufacturing,South,Net 30,3,37344,31278,83.76,Very High Credit Utilisation,37,51246283.64,1385034.69,5,2019-02-17,2024-09-29,0.0,High Payment Activity,Weak Payment Behaviour,75,High Credit Risk,91.75,62,Credit review and payment recovery
C0382,Retail,Manufacturing,South,Advance,3,41306,34329,83.11,Very High Credit Utilisation,33,30615516.56,927742.93,5,2019-05-11,2025-01-15,0.0,High Payment Activity,Weak Payment Behaviour,75,High Credit Risk,91.62,63,Credit review and payment recovery
C0449,Fleet Owner,Logistics,West,Net 45,3,359802,296904,82.52,Very High Credit Utilisation,39,50545754.49,1296044.99,5,2019-08-11,2025-02-09,0.01,High Payment Activity,Weak Payment Behaviour,75,High Credit Risk,91.5,64,Credit review and payment recovery
C0412,Corporate,Infrastructure,East,Net 45,3,699539,571001,81.63,Very High Credit Utilisation,42,39532170.72,941242.16,5,2019-05-14,2024-07-18,0.01,Very High Payment Activity,Weak Payment Behaviour,75,High Credit Risk,91.33,65,Credit review and payment recovery
C0429,Fleet Owner,Logistics,West,Net 45,3,375146,303392,80.87,Very High Credit Utilisation,47,59284641.53,1261375.35,5,2019-03-13,2024-12-09,0.01,Very High Payment Activity,Weak Payment Behaviour,75,High Credit Risk,91.17,66,Credit review and payment recovery
C0201,Dealer,Infrastructure,South,Net 15,4,468119,467851,99.94,Very High Credit Utilisation,48,60965282.31,1270110.05,5,2019-02-27,2025-01-22,0.01,Very High Payment Activity,Moderate Payment Behaviour,60,Medium Credit Risk,79.99,67,Monitor balance and payment behaviour
C0370,Corporate,Infrastructure,East,Net 30,4,375748,373898,99.51,Very High Credit Utilisation,32,42809073.74,1337783.55,5,2019-03-29,2025-02-05,0.01,High Payment Activity,Moderate Payment Behaviour,60,Medium Credit Risk,79.9,68,Monitor balance and payment behaviour
C0264,Retail,Infrastructure,West,Net 60,4,35955,35640,99.12,Very High Credit Utilisation,40,48760751.81,1219018.8,5,2019-01-19,2024-11-08,0.0,Very High Payment Activity,Moderate Payment Behaviour,60,Medium Credit Risk,79.82,69,Monitor balance and payment behaviour
C0424,Retail,Construction,West,Net 45,4,28345,28072,99.04,Very High Credit Utilisation,40,52963446.28,1324086.16,5,2019-04-18,2024-11-20,0.0,Very High Payment Activity,Moderate Payment Behaviour,60,Medium Credit Risk,79.81,70,Monitor balance and payment behaviour
C0164,Government,Construction,North,Net 45,4,1454565,1435105,98.66,Very High Credit Utilisation,40,34116259.92,852906.5,5,2019-03-26,2024-12-05,0.04,Very High Payment Activity,Moderate Payment Behaviour,60,Medium Credit Risk,79.73,71,Monitor balance and payment behaviour
C0489,Fleet Owner,Rental,South,Net 30,5,594359,581546,97.84,Very High Credit Utilisation,53,60622847.42,1143827.31,5,2019-05-26,2024-10-04,0.01,Very High Payment Activity,Moderate Payment Behaviour,60,Medium Credit Risk,79.57,72,Monitor balance and payment behaviour
C0138,Corporate,Mining,South,Advance,5,251506,244794,97.33,Very High Credit Utilisation,35,51782681.57,1479505.19,5,2019-02-05,2025-01-10,0.0,High Payment Activity,Moderate Payment Behaviour,60,Medium Credit Risk,79.47,73,Monitor balance and payment behaviour
C0163,Dealer,Logistics,West,Net 45,5,492794,476585,96.71,Very High Credit Utilisation,47,42009636.02,893822.04,5,2019-07-19,2024-09-30,0.01,Very High Payment Activity,Moderate Payment Behaviour,60,Medium Credit Risk,79.34,74,Monitor balance and payment behaviour
C0033,Government,Mining,South,Net 60,5,655166,632856,96.59,Very High Credit Utilisation,28,38831085.82,1386824.49,5,2019-03-31,2024-10-30,0.02,High Payment Activity,Moderate Payment Behaviour,60,Medium Credit Risk,79.32,75,Monitor balance and payment behaviour
C0279,Dealer,Rental,West,Advance,4,105022,100986,96.16,Very High Credit Utilisation,26,25788257.43,991856.06,4,2019-07-08,2025-01-02,0.0,High Payment Activity,Moderate Payment Behaviour,60,Medium Credit Risk,79.23,76,Monitor balance and payment behaviour
C0212,Retail,Infrastructure,North East,Net 15,4,24433,23440,95.94,Very High Credit Utilisation,31,39553727.28,1275926.69,5,2019-02-08,2024-10-29,0.0,High Payment Activity,Moderate Payment Behaviour,60,Medium Credit Risk,79.19,77,Monitor balance and payment behaviour
C0063,Retail,Rental,North,Advance,5,26508,25298,95.44,Very High Credit Utilisation,40,60040956.83,1501023.92,5,2019-06-06,2025-02-14,0.0,Very High Payment Activity,Moderate Payment Behaviour,60,Medium Credit Risk,79.09,78,Monitor balance and payment behaviour
C0254,Dealer,Mining,West,Advance,5,194781,184262,94.6,Very High Credit Utilisation,54,77968812.86,1443866.9,5,2019-08-04,2024-11-05,0.0,Very High Payment Activity,Moderate Payment Behaviour,60,Medium Credit Risk,78.92,79,Monitor balance and payment behaviour
C0457,Retail,Manufacturing,East,Net 15,4,16374,15438,94.28,Very High Credit Utilisation,37,45843272.95,1239007.38,5,2019-02-22,2024-12-13,0.0,High Payment Activity,Moderate Payment Behaviour,60,Medium Credit Risk,78.86,81,Monitor balance and payment behaviour
C0001,Retail,Construction,East,Advance,4,45896,43284,94.31,Very High Credit Utilisation,36,48289197.49,1341366.6,5,2019-04-07,2025-01-22,0.0,High Payment Activity,Moderate Payment Behaviour,60,Medium Credit Risk,78.86,80,Monitor balance and payment behaviour
C0115,Fleet Owner,Mining,South,Net 30,5,666395,628219,94.27,Very High Credit Utilisation,33,43639784.77,1322417.72,5,2019-06-07,2025-01-30,0.01,High Payment Activity,Moderate Payment Behaviour,60,Medium Credit Risk,78.85,82,Monitor balance and payment behaviour
C0287,Dealer,Manufacturing,South,Net 60,4,208477,196469,94.24,Very High Credit Utilisation,34,39600440.09,1164718.83,5,2019-05-22,2025-01-19,0.0,High Payment Activity,Moderate Payment Behaviour,60,Medium Credit Risk,78.85,83,Monitor balance and payment behaviour
C0188,Corporate,Logistics,West,Net 30,4,261082,245715,94.11,Very High Credit Utilisation,36,45291932.19,1258109.23,5,2019-04-22,2025-02-06,0.01,High Payment Activity,Moderate Payment Behaviour,60,Medium Credit Risk,78.82,84,Monitor balance and payment behaviour
C0167,Retail,Mining,West,Net 30,4,34602,32450,93.78,Very High Credit Utilisation,37,46206840.94,1248833.54,5,2019-02-11,2025-03-10,0.0,High Payment Activity,Moderate Payment Behaviour,60,Medium Credit Risk,78.76,85,Monitor balance and payment behaviour
C0175,Fleet Owner,Rental,East,Advance,5,222980,209069,93.76,Very High Credit Utilisation,43,57743311.72,1342867.71,5,2019-02-24,2025-01-24,0.0,Very High Payment Activity,Moderate Payment Behaviour,60,Medium Credit Risk,78.75,86,Monitor balance and payment behaviour
C0235,Fleet Owner,Mining,East,Net 30,5,417861,387266,92.68,Very High Credit Utilisation,38,44369835.23,1167627.24,5,2019-05-31,2024-10-19,0.01,High Payment Activity,Moderate Payment Behaviour,60,Medium Credit Risk,78.54,87,Monitor balance and payment behaviour
C0459,Retail,Logistics,East,Net 45,5,16763,15429,92.04,Very High Credit Utilisation,53,61132771.42,1153448.52,5,2019-05-08,2025-02-24,0.0,Very High Payment Activity,Moderate Payment Behaviour,60,Medium Credit Risk,78.41,88,Monitor balance and payment behaviour
C0360,Dealer,Construction,West,Net 45,5,433677,398778,91.95,Very High Credit Utilisation,29,36091823.49,1244545.64,5,2019-07-18,2024-12-09,0.01,High Payment Activity,Moderate Payment Behaviour,60,Medium Credit Risk,78.39,89,Monitor balance and payment behaviour
C0312,Government,Construction,West,Net 45,4,673691,616166,91.46,Very High Credit Utilisation,38,61406849.04,1615969.71,5,2019-06-14,2025-02-03,0.01,High Payment Activity,Moderate Payment Behaviour,60,Medium Credit Risk,78.29,90,Monitor balance and payment behaviour
C0154,Fleet Owner,Logistics,North,Net 15,5,305293,279000,91.39,Very High Credit Utilisation,48,65512728.74,1364848.52,5,2019-07-09,2024-09-18,0.0,Very High Payment Activity,Moderate Payment Behaviour,60,Medium Credit Risk,78.28,91,Monitor balance and payment behaviour
C0056,Dealer,Mining,North,Advance,4,209877,191295,91.15,Very High Credit Utilisation,42,53567745.58,1275422.51,5,2019-03-06,2024-12-18,0.0,Very High Payment Activity,Moderate Payment Behaviour,60,Medium Credit Risk,78.23,92,Monitor balance and payment behaviour
C0338,Corporate,Rental,West,Net 60,4,849500,770295,90.68,Very High Credit Utilisation,29,37608895.18,1296858.45,5,2019-03-31,2025-01-13,0.02,High Payment Activity,Moderate Payment Behaviour,60,Medium Credit Risk,78.14,93,Monitor balance and payment behaviour
C0410,Corporate,Mining,South,Net 30,4,320500,286790,89.48,Very High Credit Utilisation,40,48664148.84,1216603.72,5,2019-03-22,2025-01-01,0.01,Very High Payment Activity,Moderate Payment Behaviour,60,Medium Credit Risk,77.9,94,Monitor balance and payment behaviour
C0262,Corporate,Logistics,North,Net 15,4,476523,424625,89.11,Very High Credit Utilisation,27,28436340.68,1053197.8,5,2019-04-04,2025-01-12,0.01,High Payment Activity,Moderate Payment Behaviour,60,Medium Credit Risk,77.82,95,Monitor balance and payment behaviour
C0030,Corporate,Construction,South,Net 60,5,501072,443634,88.54,Very High Credit Utilisation,31,49781303.49,1605848.5,5,2019-03-24,2024-10-27,0.01,High Payment Activity,Moderate Payment Behaviour,60,Medium Credit Risk,77.71,96,Monitor balance and payment behaviour
C0450,Fleet Owner,Construction,East,Advance,5,139226,122462,87.96,Very High Credit Utilisation,42,40453050.83,963167.88,5,2019-02-02,2024-10-31,0.0,Very High Payment Activity,Moderate Payment Behaviour,60,Medium Credit Risk,77.59,97,Monitor balance and payment behaviour
C0398,Government,Rental,South,Net 30,5,1207145,1061185,87.91,Very High Credit Utilisation,45,46437617.19,1031947.05,5,2019-10-02,2025-01-18,0.02,Very High Payment Activity,Moderate Payment Behaviour,60,Medium Credit Risk,77.58,98,Monitor balance and payment behaviour
C0372,Government,Logistics,South,Net 60,4,778200,681891,87.62,Very High Credit Utilisation,35,45244708.51,1292705.96,5,2019-03-23,2024-08-01,0.02,High Payment Activity,Moderate Payment Behaviour,60,Medium Credit Risk,77.52,99,Monitor balance and payment behaviour
C0304,Dealer,Construction,North,Net 60,5,177177,155235,87.62,Very High Credit Utilisation,59,73345352.94,1243141.58,5,2019-04-21,2025-02-17,0.0,Very High Payment Activity,Moderate Payment Behaviour,60,Medium Credit Risk,77.52,100,Monitor balance and payment behaviour
C0388,Fleet Owner,Infrastructure,West,Advance,5,780698,677920,86.84,Very High Credit Utilisation,29,32990888.47,1137616.84,5,2019-04-03,2024-12-17,0.02,High Payment Activity,Moderate Payment Behaviour,60,Medium Credit Risk,77.37,101,Monitor balance and payment behaviour
C0153,Retail,Rental,East,Net 30,4,32014,27630,86.31,Very High Credit Utilisation,55,86615336.73,1574824.3,5,2019-02-08,2025-01-07,0.0,Very High Payment Activity,Moderate Payment Behaviour,60,Medium Credit Risk,77.26,102,Monitor balance and payment behaviour
C0434,Corporate,Mining,Central,Net 15,4,437713,377663,86.28,Very High Credit Utilisation,36,47836315.78,1328786.55,5,2019-02-20,2025-01-06,0.01,High Payment Activity,Moderate Payment Behaviour,60,Medium Credit Risk,77.26,103,Monitor balance and payment behaviour
C0310,Government,Infrastructure,East,Net 30,4,735405,630621,85.75,Very High Credit Utilisation,43,47125561.92,1095943.3,5,2019-08-02,2025-01-05,0.01,Very High Payment Activity,Moderate Payment Behaviour,60,Medium Credit Risk,77.15,104,Monitor balance and payment behaviour
C0394,Government,Construction,South,Net 45,4,685435,586864,85.62,Very High Credit Utilisation,38,48176013.27,1267789.82,5,2019-04-05,2024-12-12,0.01,High Payment Activity,Moderate Payment Behaviour,60,Medium Credit Risk,77.12,105,Monitor balance and payment behaviour
C0009,Corporate,Rental,West,Net 60,4,273316,231149,84.57,Very High Credit Utilisation,35,60705385.28,1734439.58,5,2019-05-05,2024-11-10,0.0,High Payment Activity,Moderate Payment Behaviour,60,Medium Credit Risk,76.91,106,Monitor balance and payment behaviour
C0376,Retail,Construction,North,Net 30,5,37739,31805,84.28,Very High Credit Utilisation,29,42289731.18,1458266.59,5,2019-07-16,2025-01-03,0.0,High Payment Activity,Moderate Payment Behaviour,60,Medium Credit Risk,76.86,107,Monitor balance and payment behaviour
C0213,Fleet Owner,Rental,West,Net 15,4,192184,161419,83.99,Very High Credit Utilisation,37,53089844.47,1434860.66,5,2019-03-31,2024-11-03,0.0,High Payment Activity,Moderate Payment Behaviour,60,Medium Credit Risk,76.8,108,Monitor balance and payment behaviour
C0408,Government,Infrastructure,South,Net 60,4,1461198,1221928,83.63,Very High Credit Utilisation,38,48872375.75,1286115.15,5,2019-10-08,2024-12-05,0.03,High Payment Activity,Moderate Payment Behaviour,60,Medium Credit Risk,76.73,109,Monitor balance and payment behaviour
C0049,Dealer,Manufacturing,South,Net 15,5,116389,95867,82.37,Very High Credit Utilisation,40,64245387.13,1606134.68,5,2019-03-26,2025-02-10,0.0,Very High Payment Activity,Moderate Payment Behaviour,60,Medium Credit Risk,76.47,110,Monitor balance and payment behaviour
C0094,Corporate,Logistics,West,Advance,4,206889,166058,80.26,Very High Credit Utilisation,33,40795652.71,1236231.9,5,2019-04-27,2024-10-30,0.0,High Payment Activity,Moderate Payment Behaviour,60,Medium Credit Risk,76.05,111,Monitor balance and payment behaviour
C0147,Dealer,Rental,North,Net 45,5,363902,291538,80.11,Very High Credit Utilisation,28,34227424.2,1222408.01,5,2019-12-08,2025-01-12,0.01,High Payment Activity,Moderate Payment Behaviour,60,Medium Credit Risk,76.02,112,Monitor balance and payment behaviour
C0258,Corporate,Mining,South,Net 60,2,299133,238697,79.8,High Credit Utilisation,27,51595632.6,1910949.36,5,2019-03-17,2025-01-01,0.0,High Payment Activity,Moderate Payment Behaviour,60,Medium Credit Risk,75.96,113,Monitor balance and payment behaviour
C0168,Dealer,Infrastructure,West,Net 60,1,238781,189804,79.49,High Credit Utilisation,37,52237022.61,1411811.42,5,2019-07-19,2025-01-24,0.0,High Payment Activity,Moderate Payment Behaviour,60,Medium Credit Risk,75.9,114,Monitor balance and payment behaviour
C0289,Corporate,Logistics,South,Net 15,2,600072,472573,78.75,High Credit Utilisation,35,39339218.92,1123977.68,5,2019-04-26,2024-12-04,0.01,High Payment Activity,Moderate Payment Behaviour,60,Medium Credit Risk,75.75,115,Monitor balance and payment behaviour
C0247,Corporate,Logistics,East,Net 45,2,294502,230829,78.38,High Credit Utilisation,45,56578381.4,1257297.36,5,2019-03-15,2025-01-11,0.0,Very High Payment Activity,Moderate Payment Behaviour,60,Medium Credit Risk,75.68,116,Monitor balance and payment behaviour
C0166,Fleet Owner,Manufacturing,West,Net 60,2,735924,576566,78.35,High Credit Utilisation,36,60127229.98,1670200.83,5,2019-02-15,2025-01-23,0.01,High Payment Activity,Moderate Payment Behaviour,60,Medium Credit Risk,75.67,117,Monitor balance and payment behaviour
C0470,Government,Mining,South,Net 45,1,1219925,949663,77.85,High Credit Utilisation,37,38236813.96,1033427.4,5,2019-02-21,2024-10-26,0.02,High Payment Activity,Moderate Payment Behaviour,60,Medium Credit Risk,75.57,118,Monitor balance and payment behaviour
C0211,Fleet Owner,Manufacturing,South,Net 15,1,323531,251580,77.76,High Credit Utilisation,48,44362037.99,924209.12,5,2019-04-29,2024-12-03,0.01,Very High Payment Activity,Moderate Payment Behaviour,60,Medium Credit Risk,75.55,119,Monitor balance and payment behaviour
C0302,Fleet Owner,Mining,West,Net 15,1,698314,539240,77.22,High Credit Utilisation,43,56692231.71,1318423.99,5,2019-03-30,2025-02-21,0.01,Very High Payment Activity,Moderate Payment Behaviour,60,Medium Credit Risk,75.44,120,Monitor balance and payment behaviour
C0402,Fleet Owner,Rental,South,Net 15,1,599112,461073,76.96,High Credit Utilisation,38,30401171.8,800030.84,5,2019-03-19,2024-09-13,0.02,High Payment Activity,Moderate Payment Behaviour,60,Medium Credit Risk,75.39,121,Monitor balance and payment behaviour
C0216,Government,Mining,East,Advance,1,1360073,1039649,76.44,High Credit Utilisation,50,54522495.54,1090449.91,5,2019-03-07,2025-01-30,0.02,Very High Payment Activity,Moderate Payment Behaviour,60,Medium Credit Risk,75.29,122,Monitor balance and payment behaviour
C0252,Retail,Construction,South,Net 45,2,19663,14945,76.01,High Credit Utilisation,36,37932262.45,1053673.96,5,2019-09-23,2024-12-17,0.0,High Payment Activity,Moderate Payment Behaviour,60,Medium Credit Risk,75.2,123,Monitor balance and payment behaviour
C0178,Dealer,Logistics,East,Net 60,1,178736,135022,75.54,High Credit Utilisation,54,69429312.99,1285728.02,5,2019-03-09,2025-01-17,0.0,Very High Payment Activity,Moderate Payment Behaviour,60,Medium Credit Risk,75.11,124,Monitor balance and payment behaviour
C0205,Retail,Construction,North,Net 30,2,45755,34257,74.87,High Credit Utilisation,35,40285232.13,1151006.63,5,2019-04-30,2025-01-16,0.0,High Payment Activity,Moderate Payment Behaviour,60,Medium Credit Risk,74.97,125,Monitor balance and payment behaviour
C0227,Fleet Owner,Infrastructure,East,Advance,1,282190,210075,74.44,High Credit Utilisation,39,43335910.27,1111177.19,5,2019-03-07,2024-11-21,0.0,High Payment Activity,Moderate Payment Behaviour,60,Medium Credit Risk,74.89,126,Monitor balance and payment behaviour
C0232,Government,Mining,South,Advance,1,1074153,787541,73.32,High Credit Utilisation,38,48743669.62,1282728.15,5,2019-02-01,2025-02-21,0.02,High Payment Activity,Moderate Payment Behaviour,60,Medium Credit Risk,74.66,127,Monitor balance and payment behaviour
C0385,Corporate,Manufacturing,West,Net 45,2,406137,295086,72.66,High Credit Utilisation,39,47339910.4,1213843.86,5,2019-08-30,2024-10-26,0.01,High Payment Activity,Moderate Payment Behaviour,60,Medium Credit Risk,74.53,128,Monitor balance and payment behaviour
C0441,Dealer,Construction,North,Net 60,2,261833,189019,72.19,High Credit Utilisation,29,33094760.45,1141198.64,5,2019-02-24,2024-11-30,0.01,High Payment Activity,Moderate Payment Behaviour,60,Medium Credit Risk,74.44,129,Monitor balance and payment behaviour
C0419,Fleet Owner,Logistics,West,Net 45,1,344338,246613,71.62,High Credit Utilisation,33,52776273.21,1599281.01,5,2019-03-21,2024-11-27,0.0,High Payment Activity,Moderate Payment Behaviour,60,Medium Credit Risk,74.32,130,Monitor balance and payment behaviour
C0116,Dealer,Construction,North,Net 45,1,480944,340796,70.86,High Credit Utilisation,36,52156136.67,1448781.57,5,2019-02-01,2024-10-17,0.01,High Payment Activity,Moderate Payment Behaviour,60,Medium Credit Risk,74.17,131,Monitor balance and payment behaviour
C0025,Corporate,Infrastructure,West,Net 45,2,738335,521844,70.68,High Credit Utilisation,36,62718204.98,1742172.36,5,2019-02-19,2024-10-15,0.01,High Payment Activity,Moderate Payment Behaviour,60,Medium Credit Risk,74.14,132,Monitor balance and payment behaviour
C0277,Dealer,Logistics,West,Net 60,1,430878,302093,70.11,High Credit Utilisation,40,35755741.9,893893.55,5,2019-06-14,2024-12-03,0.01,Very High Payment Activity,Moderate Payment Behaviour,60,Medium Credit Risk,74.02,133,Monitor balance and payment behaviour
C0069,Dealer,Logistics,North,Net 15,2,413414,288815,69.86,High Credit Utilisation,50,62036364.98,1240727.3,5,2019-04-10,2025-01-04,0.0,Very High Payment Activity,Moderate Payment Behaviour,60,Medium Credit Risk,73.97,134,Monitor balance and payment behaviour
C0076,Government,Mining,South,Advance,2,1094151,760549,69.51,High Credit Utilisation,49,61441351.01,1253905.12,5,2019-01-31,2024-12-06,0.01,Very High Payment Activity,Moderate Payment Behaviour,60,Medium Credit Risk,73.9,135,Monitor balance and payment behaviour
C0357,Corporate,Mining,West,Net 15,2,573217,397222,69.3,High Credit Utilisation,28,42342699.72,1512239.28,5,2019-03-07,2024-12-26,0.01,High Payment Activity,Moderate Payment Behaviour,60,Medium Credit Risk,73.86,136,Monitor balance and payment behaviour
C0135,Retail,Rental,South,Net 60,2,21372,14639,68.5,High Credit Utilisation,30,37263038.81,1242101.29,5,2019-05-03,2024-09-17,0.0,High Payment Activity,Moderate Payment Behaviour,60,Medium Credit Risk,73.7,137,Monitor balance and payment behaviour
C0367,Fleet Owner,Logistics,South,Net 60,2,747445,501548,67.1,High Credit Utilisation,28,44040755.13,1572884.11,5,2019-04-17,2025-01-02,0.01,High Payment Activity,Moderate Payment Behaviour,60,Medium Credit Risk,73.42,138,Monitor balance and payment behaviour
C0104,Fleet Owner,Infrastructure,South,Net 60,1,318210,213321,67.04,High Credit Utilisation,37,38967913.18,1053186.84,5,2019-05-13,2025-03-09,0.01,High Payment Activity,Moderate Payment Behaviour,60,Medium Credit Risk,73.41,139,Monitor balance and payment behaviour
C0054,Fleet Owner,Manufacturing,South,Net 15,2,225508,149649,66.36,High Credit Utilisation,53,60149086.69,1134888.43,5,2019-02-15,2025-03-08,0.0,Very High Payment Activity,Moderate Payment Behaviour,60,Medium Credit Risk,73.27,140,Monitor balance and payment behaviour
C0240,Corporate,Manufacturing,South,Net 30,1,695741,453727,65.21,High Credit Utilisation,49,84170011.18,1717755.33,5,2019-03-28,2024-12-03,0.01,Very High Payment Activity,Moderate Payment Behaviour,60,Medium Credit Risk,73.04,141,Monitor balance and payment behaviour
C0133,Government,Mining,South,Net 15,1,1144779,737832,64.45,High Credit Utilisation,33,42289129.38,1281488.77,5,2019-05-20,2024-06-13,0.02,High Payment Activity,Moderate Payment Behaviour,60,Medium Credit Risk,72.89,142,Monitor balance and payment behaviour
C0093,Dealer,Manufacturing,South,Advance,2,447924,287318,64.14,High Credit Utilisation,44,52853089.99,1201206.59,5,2019-04-04,2025-01-10,0.01,Very High Payment Activity,Moderate Payment Behaviour,60,Medium Credit Risk,72.83,143,Monitor balance and payment behaviour
C0291,Retail,Construction,South,Advance,2,34183,21689,63.45,High Credit Utilisation,48,60898411.45,1268716.91,5,2019-04-23,2025-01-13,0.0,Very High Payment Activity,Moderate Payment Behaviour,60,Medium Credit Risk,72.69,144,Monitor balance and payment behaviour
C0121,Government,Construction,West,Net 30,2,690836,432165,62.56,High Credit Utilisation,36,39980410.74,1110566.97,5,2019-03-27,2025-01-27,0.01,High Payment Activity,Moderate Payment Behaviour,60,Medium Credit Risk,72.51,145,Monitor balance and payment behaviour
C0339,Fleet Owner,Logistics,South,Advance,2,121781,76116,62.5,High Credit Utilisation,23,27952624.54,1215331.5,5,2019-06-25,2024-10-25,0.0,Moderate Payment Activity,Moderate Payment Behaviour,60,Medium Credit Risk,72.5,146,Monitor balance and payment behaviour
C0190,Retail,Manufacturing,North,Net 60,1,49811,31087,62.41,High Credit Utilisation,42,45696594.62,1088014.16,5,2019-07-22,2025-02-03,0.0,Very High Payment Activity,Moderate Payment Behaviour,60,Medium Credit Risk,72.48,147,Monitor balance and payment behaviour
C0349,Corporate,Rental,West,Advance,1,505172,308946,61.16,High Credit Utilisation,30,39618527.98,1320617.6,5,2019-02-07,2025-01-21,0.01,High Payment Activity,Moderate Payment Behaviour,60,Medium Credit Risk,72.23,148,Monitor balance and payment behaviour
C0483,Corporate,Rental,North,Advance,1,511858,312732,61.1,High Credit Utilisation,54,88173960.83,1632851.13,5,2019-03-18,2025-02-17,0.0,Very High Payment Activity,Moderate Payment Behaviour,60,Medium Credit Risk,72.22,149,Monitor balance and payment behaviour
C0124,Dealer,Construction,West,Net 60,3,211359,167163,79.09,High Credit Utilisation,49,47625613.9,971951.3,5,2019-02-13,2024-12-04,0.0,Very High Payment Activity,Moderate Payment Behaviour,45,Medium Credit Risk,60.82,150,Monitor balance and payment behaviour
C0373,Corporate,Manufacturing,South,Net 15,3,502349,395823,78.79,High Credit Utilisation,42,59396081.8,1414192.42,5,2019-05-14,2024-10-02,0.01,Very High Payment Activity,Moderate Payment Behaviour,45,Medium Credit Risk,60.76,151,Monitor balance and payment behaviour
C0199,Government,Mining,West,Net 45,3,666213,506832,76.08,High Credit Utilisation,35,44551226.38,1272892.18,5,2019-02-15,2024-11-21,0.01,High Payment Activity,Moderate Payment Behaviour,45,Medium Credit Risk,60.22,152,Monitor balance and payment behaviour
C0500,Corporate,Infrastructure,East,Net 30,3,483892,363569,75.13,High Credit Utilisation,27,29886955.77,1106924.29,5,2019-02-12,2025-01-30,0.01,High Payment Activity,Moderate Payment Behaviour,45,Medium Credit Risk,60.03,153,Monitor balance and payment behaviour
C0146,Retail,Mining,West,Net 60,3,21418,15972,74.57,High Credit Utilisation,33,52967648.56,1605080.26,5,2019-02-06,2025-01-31,0.0,High Payment Activity,Moderate Payment Behaviour,45,Medium Credit Risk,59.91,154,Monitor balance and payment behaviour
C0293,Dealer,Logistics,West,Net 30,3,304956,217813,71.42,High Credit Utilisation,43,60053385.39,1396590.36,5,2019-02-08,2024-10-07,0.0,Very High Payment Activity,Moderate Payment Behaviour,45,Medium Credit Risk,59.28,155,Monitor balance and payment behaviour
C0196,Fleet Owner,Rental,North East,Net 60,3,318408,222601,69.91,High Credit Utilisation,52,58458980.85,1124211.17,5,2019-02-07,2024-12-18,0.0,Very High Payment Activity,Moderate Payment Behaviour,45,Medium Credit Risk,58.98,156,Monitor balance and payment behaviour
C0406,Dealer,Logistics,West,Advance,3,229106,158033,68.98,High Credit Utilisation,31,51551255.5,1662943.73,5,2019-04-04,2024-11-04,0.0,High Payment Activity,Moderate Payment Behaviour,45,Medium Credit Risk,58.8,157,Monitor balance and payment behaviour
C0423,Dealer,Infrastructure,South,Net 60,3,234222,160010,68.32,High Credit Utilisation,27,34525201.95,1278711.18,5,2019-03-04,2024-12-30,0.0,High Payment Activity,Moderate Payment Behaviour,45,Medium Credit Risk,58.66,158,Monitor balance and payment behaviour
C0244,Government,Logistics,North,Net 60,3,1113022,736516,66.17,High Credit Utilisation,46,69554899.8,1512063.04,5,2019-06-29,2025-02-11,0.01,Very High Payment Activity,Moderate Payment Behaviour,45,Medium Credit Risk,58.23,159,Monitor balance and payment behaviour
C0417,Fleet Owner,Mining,East,Advance,3,587793,383902,65.31,High Credit Utilisation,37,45612012.49,1232757.09,5,2020-01-12,2024-11-02,0.01,High Payment Activity,Moderate Payment Behaviour,45,Medium Credit Risk,58.06,160,Monitor balance and payment behaviour
C0048,Dealer,Mining,South,Net 45,3,424609,267683,63.04,High Credit Utilisation,30,39748567.17,1324952.24,5,2019-05-06,2024-09-30,0.01,High Payment Activity,Moderate Payment Behaviour,45,Medium Credit Risk,57.61,161,Monitor balance and payment behaviour
C0377,Dealer,Logistics,West,Net 45,3,162271,99916,61.57,High Credit Utilisation,39,51662001.4,1324666.7,5,2019-03-15,2024-11-19,0.0,High Payment Activity,Moderate Payment Behaviour,45,Medium Credit Risk,57.31,162,Monitor balance and payment behaviour
C0143,Corporate,Infrastructure,South,Net 45,3,915191,549312,60.02,High Credit Utilisation,31,33964061.58,1095614.89,5,2019-04-14,2024-10-07,0.02,High Payment Activity,Moderate Payment Behaviour,45,Medium Credit Risk,57.0,163,Monitor balance and payment behaviour
C0327,Retail,Mining,West,Net 15,1,37994,22697,59.74,Moderate Credit Utilisation,51,53011318.76,1039437.62,5,2019-04-01,2025-01-07,0.0,Very High Payment Activity,Moderate Payment Behaviour,45,Medium Credit Risk,56.95,164,Monitor balance and payment behaviour
C0152,Corporate,Manufacturing,South,Net 15,2,227415,135210,59.46,Moderate Credit Utilisation,44,48621704.02,1105038.73,5,2019-05-15,2025-01-13,0.0,Very High Payment Activity,Moderate Payment Behaviour,45,Medium Credit Risk,56.89,165,Monitor balance and payment behaviour
C0365,Government,Manufacturing,East,Net 60,1,617154,362148,58.68,Moderate Credit Utilisation,48,48067806.81,1001412.64,5,2019-02-17,2024-11-02,0.01,Very High Payment Activity,Moderate Payment Behaviour,45,Medium Credit Risk,56.74,166,Monitor balance and payment behaviour
C0250,Government,Infrastructure,East,Advance,2,886619,515833,58.18,Moderate Credit Utilisation,51,60697619.16,1190149.4,5,2019-05-14,2025-02-21,0.01,Very High Payment Activity,Moderate Payment Behaviour,45,Medium Credit Risk,56.64,167,Monitor balance and payment behaviour
C0270,Corporate,Manufacturing,North,Net 30,2,711134,413227,58.11,Moderate Credit Utilisation,42,54300549.84,1292870.23,5,2019-04-04,2025-01-10,0.01,Very High Payment Activity,Moderate Payment Behaviour,45,Medium Credit Risk,56.62,168,Monitor balance and payment behaviour
C0300,Dealer,Mining,North,Net 15,1,121112,70050,57.84,Moderate Credit Utilisation,44,54363077.19,1235524.48,5,2019-07-10,2025-01-04,0.0,Very High Payment Activity,Moderate Payment Behaviour,45,Medium Credit Risk,56.57,169,Monitor balance and payment behaviour
C0392,Fleet Owner,Logistics,East,Net 60,2,465583,265735,57.08,Moderate Credit Utilisation,35,30376377.74,867896.51,5,2019-03-13,2024-12-21,0.01,High Payment Activity,Moderate Payment Behaviour,45,Medium Credit Risk,56.42,170,Monitor balance and payment behaviour
C0455,Retail,Logistics,Central,Advance,1,12300,6971,56.67,Moderate Credit Utilisation,37,51282176.45,1386004.77,5,2019-05-12,2025-01-04,0.0,High Payment Activity,Moderate Payment Behaviour,45,Medium Credit Risk,56.33,171,Monitor balance and payment behaviour
C0321,Retail,Logistics,South,Net 60,2,33291,18767,56.37,Moderate Credit Utilisation,38,41220154.19,1084740.9,5,2019-01-12,2024-08-19,0.0,High Payment Activity,Moderate Payment Behaviour,45,Medium Credit Risk,56.27,172,Monitor balance and payment behaviour
C0003,Government,Logistics,West,Net 30,2,1306933,733495,56.12,Moderate Credit Utilisation,41,37205676.22,907455.52,5,2019-02-18,2024-12-25,0.02,Very High Payment Activity,Moderate Payment Behaviour,45,Medium Credit Risk,56.22,173,Monitor balance and payment behaviour
C0036,Fleet Owner,Construction,East,Net 60,2,630421,352613,55.93,Moderate Credit Utilisation,36,44150963.73,1226415.66,5,2019-07-21,2025-02-16,0.01,High Payment Activity,Moderate Payment Behaviour,45,Medium Credit Risk,56.19,174,Monitor balance and payment behaviour
C0052,Government,Manufacturing,North East,Net 30,2,1297924,695848,53.61,Moderate Credit Utilisation,44,36499873.93,829542.59,5,2019-03-14,2025-03-12,0.02,Very High Payment Activity,Moderate Payment Behaviour,45,Medium Credit Risk,55.72,175,Monitor balance and payment behaviour
C0062,Dealer,Construction,South,Net 60,1,231418,123783,53.49,Moderate Credit Utilisation,44,66786847.9,1517882.91,5,2019-05-18,2024-12-31,0.0,Very High Payment Activity,Moderate Payment Behaviour,45,Medium Credit Risk,55.7,176,Monitor balance and payment behaviour
C0088,Corporate,Infrastructure,West,Net 45,1,516553,272170,52.69,Moderate Credit Utilisation,43,45829001.51,1065790.73,5,2019-02-17,2024-10-01,0.01,Very High Payment Activity,Moderate Payment Behaviour,45,Medium Credit Risk,55.54,177,Monitor balance and payment behaviour
C0329,Dealer,Infrastructure,Central,Net 45,1,434298,220404,50.75,Moderate Credit Utilisation,36,42410520.76,1178070.02,5,2019-02-09,2025-03-16,0.01,High Payment Activity,Moderate Payment Behaviour,45,Medium Credit Risk,55.15,178,Monitor balance and payment behaviour
C0484,Fleet Owner,Mining,West,Net 60,1,773172,383774,49.64,Moderate Credit Utilisation,32,44191372.39,1380980.39,5,2019-03-05,2024-11-25,0.01,High Payment Activity,Moderate Payment Behaviour,45,Medium Credit Risk,54.93,179,Monitor balance and payment behaviour
C0320,Retail,Construction,North,Net 60,1,16859,8363,49.61,Moderate Credit Utilisation,36,46767861.59,1299107.27,5,2019-09-05,2025-01-15,0.0,High Payment Activity,Moderate Payment Behaviour,45,Medium Credit Risk,54.92,180,Monitor balance and payment behaviour
C0055,Dealer,Construction,North,Net 45,1,394514,195008,49.43,Moderate Credit Utilisation,39,51097586.07,1310194.51,5,2019-05-22,2025-01-22,0.0,High Payment Activity,Moderate Payment Behaviour,45,Medium Credit Risk,54.89,181,Monitor balance and payment behaviour
C0142,Retail,Manufacturing,West,Net 60,1,34620,17030,49.19,Moderate Credit Utilisation,50,70621339.67,1412426.79,5,2019-03-25,2025-03-16,0.0,Very High Payment Activity,Moderate Payment Behaviour,45,Medium Credit Risk,54.84,182,Monitor balance and payment behaviour
C0351,Corporate,Rental,East,Advance,1,483031,235148,48.68,Moderate Credit Utilisation,38,33765994.91,888578.81,5,2019-05-13,2024-10-19,0.01,High Payment Activity,Moderate Payment Behaviour,45,Medium Credit Risk,54.74,183,Monitor balance and payment behaviour
C0236,Corporate,Mining,West,Net 15,1,413027,200865,48.63,Moderate Credit Utilisation,40,34772333.15,869308.33,5,2019-04-20,2024-12-10,0.01,Very High Payment Activity,Moderate Payment Behaviour,45,Medium Credit Risk,54.73,184,Monitor balance and payment behaviour
C0192,Fleet Owner,Logistics,East,Net 45,2,476705,231421,48.55,Moderate Credit Utilisation,40,48355212.95,1208880.32,5,2019-02-24,2024-08-17,0.0,Very High Payment Activity,Moderate Payment Behaviour,45,Medium Credit Risk,54.71,185,Monitor balance and payment behaviour
C0005,Dealer,Construction,West,Net 30,2,380783,183927,48.3,Moderate Credit Utilisation,51,71964673.15,1411072.02,5,2019-03-23,2024-11-14,0.0,Very High Payment Activity,Moderate Payment Behaviour,45,Medium Credit Risk,54.66,186,Monitor balance and payment behaviour
C0331,Dealer,Logistics,North,Net 45,2,270715,127398,47.06,Moderate Credit Utilisation,45,54008811.79,1200195.82,5,2019-05-28,2025-02-22,0.0,Very High Payment Activity,Moderate Payment Behaviour,45,Medium Credit Risk,54.41,187,Monitor balance and payment behaviour
C0172,Dealer,Manufacturing,South,Advance,1,425290,197440,46.42,Moderate Credit Utilisation,47,49647561.7,1056331.1,5,2019-08-24,2025-02-22,0.0,Very High Payment Activity,Moderate Payment Behaviour,45,Medium Credit Risk,54.28,188,Monitor balance and payment behaviour
C0092,Fleet Owner,Logistics,West,Advance,2,532908,244201,45.82,Moderate Credit Utilisation,39,44501579.8,1141066.15,5,2019-02-17,2024-08-28,0.01,High Payment Activity,Moderate Payment Behaviour,45,Medium Credit Risk,54.16,189,Monitor balance and payment behaviour
C0352,Corporate,Mining,South,Net 45,1,729658,322307,44.17,Moderate Credit Utilisation,27,26094643.26,966468.27,5,2019-04-04,2024-12-20,0.01,High Payment Activity,Moderate Payment Behaviour,45,Medium Credit Risk,53.83,190,Monitor balance and payment behaviour
C0194,Fleet Owner,Construction,South,Net 60,1,380469,167449,44.01,Moderate Credit Utilisation,36,38987756.66,1082993.24,5,2019-04-29,2025-01-27,0.0,High Payment Activity,Moderate Payment Behaviour,45,Medium Credit Risk,53.8,191,Monitor balance and payment behaviour
C0465,Fleet Owner,Mining,South,Net 30,1,573243,248521,43.35,Moderate Credit Utilisation,43,39941434.62,928870.57,5,2019-03-29,2025-02-23,0.01,Very High Payment Activity,Moderate Payment Behaviour,45,Medium Credit Risk,53.67,192,Monitor balance and payment behaviour
C0078,Dealer,Rental,South,Net 30,1,166204,71681,43.13,Moderate Credit Utilisation,41,37103764.86,904969.87,5,2019-03-30,2024-10-09,0.0,Very High Payment Activity,Moderate Payment Behaviour,45,Medium Credit Risk,53.63,193,Monitor balance and payment behaviour
C0128,Retail,Mining,West,Net 60,1,39121,16592,42.41,Moderate Credit Utilisation,33,53252345.93,1613707.45,5,2019-05-04,2025-02-07,0.0,High Payment Activity,Moderate Payment Behaviour,45,Medium Credit Risk,53.48,194,Monitor balance and payment behaviour
C0080,Retail,Mining,South,Net 45,1,35201,14738,41.87,Moderate Credit Utilisation,44,41919262.48,952710.51,5,2019-04-20,2024-12-17,0.0,Very High Payment Activity,Moderate Payment Behaviour,45,Medium Credit Risk,53.37,195,Monitor balance and payment behaviour
C0157,Dealer,Infrastructure,North,Advance,1,315705,130064,41.2,Moderate Credit Utilisation,39,48078352.21,1232778.26,5,2019-03-06,2025-03-04,0.0,High Payment Activity,Moderate Payment Behaviour,45,Medium Credit Risk,53.24,196,Monitor balance and payment behaviour
C0443,Dealer,Infrastructure,East,Net 30,1,466614,183013,39.22,Moderate Credit Utilisation,48,61466044.99,1280542.6,5,2019-05-03,2024-12-18,0.0,Very High Payment Activity,Moderate Payment Behaviour,45,Medium Credit Risk,52.84,197,Monitor balance and payment behaviour
C0368,Fleet Owner,Construction,South,Advance,1,234723,90488,38.55,Moderate Credit Utilisation,38,47461031.54,1248974.51,5,2019-03-11,2024-11-05,0.0,High Payment Activity,Moderate Payment Behaviour,45,Medium Credit Risk,52.71,198,Monitor balance and payment behaviour
C0195,Fleet Owner,Logistics,East,Advance,2,389773,149217,38.28,Moderate Credit Utilisation,35,50986014.74,1456743.28,5,2019-03-04,2025-02-16,0.0,High Payment Activity,Moderate Payment Behaviour,45,Medium Credit Risk,52.66,199,Monitor balance and payment behaviour
C0037,Corporate,Construction,West,Advance,1,330103,123365,37.37,Moderate Credit Utilisation,44,48819388.08,1109531.55,5,2019-07-10,2024-12-22,0.0,Very High Payment Activity,Moderate Payment Behaviour,45,Medium Credit Risk,52.47,200,Monitor balance and payment behaviour
C0107,Fleet Owner,Construction,North,Net 30,1,412425,152905,37.07,Moderate Credit Utilisation,58,68483166.15,1180744.24,5,2019-02-20,2025-01-04,0.0,Very High Payment Activity,Moderate Payment Behaviour,45,Medium Credit Risk,52.41,201,Monitor balance and payment behaviour
C0060,Dealer,Mining,South,Net 60,1,350950,129725,36.96,Moderate Credit Utilisation,48,57143903.84,1190498.0,5,2019-09-12,2025-01-22,0.0,Very High Payment Activity,Moderate Payment Behaviour,45,Medium Credit Risk,52.39,202,Monitor balance and payment behaviour
C0071,Corporate,Rental,North,Net 45,2,735733,268163,36.45,Moderate Credit Utilisation,43,62810767.23,1460715.52,5,2019-04-19,2024-12-21,0.0,Very High Payment Activity,Moderate Payment Behaviour,45,Medium Credit Risk,52.29,203,Monitor balance and payment behaviour
C0416,Dealer,Manufacturing,South,Net 30,2,498960,179763,36.03,Moderate Credit Utilisation,39,32488335.05,833034.23,5,2019-04-05,2024-12-11,0.01,High Payment Activity,Moderate Payment Behaviour,45,Medium Credit Risk,52.21,204,Monitor balance and payment behaviour
C0438,Corporate,Rental,East,Net 30,2,482026,171913,35.66,Moderate Credit Utilisation,41,54879087.97,1338514.34,5,2019-07-11,2025-03-04,0.0,Very High Payment Activity,Moderate Payment Behaviour,45,Medium Credit Risk,52.13,205,Monitor balance and payment behaviour
C0348,Retail,Logistics,North,Net 60,2,32723,11641,35.57,Moderate Credit Utilisation,36,41445640.07,1151267.78,5,2019-06-15,2024-12-21,0.0,High Payment Activity,Moderate Payment Behaviour,45,Medium Credit Risk,52.11,206,Monitor balance and payment behaviour
C0375,Fleet Owner,Mining,West,Net 60,1,243350,85892,35.3,Moderate Credit Utilisation,42,59001814.56,1404805.11,5,2019-04-27,2024-12-07,0.0,Very High Payment Activity,Moderate Payment Behaviour,45,Medium Credit Risk,52.06,207,Monitor balance and payment behaviour
C0265,Retail,Mining,West,Advance,1,18495,6434,34.79,Moderate Credit Utilisation,35,42428415.89,1212240.45,5,2019-02-26,2024-11-24,0.0,High Payment Activity,Moderate Payment Behaviour,45,Medium Credit Risk,51.96,208,Monitor balance and payment behaviour
C0204,Retail,Rental,South,Advance,2,20298,7042,34.69,Moderate Credit Utilisation,32,33097954.29,1034311.07,5,2019-06-21,2024-05-12,0.0,High Payment Activity,Moderate Payment Behaviour,45,Medium Credit Risk,51.94,209,Monitor balance and payment behaviour
C0469,Government,Manufacturing,North,Net 45,1,959081,324787,33.86,Moderate Credit Utilisation,46,55966069.78,1216653.69,5,2019-02-13,2025-02-08,0.01,Very High Payment Activity,Moderate Payment Behaviour,45,Medium Credit Risk,51.77,210,Monitor balance and payment behaviour
C0307,Dealer,Manufacturing,West,Net 15,1,302503,100600,33.26,Moderate Credit Utilisation,46,57742719.02,1255276.5,5,2019-02-01,2025-01-29,0.0,Very High Payment Activity,Moderate Payment Behaviour,45,Medium Credit Risk,51.65,211,Monitor balance and payment behaviour
C0131,Corporate,Rental,South,Advance,2,215893,70818,32.8,Moderate Credit Utilisation,30,45257184.94,1508572.83,5,2019-04-10,2024-08-10,0.0,High Payment Activity,Moderate Payment Behaviour,45,Medium Credit Risk,51.56,212,Monitor balance and payment behaviour
C0495,Fleet Owner,Infrastructure,North,Net 45,2,414484,135441,32.68,Moderate Credit Utilisation,53,75136455.75,1417668.98,5,2019-02-23,2025-01-18,0.0,Very High Payment Activity,Moderate Payment Behaviour,45,Medium Credit Risk,51.54,213,Monitor balance and payment behaviour
C0241,Government,Construction,West,Net 60,1,973243,304765,31.31,Moderate Credit Utilisation,46,57178595.17,1243012.94,5,2019-02-18,2024-12-20,0.01,Very High Payment Activity,Moderate Payment Behaviour,45,Medium Credit Risk,51.26,214,Monitor balance and payment behaviour
C0144,Fleet Owner,Construction,West,Net 60,2,578368,178549,30.87,Moderate Credit Utilisation,32,34380897.38,1074403.04,5,2019-05-06,2024-10-27,0.01,High Payment Activity,Moderate Payment Behaviour,45,Medium Credit Risk,51.17,215,Monitor balance and payment behaviour
C0395,Corporate,Manufacturing,East,Net 45,1,680072,209294,30.78,Moderate Credit Utilisation,48,54385390.02,1133028.96,5,2019-03-15,2025-01-24,0.0,Very High Payment Activity,Moderate Payment Behaviour,45,Medium Credit Risk,51.16,216,Monitor balance and payment behaviour
C0354,Corporate,Logistics,South,Advance,2,261489,79839,30.53,Moderate Credit Utilisation,40,49250680.15,1231267.0,5,2019-02-19,2025-01-17,0.0,Very High Payment Activity,Moderate Payment Behaviour,45,Medium Credit Risk,51.11,217,Monitor balance and payment behaviour
C0182,Dealer,Infrastructure,East,Net 45,5,298476,237412,79.54,High Credit Utilisation,31,28035163.82,904360.12,5,2019-03-27,2024-10-01,0.01,High Payment Activity,Strong Payment Behaviour,30,Low Credit Risk,45.91,218,Normal credit monitoring
C0400,Government,Infrastructure,North,Net 60,5,1018688,799757,78.51,High Credit Utilisation,42,43477744.42,1035184.39,5,2019-05-07,2025-01-16,0.02,Very High Payment Activity,Strong Payment Behaviour,30,Low Credit Risk,45.7,219,Normal credit monitoring
C0047,Corporate,Rental,West,Net 60,5,425838,329681,77.42,High Credit Utilisation,26,42571763.28,1637375.51,5,2019-04-25,2024-09-07,0.01,High Payment Activity,Strong Payment Behaviour,30,Low Credit Risk,45.48,220,Normal credit monitoring
C0477,Government,Construction,West,Net 15,5,831717,641227,77.1,High Credit Utilisation,39,47607557.27,1220706.6,5,2019-07-12,2025-02-21,0.01,High Payment Activity,Strong Payment Behaviour,30,Low Credit Risk,45.42,221,Normal credit monitoring
C0315,Dealer,Rental,West,Net 45,4,407774,313009,76.76,High Credit Utilisation,39,45186800.82,1158635.92,5,2019-03-30,2025-01-24,0.01,High Payment Activity,Strong Payment Behaviour,30,Low Credit Risk,45.35,222,Normal credit monitoring
C0214,Corporate,Rental,West,Net 45,4,583212,447435,76.72,High Credit Utilisation,37,37453675.83,1012261.51,5,2019-03-21,2025-02-18,0.01,High Payment Activity,Strong Payment Behaviour,30,Low Credit Risk,45.34,223,Normal credit monitoring
C0381,Corporate,Mining,South,Advance,4,571520,435086,76.13,High Credit Utilisation,31,46208897.64,1490609.6,5,2019-08-10,2025-01-02,0.01,High Payment Activity,Strong Payment Behaviour,30,Low Credit Risk,45.23,224,Normal credit monitoring
C0134,Fleet Owner,Infrastructure,West,Net 60,5,369606,281323,76.11,High Credit Utilisation,48,61170246.8,1274380.14,5,2019-03-21,2024-12-17,0.0,Very High Payment Activity,Strong Payment Behaviour,30,Low Credit Risk,45.22,225,Normal credit monitoring
C0034,Government,Construction,West,Net 15,5,1033298,786303,76.1,High Credit Utilisation,36,34389917.26,955275.48,5,2019-01-27,2024-10-21,0.02,High Payment Activity,Strong Payment Behaviour,30,Low Credit Risk,45.22,226,Normal credit monitoring
C0249,Corporate,Construction,West,Net 45,4,817572,617949,75.58,High Credit Utilisation,40,58961622.52,1474040.56,5,2019-02-21,2024-09-29,0.01,Very High Payment Activity,Strong Payment Behaviour,30,Low Credit Risk,45.12,227,Normal credit monitoring
C0044,Government,Mining,West,Advance,4,888707,663201,74.63,High Credit Utilisation,37,42004263.87,1135250.37,5,2019-01-12,2025-02-10,0.02,High Payment Activity,Strong Payment Behaviour,30,Low Credit Risk,44.93,228,Normal credit monitoring
C0222,Fleet Owner,Logistics,North,Net 30,5,501339,373637,74.53,High Credit Utilisation,46,48641517.9,1057424.3,5,2019-03-04,2025-01-20,0.01,Very High Payment Activity,Strong Payment Behaviour,30,Low Credit Risk,44.91,229,Normal credit monitoring
C0361,Government,Logistics,South,Net 45,5,623046,455127,73.05,High Credit Utilisation,31,40213483.39,1297209.14,5,2019-04-04,2024-10-09,0.01,High Payment Activity,Strong Payment Behaviour,30,Low Credit Risk,44.61,230,Normal credit monitoring
C0335,Government,Infrastructure,North East,Net 15,5,989169,722277,73.02,High Credit Utilisation,47,53187537.82,1131649.74,5,2019-03-23,2024-11-28,0.01,Very High Payment Activity,Strong Payment Behaviour,30,Low Credit Risk,44.6,231,Normal credit monitoring
C0208,Fleet Owner,Logistics,North,Net 45,4,737567,537907,72.93,High Credit Utilisation,29,39688448.39,1368567.19,5,2019-03-05,2025-01-07,0.01,High Payment Activity,Strong Payment Behaviour,30,Low Credit Risk,44.59,232,Normal credit monitoring
C0380,Fleet Owner,Manufacturing,South,Net 45,5,343972,250436,72.81,High Credit Utilisation,49,63587903.7,1297712.32,5,2019-03-01,2025-01-02,0.0,Very High Payment Activity,Strong Payment Behaviour,30,Low Credit Risk,44.56,233,Normal credit monitoring
C0218,Fleet Owner,Construction,West,Advance,5,635931,456436,71.77,High Credit Utilisation,35,33880099.17,968002.83,5,2019-02-17,2024-10-26,0.01,High Payment Activity,Strong Payment Behaviour,30,Low Credit Risk,44.35,234,Normal credit monitoring
C0355,Government,Infrastructure,South,Net 45,4,917399,657955,71.72,High Credit Utilisation,42,49489886.88,1178330.64,5,2019-03-07,2025-02-17,0.01,Very High Payment Activity,Strong Payment Behaviour,30,Low Credit Risk,44.34,235,Normal credit monitoring
C0295,Corporate,Mining,East,Net 45,5,789992,559779,70.86,High Credit Utilisation,38,53910874.88,1418707.23,5,2019-03-11,2025-01-15,0.01,High Payment Activity,Strong Payment Behaviour,30,Low Credit Risk,44.17,236,Normal credit monitoring
C0378,Retail,Manufacturing,North,Advance,4,45130,31976,70.85,High Credit Utilisation,39,47035230.03,1206031.54,5,2019-03-14,2025-01-01,0.0,High Payment Activity,Strong Payment Behaviour,30,Low Credit Risk,44.17,237,Normal credit monitoring
C0209,Corporate,Infrastructure,East,Advance,5,834417,590973,70.82,High Credit Utilisation,47,52682876.81,1120912.27,5,2020-01-28,2025-01-13,0.01,Very High Payment Activity,Strong Payment Behaviour,30,Low Credit Risk,44.16,238,Normal credit monitoring
C0422,Government,Construction,South,Net 60,5,858335,605029,70.49,High Credit Utilisation,43,58731246.12,1365842.93,5,2019-10-11,2025-01-09,0.01,Very High Payment Activity,Strong Payment Behaviour,30,Low Credit Risk,44.1,239,Normal credit monitoring
C0326,Government,Mining,East,Advance,4,1143072,798334,69.84,High Credit Utilisation,45,53801256.01,1195583.47,5,2019-03-31,2025-03-02,0.01,Very High Payment Activity,Strong Payment Behaviour,30,Low Credit Risk,43.97,240,Normal credit monitoring
C0448,Fleet Owner,Logistics,East,Net 45,4,796652,544307,68.32,High Credit Utilisation,38,54668925.34,1438655.93,5,2019-05-24,2025-01-08,0.01,High Payment Activity,Strong Payment Behaviour,30,Low Credit Risk,43.66,241,Normal credit monitoring
C0341,Fleet Owner,Mining,North,Net 45,5,303484,207197,68.27,High Credit Utilisation,43,54118042.9,1258559.14,5,2019-04-06,2024-11-05,0.0,Very High Payment Activity,Strong Payment Behaviour,30,Low Credit Risk,43.65,242,Normal credit monitoring
C0041,Government,Rental,South,Net 60,5,592802,392894,66.28,High Credit Utilisation,41,57045297.06,1391348.71,5,2019-01-26,2024-11-24,0.01,Very High Payment Activity,Strong Payment Behaviour,30,Low Credit Risk,43.26,243,Normal credit monitoring
C0358,Government,Infrastructure,West,Net 15,4,1086668,719489,66.21,High Credit Utilisation,34,40658191.81,1195829.17,5,2019-06-14,2025-01-09,0.02,High Payment Activity,Strong Payment Behaviour,30,Low Credit Risk,43.24,244,Normal credit monitoring
C0007,Corporate,Manufacturing,West,Net 45,4,859003,565081,65.78,High Credit Utilisation,32,25960714.1,811272.32,5,2019-05-11,2024-12-08,0.02,High Payment Activity,Strong Payment Behaviour,30,Low Credit Risk,43.16,245,Normal credit monitoring
C0225,Fleet Owner,Logistics,North,Advance,5,431855,283635,65.68,High Credit Utilisation,48,49631670.61,1033993.14,5,2019-05-26,2024-09-20,0.01,Very High Payment Activity,Strong Payment Behaviour,30,Low Credit Risk,43.14,246,Normal credit monitoring
C0364,Government,Infrastructure,East,Net 30,5,615436,402232,65.36,High Credit Utilisation,34,47928025.53,1409647.81,5,2019-03-29,2024-10-26,0.01,High Payment Activity,Strong Payment Behaviour,30,Low Credit Risk,43.07,247,Normal credit monitoring
C0042,Fleet Owner,Rental,South,Net 15,4,731768,472737,64.6,High Credit Utilisation,37,54617628.67,1476152.13,5,2019-04-24,2024-11-18,0.01,High Payment Activity,Strong Payment Behaviour,30,Low Credit Risk,42.92,248,Normal credit monitoring
C0150,Fleet Owner,Manufacturing,West,Net 45,5,197605,127111,64.33,High Credit Utilisation,31,35740011.53,1152903.6,5,2019-07-15,2025-01-16,0.0,High Payment Activity,Strong Payment Behaviour,30,Low Credit Risk,42.87,249,Normal credit monitoring
C0101,Corporate,Logistics,South,Net 60,5,242777,155072,63.87,High Credit Utilisation,40,57068569.4,1426714.24,5,2019-03-21,2024-12-08,0.0,Very High Payment Activity,Strong Payment Behaviour,30,Low Credit Risk,42.77,250,Normal credit monitoring
C0110,Dealer,Logistics,Central,Advance,5,107758,68824,63.87,High Credit Utilisation,50,72682533.09,1453650.66,5,2019-02-07,2024-08-03,0.0,Very High Payment Activity,Strong Payment Behaviour,30,Low Credit Risk,42.77,251,Normal credit monitoring
C0418,Government,Mining,West,Net 15,4,1185942,749861,63.23,High Credit Utilisation,32,38826190.08,1213318.44,5,2019-04-10,2025-01-13,0.02,High Payment Activity,Strong Payment Behaviour,30,Low Credit Risk,42.65,252,Normal credit monitoring
C0155,Fleet Owner,Mining,East,Net 30,5,393453,245382,62.37,High Credit Utilisation,35,34366953.81,981912.97,5,2019-12-26,2025-01-24,0.01,High Payment Activity,Strong Payment Behaviour,30,Low Credit Risk,42.47,253,Normal credit monitoring
C0108,Corporate,Rental,North,Advance,4,676059,420507,62.2,High Credit Utilisation,27,25242015.06,934889.45,5,2019-03-07,2025-02-23,0.02,High Payment Activity,Strong Payment Behaviour,30,Low Credit Risk,42.44,254,Normal credit monitoring
C0181,Government,Construction,West,Net 30,5,766249,475114,62.01,High Credit Utilisation,38,40793172.51,1073504.54,5,2019-06-12,2025-02-20,0.01,High Payment Activity,Strong Payment Behaviour,30,Low Credit Risk,42.4,255,Normal credit monitoring
C0431,Government,Logistics,West,Net 30,5,1284393,789154,61.44,High Credit Utilisation,30,38878145.25,1295938.18,5,2019-07-31,2024-08-15,0.02,High Payment Activity,Strong Payment Behaviour,30,Low Credit Risk,42.29,256,Normal credit monitoring
C0161,Dealer,Mining,West,Net 45,4,404774,243701,60.21,High Credit Utilisation,37,49786672.43,1345585.74,5,2019-04-17,2025-01-05,0.0,High Payment Activity,Strong Payment Behaviour,30,Low Credit Risk,42.04,257,Normal credit monitoring
C0006,Government,Construction,West,Net 60,3,514827,303122,58.88,Moderate Credit Utilisation,45,61311770.53,1362483.79,5,2019-07-30,2024-10-02,0.0,Very High Payment Activity,Strong Payment Behaviour,30,Low Credit Risk,41.78,258,Normal credit monitoring
C0050,Dealer,Mining,East,Net 30,3,442160,257973,58.34,Moderate Credit Utilisation,34,48232951.04,1418616.21,5,2019-03-14,2025-01-16,0.01,High Payment Activity,Strong Payment Behaviour,30,Low Credit Risk,41.67,259,Normal credit monitoring
C0308,Retail,Mining,North,Net 60,3,23387,13502,57.73,Moderate Credit Utilisation,36,39956576.61,1109904.91,5,2019-05-13,2025-01-10,0.0,High Payment Activity,Strong Payment Behaviour,30,Low Credit Risk,41.55,260,Normal credit monitoring
C0263,Government,Rental,South,Net 60,3,907695,500438,55.13,Moderate Credit Utilisation,37,52187397.44,1410470.2,5,2019-03-30,2024-12-04,0.01,High Payment Activity,Strong Payment Behaviour,30,Low Credit Risk,41.03,261,Normal credit monitoring
C0064,Corporate,Manufacturing,North,Net 45,3,577111,313205,54.27,Moderate Credit Utilisation,41,48420221.58,1180981.01,5,2019-05-18,2025-01-16,0.01,Very High Payment Activity,Strong Payment Behaviour,30,Low Credit Risk,40.85,262,Normal credit monitoring
C0480,Government,Infrastructure,West,Net 45,3,635943,336455,52.91,Moderate Credit Utilisation,43,43473033.02,1011000.77,5,2019-02-18,2025-01-29,0.01,Very High Payment Activity,Strong Payment Behaviour,30,Low Credit Risk,40.58,263,Normal credit monitoring
C0140,Retail,Logistics,West,Net 60,3,14401,7550,52.43,Moderate Credit Utilisation,44,49971374.55,1135713.06,5,2019-05-23,2025-01-05,0.0,Very High Payment Activity,Strong Payment Behaviour,30,Low Credit Risk,40.49,264,Normal credit monitoring
C0433,Dealer,Infrastructure,North,Net 60,3,448175,226491,50.54,Moderate Credit Utilisation,41,54686295.16,1333812.08,5,2019-04-28,2024-07-16,0.0,Very High Payment Activity,Strong Payment Behaviour,30,Low Credit Risk,40.11,265,Normal credit monitoring
C0096,Corporate,Construction,South,Net 15,3,401903,200385,49.86,Moderate Credit Utilisation,34,31398916.13,923497.53,5,2019-01-21,2025-03-05,0.01,High Payment Activity,Strong Payment Behaviour,30,Low Credit Risk,39.97,266,Normal credit monitoring
C0067,Retail,Manufacturing,West,Net 15,3,34526,17171,49.73,Moderate Credit Utilisation,29,49428958.05,1704446.83,5,2019-06-13,2025-02-28,0.0,High Payment Activity,Strong Payment Behaviour,30,Low Credit Risk,39.95,267,Normal credit monitoring
C0004,Fleet Owner,Logistics,South,Net 30,3,506336,250255,49.42,Moderate Credit Utilisation,47,50947321.81,1083985.57,5,2019-04-28,2025-02-15,0.0,Very High Payment Activity,Strong Payment Behaviour,30,Low Credit Risk,39.88,268,Normal credit monitoring
C0136,Dealer,Mining,West,Advance,3,425042,208808,49.13,Moderate Credit Utilisation,46,43431805.81,944169.69,5,2019-05-09,2024-12-03,0.0,Very High Payment Activity,Strong Payment Behaviour,30,Low Credit Risk,39.83,269,Normal credit monitoring
C0145,Retail,Construction,West,Net 45,3,49522,23237,46.92,Moderate Credit Utilisation,37,29821717.02,805992.35,5,2019-04-25,2025-01-22,0.0,High Payment Activity,Strong Payment Behaviour,30,Low Credit Risk,39.38,270,Normal credit monitoring
C0290,Corporate,Construction,West,Advance,3,506218,233450,46.12,Moderate Credit Utilisation,47,52424603.99,1115417.11,5,2019-04-17,2025-01-01,0.0,Very High Payment Activity,Strong Payment Behaviour,30,Low Credit Risk,39.22,271,Normal credit monitoring
C0425,Dealer,Manufacturing,South,Net 30,3,197706,90771,45.91,Moderate Credit Utilisation,40,55024060.51,1375601.51,5,2019-03-24,2024-11-27,0.0,Very High Payment Activity,Strong Payment Behaviour,30,Low Credit Risk,39.18,272,Normal credit monitoring
C0325,Corporate,Rental,East,Net 30,3,811959,363532,44.77,Moderate Credit Utilisation,34,35850898.72,1054438.2,5,2019-04-17,2024-12-17,0.01,High Payment Activity,Strong Payment Behaviour,30,Low Credit Risk,38.95,273,Normal credit monitoring
C0180,Fleet Owner,Logistics,South,Net 60,3,747590,313557,41.94,Moderate Credit Utilisation,31,25434220.29,820458.72,5,2019-02-28,2025-02-08,0.01,High Payment Activity,Strong Payment Behaviour,30,Low Credit Risk,38.39,274,Normal credit monitoring
C0123,Corporate,Infrastructure,East,Net 30,3,574353,239735,41.74,Moderate Credit Utilisation,42,62112970.01,1478880.24,5,2019-03-23,2024-12-08,0.0,Very High Payment Activity,Strong Payment Behaviour,30,Low Credit Risk,38.35,275,Normal credit monitoring
C0318,Corporate,Logistics,North,Net 45,3,973000,403649,41.48,Moderate Credit Utilisation,36,46771461.64,1299207.27,5,2019-02-17,2024-12-07,0.01,High Payment Activity,Strong Payment Behaviour,30,Low Credit Risk,38.3,276,Normal credit monitoring
C0020,Dealer,Logistics,East,Advance,3,492285,202707,41.18,Moderate Credit Utilisation,41,36497419.33,890180.96,5,2019-02-09,2025-01-12,0.01,Very High Payment Activity,Strong Payment Behaviour,30,Low Credit Risk,38.24,277,Normal credit monitoring
C0497,Government,Logistics,South,Net 45,3,764082,310133,40.59,Moderate Credit Utilisation,32,41720866.3,1303777.07,5,2019-06-23,2025-01-09,0.01,High Payment Activity,Strong Payment Behaviour,30,Low Credit Risk,38.12,278,Normal credit monitoring
C0022,Retail,Infrastructure,South,Net 60,3,47651,19003,39.88,Moderate Credit Utilisation,49,55150564.69,1125521.73,5,2019-02-20,2024-12-04,0.0,Very High Payment Activity,Strong Payment Behaviour,30,Low Credit Risk,37.98,279,Normal credit monitoring
C0391,Government,Construction,West,Net 60,3,624393,239160,38.3,Moderate Credit Utilisation,32,33535188.37,1047974.64,5,2019-03-01,2025-01-23,0.01,High Payment Activity,Strong Payment Behaviour,30,Low Credit Risk,37.66,280,Normal credit monitoring
C0340,Government,Mining,South,Net 30,3,610937,228953,37.48,Moderate Credit Utilisation,46,55337995.87,1202999.91,5,2019-01-09,2025-01-24,0.0,Very High Payment Activity,Strong Payment Behaviour,30,Low Credit Risk,37.5,281,Normal credit monitoring
C0379,Retail,Mining,West,Advance,3,22642,8448,37.31,Moderate Credit Utilisation,37,49734811.19,1344184.09,5,2019-06-11,2025-02-15,0.0,High Payment Activity,Strong Payment Behaviour,30,Low Credit Risk,37.46,282,Normal credit monitoring
C0186,Fleet Owner,Infrastructure,East,Net 30,3,198216,73566,37.11,Moderate Credit Utilisation,41,54661294.04,1333202.29,5,2019-03-07,2025-01-05,0.0,Very High Payment Activity,Strong Payment Behaviour,30,Low Credit Risk,37.42,283,Normal credit monitoring
C0179,Government,Infrastructure,South,Net 30,3,630635,213290,33.82,Moderate Credit Utilisation,36,38007752.21,1055770.89,5,2019-06-26,2024-09-07,0.01,High Payment Activity,Strong Payment Behaviour,30,Low Credit Risk,36.76,284,Normal credit monitoring
C0117,Government,Mining,North East,Net 60,3,856033,284259,33.21,Moderate Credit Utilisation,38,30591710.96,805045.03,5,2019-02-01,2024-10-03,0.01,High Payment Activity,Strong Payment Behaviour,30,Low Credit Risk,36.64,285,Normal credit monitoring
C0224,Retail,Manufacturing,East,Net 60,3,11280,3718,32.96,Moderate Credit Utilisation,37,40197920.06,1086430.27,5,2019-02-18,2024-12-27,0.0,High Payment Activity,Strong Payment Behaviour,30,Low Credit Risk,36.59,286,Normal credit monitoring
C0390,Fleet Owner,Construction,North,Advance,3,220350,71369,32.39,Moderate Credit Utilisation,27,42836207.84,1586526.22,5,2019-04-28,2024-11-26,0.0,High Payment Activity,Strong Payment Behaviour,30,Low Credit Risk,36.48,287,Normal credit monitoring
C0421,Retail,Construction,South,Net 30,3,35710,11463,32.1,Moderate Credit Utilisation,38,43728858.21,1150759.43,5,2019-04-22,2024-08-09,0.0,High Payment Activity,Strong Payment Behaviour,30,Low Credit Risk,36.42,288,Normal credit monitoring
C0268,Government,Mining,West,Net 60,3,1168032,365651,31.3,Moderate Credit Utilisation,41,47767323.88,1165056.68,5,2019-03-20,2024-12-08,0.01,Very High Payment Activity,Strong Payment Behaviour,30,Low Credit Risk,36.26,289,Normal credit monitoring
C0490,Government,Logistics,West,Net 30,3,1262928,379981,30.09,Moderate Credit Utilisation,51,82627156.55,1620140.32,5,2019-03-01,2025-02-01,0.0,Very High Payment Activity,Strong Payment Behaviour,30,Low Credit Risk,36.02,290,Normal credit monitoring
C0083,Dealer,Infrastructure,North,Net 45,2,214857,64003,29.79,Low Credit Utilisation,56,75676286.51,1351362.26,5,2019-07-19,2024-11-16,0.0,Very High Payment Activity,Strong Payment Behaviour,30,Low Credit Risk,35.96,291,Normal credit monitoring
C0246,Retail,Manufacturing,North,Net 30,2,31917,9359,29.32,Low Credit Utilisation,42,65235515.45,1553226.56,5,2019-03-21,2024-12-18,0.0,Very High Payment Activity,Strong Payment Behaviour,30,Low Credit Risk,35.86,292,Normal credit monitoring
C0090,Government,Infrastructure,North,Net 15,1,1009986,294069,29.12,Low Credit Utilisation,43,41369521.31,962081.89,5,2019-03-29,2024-11-17,0.01,Very High Payment Activity,Strong Payment Behaviour,30,Low Credit Risk,35.82,293,Normal credit monitoring
C0158,Corporate,Infrastructure,East,Advance,2,516521,146194,28.3,Low Credit Utilisation,34,52227031.21,1536089.15,5,2019-04-09,2024-12-24,0.0,High Payment Activity,Strong Payment Behaviour,30,Low Credit Risk,35.66,294,Normal credit monitoring
C0464,Corporate,Infrastructure,North,Net 45,1,703261,194204,27.61,Low Credit Utilisation,39,53629741.43,1375121.58,5,2019-10-07,2024-12-04,0.0,High Payment Activity,Strong Payment Behaviour,30,Low Credit Risk,35.52,295,Normal credit monitoring
C0494,Corporate,Construction,East,Net 45,2,704926,188070,26.68,Low Credit Utilisation,37,40545634.43,1095827.96,5,2019-04-21,2025-01-12,0.0,High Payment Activity,Strong Payment Behaviour,30,Low Credit Risk,35.34,296,Normal credit monitoring
C0323,Government,Manufacturing,West,Advance,2,717071,189451,26.42,Low Credit Utilisation,29,33739998.71,1163448.23,5,2019-03-15,2024-12-17,0.01,High Payment Activity,Strong Payment Behaviour,30,Low Credit Risk,35.28,297,Normal credit monitoring
C0284,Corporate,Manufacturing,East,Net 60,1,948858,247207,26.05,Low Credit Utilisation,45,61119073.64,1358201.64,5,2019-02-25,2025-03-11,0.0,Very High Payment Activity,Strong Payment Behaviour,30,Low Credit Risk,35.21,298,Normal credit monitoring
C0282,Government,Logistics,East,Advance,2,1271863,328689,25.84,Low Credit Utilisation,56,61647935.61,1100855.99,5,2019-02-12,2025-02-10,0.01,Very High Payment Activity,Strong Payment Behaviour,30,Low Credit Risk,35.17,299,Normal credit monitoring
C0257,Corporate,Logistics,North,Net 45,1,443957,112531,25.35,Low Credit Utilisation,50,71414154.83,1428283.1,5,2019-02-16,2025-01-29,0.0,Very High Payment Activity,Strong Payment Behaviour,30,Low Credit Risk,35.07,300,Normal credit monitoring
C0013,Dealer,Construction,West,Advance,2,425862,104029,24.43,Low Credit Utilisation,48,68858960.67,1434561.68,5,2019-02-09,2025-01-29,0.0,Very High Payment Activity,Strong Payment Behaviour,30,Low Credit Risk,34.89,301,Normal credit monitoring
C0444,Dealer,Manufacturing,South,Net 30,1,403967,96858,23.98,Low Credit Utilisation,32,35689641.74,1115301.3,5,2019-06-22,2024-03-16,0.0,High Payment Activity,Strong Payment Behaviour,30,Low Credit Risk,34.8,302,Normal credit monitoring
C0109,Retail,Mining,South,Net 15,1,47756,11043,23.12,Low Credit Utilisation,54,63110941.78,1168721.14,5,2019-03-12,2025-01-03,0.0,Very High Payment Activity,Strong Payment Behaviour,30,Low Credit Risk,34.62,303,Normal credit monitoring
C0369,Government,Manufacturing,West,Net 15,1,1482938,332815,22.44,Low Credit Utilisation,46,58557895.7,1272997.73,5,2019-03-24,2025-01-21,0.01,Very High Payment Activity,Strong Payment Behaviour,30,Low Credit Risk,34.49,304,Normal credit monitoring
C0253,Retail,Rental,West,Net 60,2,43197,9387,21.73,Low Credit Utilisation,44,62287583.26,1415626.89,5,2019-05-09,2025-01-20,0.0,Very High Payment Activity,Strong Payment Behaviour,30,Low Credit Risk,34.35,305,Normal credit monitoring
C0081,Corporate,Rental,West,Net 15,1,208371,44941,21.57,Low Credit Utilisation,42,32168875.54,765925.61,5,2019-02-12,2025-02-23,0.0,Very High Payment Activity,Strong Payment Behaviour,30,Low Credit Risk,34.31,306,Normal credit monitoring
C0460,Dealer,Logistics,South,Net 60,1,143749,30133,20.96,Low Credit Utilisation,29,51297659.26,1768884.8,5,2019-04-28,2024-12-30,0.0,High Payment Activity,Strong Payment Behaviour,30,Low Credit Risk,34.19,307,Normal credit monitoring
C0445,Government,Mining,East,Net 60,2,1283660,253336,19.74,Low Credit Utilisation,27,46979644.18,1739986.82,5,2019-05-09,2025-02-24,0.01,High Payment Activity,Strong Payment Behaviour,30,Low Credit Risk,33.95,308,Normal credit monitoring
C0130,Government,Mining,West,Net 45,1,1196003,228242,19.08,Low Credit Utilisation,47,53366136.95,1135449.72,5,2019-03-19,2025-01-31,0.0,Very High Payment Activity,Strong Payment Behaviour,30,Low Credit Risk,33.82,309,Normal credit monitoring
C0198,Government,Mining,West,Net 60,2,1493816,273190,18.29,Low Credit Utilisation,36,50184465.05,1394012.92,5,2019-04-28,2024-08-19,0.01,High Payment Activity,Strong Payment Behaviour,30,Low Credit Risk,33.66,310,Normal credit monitoring
C0219,Government,Manufacturing,West,Net 60,2,1072558,185057,17.25,Low Credit Utilisation,39,50346289.99,1290930.51,5,2019-02-21,2025-03-01,0.0,High Payment Activity,Strong Payment Behaviour,30,Low Credit Risk,33.45,311,Normal credit monitoring
C0407,Dealer,Logistics,South,Net 45,2,379116,62934,16.6,Low Credit Utilisation,40,49449578.06,1236239.45,5,2019-03-08,2025-02-11,0.0,Very High Payment Activity,Strong Payment Behaviour,30,Low Credit Risk,33.32,312,Normal credit monitoring
C0066,Retail,Manufacturing,Central,Net 60,1,37976,5882,15.49,Low Credit Utilisation,36,43804508.09,1216791.89,5,2019-03-07,2024-12-13,0.0,High Payment Activity,Strong Payment Behaviour,30,Low Credit Risk,33.1,313,Normal credit monitoring
C0173,Retail,Logistics,South,Net 30,1,22198,3421,15.41,Low Credit Utilisation,44,49389252.9,1122483.02,5,2019-04-29,2024-12-07,0.0,Very High Payment Activity,Strong Payment Behaviour,30,Low Credit Risk,33.08,314,Normal credit monitoring
C0207,Corporate,Rental,East,Net 30,1,463240,70498,15.22,Low Credit Utilisation,44,65440489.41,1487283.85,5,2019-06-12,2025-01-04,0.0,Very High Payment Activity,Strong Payment Behaviour,30,Low Credit Risk,33.04,315,Normal credit monitoring
C0160,Retail,Rental,West,Advance,2,45628,6888,15.1,Low Credit Utilisation,50,59179943.8,1183598.88,5,2019-03-14,2024-12-20,0.0,Very High Payment Activity,Strong Payment Behaviour,30,Low Credit Risk,33.02,316,Normal credit monitoring
C0197,Government,Manufacturing,West,Net 45,2,1385304,201035,14.51,Low Credit Utilisation,51,63900912.25,1252959.06,5,2019-06-03,2024-11-06,0.0,Very High Payment Activity,Strong Payment Behaviour,30,Low Credit Risk,32.9,317,Normal credit monitoring
C0337,Corporate,Manufacturing,North,Advance,2,713111,101691,14.26,Low Credit Utilisation,39,62522115.7,1603131.17,5,2019-06-15,2024-11-02,0.0,High Payment Activity,Strong Payment Behaviour,30,Low Credit Risk,32.85,318,Normal credit monitoring
C0447,Fleet Owner,Rental,East,Net 15,2,659733,93235,14.13,Low Credit Utilisation,35,50270167.72,1436290.51,5,2019-07-26,2025-01-12,0.0,High Payment Activity,Strong Payment Behaviour,30,Low Credit Risk,32.83,319,Normal credit monitoring
C0415,Government,Infrastructure,North East,Net 30,1,870771,121474,13.95,Low Credit Utilisation,45,60814815.23,1351440.34,5,2019-05-07,2024-10-27,0.0,Very High Payment Activity,Strong Payment Behaviour,30,Low Credit Risk,32.79,320,Normal credit monitoring
C0068,Retail,Mining,North,Advance,1,27354,3730,13.64,Low Credit Utilisation,42,45947401.62,1093985.75,5,2019-03-24,2024-12-15,0.0,Very High Payment Activity,Strong Payment Behaviour,30,Low Credit Risk,32.73,321,Normal credit monitoring
C0038,Fleet Owner,Rental,North,Net 15,1,348040,45014,12.93,Low Credit Utilisation,38,43380836.21,1141600.95,5,2019-02-03,2025-01-29,0.0,High Payment Activity,Strong Payment Behaviour,30,Low Credit Risk,32.59,322,Normal credit monitoring
C0203,Government,Manufacturing,West,Net 30,1,1101577,142383,12.93,Low Credit Utilisation,34,34518743.48,1015257.16,5,2019-05-01,2025-01-15,0.0,High Payment Activity,Strong Payment Behaviour,30,Low Credit Risk,32.59,323,Normal credit monitoring
C0234,Corporate,Infrastructure,West,Net 15,2,418214,52828,12.63,Low Credit Utilisation,32,68561176.15,2142536.75,5,2019-02-22,2025-02-22,0.0,High Payment Activity,Strong Payment Behaviour,30,Low Credit Risk,32.53,325,Normal credit monitoring
C0210,Retail,Infrastructure,West,Net 45,2,11789,1490,12.64,Low Credit Utilisation,40,49555116.63,1238877.92,5,2019-02-27,2024-12-18,0.0,Very High Payment Activity,Strong Payment Behaviour,30,Low Credit Risk,32.53,324,Normal credit monitoring
C0479,Retail,Construction,West,Net 45,1,41285,5051,12.23,Low Credit Utilisation,26,27699939.91,1065382.3,5,2019-03-10,2024-11-17,0.0,High Payment Activity,Strong Payment Behaviour,30,Low Credit Risk,32.45,326,Normal credit monitoring
C0299,Retail,Logistics,South,Advance,1,36717,4107,11.19,Low Credit Utilisation,39,43442558.23,1113911.75,5,2019-02-12,2024-10-17,0.0,High Payment Activity,Strong Payment Behaviour,30,Low Credit Risk,32.24,327,Normal credit monitoring
C0492,Dealer,Rental,East,Net 60,1,442676,48242,10.9,Low Credit Utilisation,42,54552292.64,1298864.11,5,2019-02-27,2024-12-20,0.0,Very High Payment Activity,Strong Payment Behaviour,30,Low Credit Risk,32.18,328,Normal credit monitoring
C0413,Fleet Owner,Manufacturing,South,Net 15,1,225464,22974,10.19,Low Credit Utilisation,46,44125909.95,959258.91,5,2019-02-26,2024-12-24,0.0,Very High Payment Activity,Strong Payment Behaviour,30,Low Credit Risk,32.04,329,Normal credit monitoring
C0486,Government,Manufacturing,West,Advance,2,670285,64946,9.69,Low Credit Utilisation,47,50910972.99,1083212.19,5,2019-02-25,2024-12-11,0.0,Very High Payment Activity,Strong Payment Behaviour,30,Low Credit Risk,31.94,330,Normal credit monitoring
C0174,Government,Mining,West,Advance,2,1316961,123349,9.37,Low Credit Utilisation,35,19463605.52,556103.01,5,2019-02-18,2024-12-31,0.01,High Payment Activity,Strong Payment Behaviour,30,Low Credit Risk,31.87,331,Normal credit monitoring
C0296,Corporate,Manufacturing,East,Net 60,2,361733,33627,9.3,Low Credit Utilisation,46,46127094.22,1002762.92,5,2019-04-19,2025-01-02,0.0,Very High Payment Activity,Strong Payment Behaviour,30,Low Credit Risk,31.86,332,Normal credit monitoring
C0446,Retail,Logistics,South,Advance,1,25401,2338,9.2,Low Credit Utilisation,38,47455959.71,1248841.04,5,2019-02-19,2024-11-28,0.0,High Payment Activity,Strong Payment Behaviour,30,Low Credit Risk,31.84,333,Normal credit monitoring
C0177,Dealer,Construction,West,Net 45,1,100097,9054,9.05,Low Credit Utilisation,28,29350763.0,1048241.54,5,2019-05-29,2024-12-29,0.0,High Payment Activity,Strong Payment Behaviour,30,Low Credit Risk,31.81,334,Normal credit monitoring
C0220,Government,Infrastructure,Central,Net 60,2,1116238,93524,8.38,Low Credit Utilisation,51,49243551.9,965559.84,5,2019-02-08,2024-12-02,0.0,Very High Payment Activity,Strong Payment Behaviour,30,Low Credit Risk,31.68,335,Normal credit monitoring
C0245,Dealer,Logistics,South,Advance,2,204820,16669,8.14,Low Credit Utilisation,34,47120376.52,1385893.43,5,2019-03-07,2024-12-14,0.0,High Payment Activity,Strong Payment Behaviour,30,Low Credit Risk,31.63,336,Normal credit monitoring
C0353,Dealer,Manufacturing,North,Net 60,1,275021,20542,7.47,Low Credit Utilisation,21,22482049.09,1070573.77,5,2019-01-28,2024-12-09,0.0,Moderate Payment Activity,Moderate Payment Behaviour,30,Low Credit Risk,31.49,337,Normal credit monitoring
C0487,Dealer,Mining,South,Net 15,1,346606,25749,7.43,Low Credit Utilisation,34,40263818.09,1184229.94,5,2019-04-01,2024-06-05,0.0,High Payment Activity,Strong Payment Behaviour,30,Low Credit Risk,31.49,338,Normal credit monitoring
C0468,Fleet Owner,Rental,South,Net 60,1,531281,35084,6.6,Low Credit Utilisation,55,67559843.04,1228360.78,5,2019-05-29,2024-12-30,0.0,Very High Payment Activity,Strong Payment Behaviour,30,Low Credit Risk,31.32,339,Normal credit monitoring
C0426,Dealer,Infrastructure,North East,Net 45,1,332893,19372,5.82,Low Credit Utilisation,40,48117632.87,1202940.82,5,2019-04-23,2024-12-29,0.0,Very High Payment Activity,Strong Payment Behaviour,30,Low Credit Risk,31.16,340,Normal credit monitoring
C0401,Government,Logistics,North East,Net 60,1,1066548,57200,5.36,Low Credit Utilisation,46,55231285.3,1200680.12,5,2019-01-21,2024-12-31,0.0,Very High Payment Activity,Strong Payment Behaviour,30,Low Credit Risk,31.07,342,Normal credit monitoring
C0027,Fleet Owner,Logistics,West,Net 45,1,119712,6429,5.37,Low Credit Utilisation,40,43375734.49,1084393.36,5,2019-04-22,2025-01-25,0.0,Very High Payment Activity,Strong Payment Behaviour,30,Low Credit Risk,31.07,341,Normal credit monitoring
C0396,Government,Manufacturing,West,Net 45,2,753812,37466,4.97,Low Credit Utilisation,39,51571972.3,1322358.26,5,2019-01-28,2024-11-20,0.0,High Payment Activity,Strong Payment Behaviour,30,Low Credit Risk,30.99,343,Normal credit monitoring
C0091,Retail,Construction,South,Net 45,2,48920,2123,4.34,Low Credit Utilisation,33,30440821.44,922449.13,5,2019-03-01,2024-10-22,0.0,High Payment Activity,Strong Payment Behaviour,30,Low Credit Risk,30.87,344,Normal credit monitoring
C0012,Fleet Owner,Logistics,South,Advance,1,785687,30771,3.92,Low Credit Utilisation,35,41055769.44,1173021.98,5,2019-03-27,2024-07-03,0.0,High Payment Activity,Strong Payment Behaviour,30,Low Credit Risk,30.78,345,Normal credit monitoring
C0015,Government,Rental,West,Net 15,2,790010,18560,2.35,Low Credit Utilisation,34,44750087.53,1316179.04,5,2019-03-09,2025-01-22,0.0,High Payment Activity,Strong Payment Behaviour,30,Low Credit Risk,30.47,346,Normal credit monitoring
C0322,Government,Construction,West,Net 60,2,975830,17767,1.82,Low Credit Utilisation,30,32625994.55,1087533.15,5,2019-06-12,2025-01-27,0.0,High Payment Activity,Strong Payment Behaviour,30,Low Credit Risk,30.36,348,Normal credit monitoring
C0113,Corporate,Logistics,South,Advance,2,965190,17579,1.82,Low Credit Utilisation,41,62864847.31,1533288.96,5,2019-02-23,2024-11-29,0.0,Very High Payment Activity,Strong Payment Behaviour,30,Low Credit Risk,30.36,347,Normal credit monitoring
C0350,Dealer,Logistics,North East,Net 45,2,386127,5509,1.43,Low Credit Utilisation,35,32515833.1,929023.8,5,2019-08-02,2025-01-02,0.0,High Payment Activity,Strong Payment Behaviour,30,Low Credit Risk,30.29,349,Normal credit monitoring
C0122,Dealer,Rental,North East,Advance,2,351917,4859,1.38,Low Credit Utilisation,34,40530131.63,1192062.69,5,2019-02-01,2024-12-31,0.0,High Payment Activity,Strong Payment Behaviour,30,Low Credit Risk,30.28,350,Normal credit monitoring
C0362,Corporate,Rental,West,Net 15,1,814512,9547,1.17,Low Credit Utilisation,43,44252709.39,1029132.78,5,2019-04-13,2024-12-10,0.0,Very High Payment Activity,Strong Payment Behaviour,30,Low Credit Risk,30.23,351,Normal credit monitoring
C0491,Dealer,Infrastructure,South,Net 60,1,312699,2744,0.88,Low Credit Utilisation,29,59809830.74,2062407.96,5,2019-04-01,2024-07-18,0.0,High Payment Activity,Strong Payment Behaviour,30,Low Credit Risk,30.18,352,Normal credit monitoring
C0269,Government,Mining,South,Net 15,1,1060345,618,0.06,Low Credit Utilisation,46,53910238.95,1171961.72,5,2019-02-18,2025-01-01,0.0,Very High Payment Activity,Strong Payment Behaviour,30,Low Credit Risk,30.01,353,Normal credit monitoring
C0183,Government,Mining,West,Net 30,4,1225772,731224,59.65,Moderate Credit Utilisation,29,24660110.19,850348.63,5,2019-02-19,2025-02-08,0.03,High Payment Activity,Strong Payment Behaviour,15,Low Credit Risk,26.93,354,Normal credit monitoring
C0170,Government,Construction,South,Net 30,4,1285103,765704,59.58,Moderate Credit Utilisation,26,28645250.49,1101740.4,5,2019-05-11,2025-02-13,0.03,High Payment Activity,Strong Payment Behaviour,15,Low Credit Risk,26.92,355,Normal credit monitoring
C0389,Retail,Mining,West,Advance,5,34342,20256,58.98,Moderate Credit Utilisation,38,43668771.64,1149178.2,5,2019-05-21,2024-12-27,0.0,High Payment Activity,Strong Payment Behaviour,15,Low Credit Risk,26.8,356,Normal credit monitoring
C0363,Fleet Owner,Logistics,South,Advance,5,384777,224253,58.28,Moderate Credit Utilisation,32,40638633.15,1269957.29,5,2019-05-26,2025-01-11,0.01,High Payment Activity,Strong Payment Behaviour,15,Low Credit Risk,26.66,357,Normal credit monitoring
C0430,Retail,Manufacturing,West,Net 15,5,10552,5942,56.31,Moderate Credit Utilisation,27,39125183.25,1449080.86,5,2019-04-06,2024-10-02,0.0,High Payment Activity,Strong Payment Behaviour,15,Low Credit Risk,26.26,358,Normal credit monitoring
C0285,Government,Infrastructure,West,Net 15,4,1359546,764093,56.2,Moderate Credit Utilisation,54,38681236.58,716319.2,5,2019-03-20,2025-01-22,0.02,Very High Payment Activity,Strong Payment Behaviour,15,Low Credit Risk,26.24,359,Normal credit monitoring
C0411,Corporate,Mining,South,Advance,5,621936,347662,55.9,Moderate Credit Utilisation,50,57958640.98,1159172.82,5,2019-08-21,2025-01-22,0.01,Very High Payment Activity,Strong Payment Behaviour,15,Low Credit Risk,26.18,360,Normal credit monitoring
C0481,Corporate,Logistics,South,Net 30,5,437015,243932,55.82,Moderate Credit Utilisation,44,45658280.98,1037688.2,5,2019-05-29,2025-01-15,0.01,Very High Payment Activity,Strong Payment Behaviour,15,Low Credit Risk,26.16,361,Normal credit monitoring
C0185,Dealer,Logistics,West,Advance,5,210864,117546,55.74,Moderate Credit Utilisation,38,42891917.43,1128734.67,5,2019-04-15,2024-11-13,0.0,High Payment Activity,Strong Payment Behaviour,15,Low Credit Risk,26.15,362,Normal credit monitoring
C0271,Corporate,Infrastructure,South,Net 30,5,399363,217846,54.55,Moderate Credit Utilisation,25,24703678.25,988147.13,5,2019-09-12,2024-12-21,0.01,High Payment Activity,Strong Payment Behaviour,15,Low Credit Risk,25.91,363,Normal credit monitoring
C0045,Corporate,Rental,East,Net 60,4,495460,268927,54.28,Moderate Credit Utilisation,41,44826515.59,1093329.65,5,2019-04-06,2025-02-14,0.01,Very High Payment Activity,Strong Payment Behaviour,15,Low Credit Risk,25.86,365,Normal credit monitoring
C0125,Government,Mining,West,Advance,4,557944,302970,54.3,Moderate Credit Utilisation,31,26450777.42,853250.88,5,2019-04-12,2024-12-20,0.01,High Payment Activity,Strong Payment Behaviour,15,Low Credit Risk,25.86,364,Normal credit monitoring
C0387,Dealer,Infrastructure,East,Net 45,4,111501,60386,54.16,Moderate Credit Utilisation,40,40691730.78,1017293.27,5,2019-02-16,2024-10-30,0.0,Very High Payment Activity,Strong Payment Behaviour,15,Low Credit Risk,25.83,366,Normal credit monitoring
C0230,Dealer,Infrastructure,North,Net 15,5,271689,146416,53.89,Moderate Credit Utilisation,38,53715353.88,1413561.94,5,2019-02-24,2024-11-17,0.0,High Payment Activity,Strong Payment Behaviour,15,Low Credit Risk,25.78,367,Normal credit monitoring
C0316,Dealer,Manufacturing,East,Net 45,4,254996,128290,50.31,Moderate Credit Utilisation,37,38131796.61,1030589.1,5,2019-03-21,2024-11-16,0.0,High Payment Activity,Strong Payment Behaviour,15,Low Credit Risk,25.06,368,Normal credit monitoring
C0294,Government,Infrastructure,South,Net 45,4,826435,405286,49.04,Moderate Credit Utilisation,51,68317802.72,1339564.76,5,2019-05-31,2025-02-09,0.01,Very High Payment Activity,Strong Payment Behaviour,15,Low Credit Risk,24.81,369,Normal credit monitoring
C0347,Retail,Mining,North,Net 45,4,33854,16481,48.68,Moderate Credit Utilisation,24,15489620.15,645400.84,5,2019-04-11,2025-02-11,0.0,Moderate Payment Activity,Moderate Payment Behaviour,15,Low Credit Risk,24.74,370,Normal credit monitoring
C0261,Dealer,Manufacturing,North,Advance,5,164597,79881,48.53,Moderate Credit Utilisation,33,47825043.93,1449243.76,5,2019-06-06,2025-02-05,0.0,High Payment Activity,Strong Payment Behaviour,15,Low Credit Risk,24.71,371,Normal credit monitoring
C0126,Dealer,Manufacturing,South,Net 15,4,473103,222292,46.99,Moderate Credit Utilisation,36,47073219.78,1307589.44,5,2019-03-29,2024-09-22,0.0,High Payment Activity,Strong Payment Behaviour,15,Low Credit Risk,24.4,372,Normal credit monitoring
C0103,Dealer,Infrastructure,South,Net 45,4,167168,77679,46.47,Moderate Credit Utilisation,43,60467623.04,1406223.79,5,2019-03-15,2024-09-21,0.0,Very High Payment Activity,Strong Payment Behaviour,15,Low Credit Risk,24.29,373,Normal credit monitoring
C0461,Corporate,Infrastructure,North,Net 45,5,965128,447317,46.35,Moderate Credit Utilisation,39,49158864.68,1260483.71,5,2019-04-22,2025-01-05,0.01,High Payment Activity,Strong Payment Behaviour,15,Low Credit Risk,24.27,374,Normal credit monitoring
C0061,Dealer,Construction,West,Net 45,4,362037,167542,46.28,Moderate Credit Utilisation,35,30907077.0,883059.34,5,2019-02-14,2024-12-05,0.01,High Payment Activity,Strong Payment Behaviour,15,Low Credit Risk,24.26,375,Normal credit monitoring
C0403,Government,Construction,East,Advance,4,954046,440000,46.12,Moderate Credit Utilisation,46,63268663.68,1375405.73,5,2019-05-30,2025-01-19,0.01,Very High Payment Activity,Strong Payment Behaviour,15,Low Credit Risk,24.22,376,Normal credit monitoring
C0169,Fleet Owner,Construction,West,Net 30,4,693290,315019,45.44,Moderate Credit Utilisation,48,59315176.85,1235732.85,5,2019-04-13,2024-11-26,0.01,Very High Payment Activity,Strong Payment Behaviour,15,Low Credit Risk,24.09,377,Normal credit monitoring
C0102,Government,Infrastructure,East,Net 60,4,1221840,547151,44.78,Moderate Credit Utilisation,39,64854579.31,1662937.93,5,2019-06-05,2024-12-12,0.01,High Payment Activity,Strong Payment Behaviour,15,Low Credit Risk,23.96,379,Normal credit monitoring
C0075,Retail,Mining,South,Net 45,5,27094,12134,44.78,Moderate Credit Utilisation,35,39650752.15,1132878.63,5,2019-06-26,2024-12-20,0.0,High Payment Activity,Strong Payment Behaviour,15,Low Credit Risk,23.96,378,Normal credit monitoring
C0137,Dealer,Infrastructure,South,Net 15,5,257346,114551,44.51,Moderate Credit Utilisation,22,34939014.71,1588137.03,5,2020-06-14,2024-07-25,0.0,Moderate Payment Activity,Moderate Payment Behaviour,15,Low Credit Risk,23.9,380,Normal credit monitoring
C0336,Government,Rental,East,Net 15,5,1317175,577628,43.85,Moderate Credit Utilisation,39,34590231.91,886929.02,5,2019-05-14,2024-11-22,0.02,High Payment Activity,Strong Payment Behaviour,15,Low Credit Risk,23.77,381,Normal credit monitoring
C0328,Government,Rental,East,Net 45,4,1177052,510972,43.41,Moderate Credit Utilisation,39,51607956.65,1323280.94,5,2019-03-27,2025-01-18,0.01,High Payment Activity,Strong Payment Behaviour,15,Low Credit Risk,23.68,382,Normal credit monitoring
C0073,Corporate,Rental,North,Advance,4,740385,319020,43.09,Moderate Credit Utilisation,33,40517015.0,1227788.33,5,2019-05-05,2025-01-08,0.01,High Payment Activity,Strong Payment Behaviour,15,Low Credit Risk,23.62,383,Normal credit monitoring
C0089,Corporate,Rental,West,Net 30,4,930006,400599,43.07,Moderate Credit Utilisation,38,40140897.24,1056339.4,5,2019-02-12,2025-01-04,0.01,High Payment Activity,Strong Payment Behaviour,15,Low Credit Risk,23.61,384,Normal credit monitoring
C0141,Corporate,Rental,West,Net 60,4,742629,317916,42.81,Moderate Credit Utilisation,41,48563278.44,1184470.21,5,2019-10-04,2024-12-31,0.01,Very High Payment Activity,Strong Payment Behaviour,15,Low Credit Risk,23.56,385,Normal credit monitoring
C0462,Retail,Logistics,South,Net 15,5,22565,9458,41.91,Moderate Credit Utilisation,59,70269711.54,1191012.06,5,2019-01-11,2025-02-14,0.0,Very High Payment Activity,Strong Payment Behaviour,15,Low Credit Risk,23.38,386,Normal credit monitoring
C0085,Retail,Mining,South,Net 45,4,18145,7599,41.88,Moderate Credit Utilisation,39,40973888.0,1050612.51,5,2019-01-25,2024-11-02,0.0,High Payment Activity,Strong Payment Behaviour,15,Low Credit Risk,23.38,387,Normal credit monitoring
C0217,Corporate,Infrastructure,North,Net 60,5,777454,325192,41.83,Moderate Credit Utilisation,42,45275492.71,1077987.92,5,2019-03-08,2025-02-13,0.01,Very High Payment Activity,Strong Payment Behaviour,15,Low Credit Risk,23.37,388,Normal credit monitoring
C0239,Government,Logistics,South,Net 60,4,1361502,566279,41.59,Moderate Credit Utilisation,38,39162938.24,1030603.64,5,2019-05-01,2024-12-17,0.01,High Payment Activity,Strong Payment Behaviour,15,Low Credit Risk,23.32,389,Normal credit monitoring
C0275,Fleet Owner,Construction,West,Net 15,5,651275,262408,40.29,Moderate Credit Utilisation,48,54756095.88,1140752.0,5,2019-07-14,2025-02-07,0.0,Very High Payment Activity,Strong Payment Behaviour,15,Low Credit Risk,23.06,390,Normal credit monitoring
C0383,Fleet Owner,Infrastructure,North,Net 15,5,316263,124305,39.3,Moderate Credit Utilisation,46,61381404.28,1334378.35,5,2019-03-18,2025-01-10,0.0,Very High Payment Activity,Strong Payment Behaviour,15,Low Credit Risk,22.86,391,Normal credit monitoring
C0324,Corporate,Mining,South,Net 45,5,384819,150633,39.14,Moderate Credit Utilisation,36,43362818.39,1204522.73,5,2019-03-24,2024-09-26,0.0,High Payment Activity,Strong Payment Behaviour,15,Low Credit Risk,22.83,392,Normal credit monitoring
C0414,Dealer,Construction,South,Net 30,4,252548,96330,38.14,Moderate Credit Utilisation,44,53568504.81,1217466.02,5,2019-03-16,2025-02-27,0.0,Very High Payment Activity,Strong Payment Behaviour,15,Low Credit Risk,22.63,393,Normal credit monitoring
C0010,Dealer,Construction,South,Net 30,5,277717,105625,38.03,Moderate Credit Utilisation,51,46943823.34,920467.12,5,2019-03-21,2025-01-27,0.0,Very High Payment Activity,Strong Payment Behaviour,15,Low Credit Risk,22.61,394,Normal credit monitoring
C0202,Government,Logistics,North,Net 60,4,1402130,532821,38.0,Moderate Credit Utilisation,31,43080132.12,1389681.68,5,2019-11-02,2024-10-18,0.01,High Payment Activity,Strong Payment Behaviour,15,Low Credit Risk,22.6,395,Normal credit monitoring
C0342,Dealer,Infrastructure,North,Net 45,5,104911,39842,37.98,Moderate Credit Utilisation,42,62494996.55,1487976.11,5,2020-03-09,2024-12-15,0.0,Very High Payment Activity,Strong Payment Behaviour,15,Low Credit Risk,22.6,396,Normal credit monitoring
C0458,Dealer,Manufacturing,West,Advance,4,162635,61520,37.83,Moderate Credit Utilisation,39,44912471.76,1151601.84,5,2019-08-22,2025-02-16,0.0,High Payment Activity,Strong Payment Behaviour,15,Low Credit Risk,22.57,397,Normal credit monitoring
C0226,Dealer,Logistics,West,Net 30,5,400547,150512,37.58,Moderate Credit Utilisation,24,36092016.04,1503834.0,5,2019-04-06,2024-10-25,0.0,Moderate Payment Activity,Moderate Payment Behaviour,15,Low Credit Risk,22.52,398,Normal credit monitoring
C0079,Retail,Rental,North,Net 60,5,28890,10702,37.04,Moderate Credit Utilisation,40,48830645.06,1220766.13,5,2019-02-22,2025-01-03,0.0,Very High Payment Activity,Strong Payment Behaviour,15,Low Credit Risk,22.41,399,Normal credit monitoring
C0237,Dealer,Infrastructure,South,Advance,5,488722,178656,36.56,Moderate Credit Utilisation,51,63640224.02,1247847.53,5,2019-02-13,2024-11-02,0.0,Very High Payment Activity,Strong Payment Behaviour,15,Low Credit Risk,22.31,400,Normal credit monitoring
C0193,Dealer,Infrastructure,West,Advance,4,495310,178591,36.06,Moderate Credit Utilisation,49,57470370.91,1172864.71,5,2019-03-11,2024-12-17,0.0,Very High Payment Activity,Strong Payment Behaviour,15,Low Credit Risk,22.21,401,Normal credit monitoring
C0021,Corporate,Mining,South,Net 15,5,856624,298508,34.85,Moderate Credit Utilisation,53,47205105.32,890662.36,5,2019-03-07,2024-12-11,0.01,Very High Payment Activity,Strong Payment Behaviour,15,Low Credit Risk,21.97,402,Normal credit monitoring
C0039,Fleet Owner,Rental,South,Net 30,4,343809,119070,34.63,Moderate Credit Utilisation,47,56593308.02,1204112.94,5,2019-06-23,2025-02-14,0.0,Very High Payment Activity,Strong Payment Behaviour,15,Low Credit Risk,21.93,403,Normal credit monitoring
C0032,Government,Logistics,West,Net 15,5,1262598,420821,33.33,Moderate Credit Utilisation,49,54630229.98,1114902.65,5,2019-02-09,2024-11-20,0.01,Very High Payment Activity,Strong Payment Behaviour,15,Low Credit Risk,21.67,404,Normal credit monitoring
C0435,Dealer,Manufacturing,South,Net 45,4,393189,129432,32.92,Moderate Credit Utilisation,49,61241141.97,1249819.22,5,2019-06-20,2024-12-18,0.0,Very High Payment Activity,Strong Payment Behaviour,15,Low Credit Risk,21.58,405,Normal credit monitoring
C0024,Dealer,Rental,South,Net 60,4,266822,86814,32.54,Moderate Credit Utilisation,51,49968886.31,979782.08,5,2019-02-14,2024-10-03,0.0,Very High Payment Activity,Strong Payment Behaviour,15,Low Credit Risk,21.51,406,Normal credit monitoring
C0274,Dealer,Mining,North,Net 60,3,463140,127143,27.45,Low Credit Utilisation,40,43919869.38,1097996.73,5,2019-02-19,2024-09-07,0.0,Very High Payment Activity,Strong Payment Behaviour,15,Low Credit Risk,20.49,407,Normal credit monitoring
C0058,Retail,Infrastructure,West,Net 15,3,43362,11601,26.75,Low Credit Utilisation,36,39066548.47,1085181.9,5,2019-02-12,2025-01-25,0.0,High Payment Activity,Strong Payment Behaviour,15,Low Credit Risk,20.35,408,Normal credit monitoring
C0233,Government,Logistics,East,Net 45,3,1146772,306186,26.7,Low Credit Utilisation,32,41273658.23,1289801.82,5,2019-06-29,2024-12-05,0.01,High Payment Activity,Strong Payment Behaviour,15,Low Credit Risk,20.34,409,Normal credit monitoring
C0442,Dealer,Logistics,East,Net 15,3,440207,114258,25.96,Low Credit Utilisation,30,39916039.04,1330534.63,5,2019-03-08,2024-12-19,0.0,High Payment Activity,Strong Payment Behaviour,15,Low Credit Risk,20.19,410,Normal credit monitoring
C0267,Fleet Owner,Infrastructure,South,Net 60,3,253236,64982,25.66,Low Credit Utilisation,31,34901461.87,1125853.61,5,2019-04-22,2024-05-23,0.0,High Payment Activity,Strong Payment Behaviour,15,Low Credit Risk,20.13,411,Normal credit monitoring
C0082,Fleet Owner,Manufacturing,West,Net 60,3,432697,104648,24.19,Low Credit Utilisation,45,64495383.71,1433230.75,5,2019-04-29,2025-01-29,0.0,Very High Payment Activity,Strong Payment Behaviour,15,Low Credit Risk,19.84,412,Normal credit monitoring
C0317,Corporate,Manufacturing,South,Net 60,3,228417,52279,22.89,Low Credit Utilisation,31,32004514.4,1032403.69,5,2019-04-01,2025-02-22,0.0,High Payment Activity,Strong Payment Behaviour,15,Low Credit Risk,19.58,413,Normal credit monitoring
C0359,Fleet Owner,Mining,South,Net 45,3,413735,90805,21.95,Low Credit Utilisation,61,68743487.21,1126942.41,5,2019-03-25,2024-11-30,0.0,Very High Payment Activity,Strong Payment Behaviour,15,Low Credit Risk,19.39,414,Normal credit monitoring
C0057,Retail,Logistics,East,Net 45,3,23289,4934,21.19,Low Credit Utilisation,27,33282325.56,1232678.72,5,2019-05-23,2024-11-08,0.0,High Payment Activity,Strong Payment Behaviour,15,Low Credit Risk,19.24,415,Normal credit monitoring
C0393,Retail,Rental,East,Net 15,3,41273,8717,21.12,Low Credit Utilisation,37,39855827.38,1077184.52,5,2019-04-29,2025-02-07,0.0,High Payment Activity,Strong Payment Behaviour,15,Low Credit Risk,19.22,416,Normal credit monitoring
C0159,Dealer,Construction,South,Net 45,3,332595,67368,20.26,Low Credit Utilisation,46,44650451.81,970662.0,5,2019-02-21,2025-02-22,0.0,Very High Payment Activity,Strong Payment Behaviour,15,Low Credit Risk,19.05,417,Normal credit monitoring
C0095,Fleet Owner,Logistics,West,Net 45,3,207876,37163,17.88,Low Credit Utilisation,32,55973792.19,1749181.01,5,2019-07-18,2025-01-16,0.0,High Payment Activity,Strong Payment Behaviour,15,Low Credit Risk,18.58,418,Normal credit monitoring
C0046,Retail,Rental,West,Net 45,3,14743,2408,16.33,Low Credit Utilisation,52,71903718.63,1382763.82,5,2019-03-14,2025-01-02,0.0,Very High Payment Activity,Strong Payment Behaviour,15,Low Credit Risk,18.27,419,Normal credit monitoring
C0070,Government,Logistics,West,Net 30,3,549454,84153,15.32,Low Credit Utilisation,41,64086838.25,1563093.62,5,2019-02-24,2025-02-01,0.0,Very High Payment Activity,Strong Payment Behaviour,15,Low Credit Risk,18.06,420,Normal credit monitoring
C0384,Retail,Construction,South,Net 45,3,30122,4580,15.2,Low Credit Utilisation,41,48635673.97,1186235.95,5,2019-02-23,2024-10-21,0.0,Very High Payment Activity,Strong Payment Behaviour,15,Low Credit Risk,18.04,421,Normal credit monitoring
C0305,Fleet Owner,Logistics,North,Net 15,3,702965,105968,15.07,Low Credit Utilisation,32,43621140.5,1363160.64,5,2019-05-28,2024-12-17,0.0,High Payment Activity,Strong Payment Behaviour,15,Low Credit Risk,18.01,422,Normal credit monitoring
C0437,Dealer,Mining,West,Net 30,3,235226,34472,14.65,Low Credit Utilisation,35,40728854.36,1163681.55,5,2019-03-22,2025-02-11,0.0,High Payment Activity,Strong Payment Behaviour,15,Low Credit Risk,17.93,423,Normal credit monitoring
C0453,Dealer,Mining,East,Net 30,3,158610,20082,12.66,Low Credit Utilisation,32,42268937.27,1320904.29,5,2019-05-29,2025-01-06,0.0,High Payment Activity,Strong Payment Behaviour,15,Low Credit Risk,17.53,424,Normal credit monitoring
C0303,Corporate,Mining,West,Net 45,3,323564,38655,11.95,Low Credit Utilisation,32,26803723.39,837616.36,5,2019-06-04,2025-02-02,0.0,High Payment Activity,Strong Payment Behaviour,15,Low Credit Risk,17.39,425,Normal credit monitoring
C0100,Government,Construction,North,Net 30,3,504876,56494,11.19,Low Credit Utilisation,39,31163607.17,799066.85,5,2019-05-02,2024-10-17,0.0,High Payment Activity,Strong Payment Behaviour,15,Low Credit Risk,17.24,426,Normal credit monitoring
C0474,Government,Logistics,West,Net 45,3,697497,64747,9.28,Low Credit Utilisation,38,41648070.08,1096001.84,5,2019-02-16,2024-12-22,0.0,High Payment Activity,Strong Payment Behaviour,15,Low Credit Risk,16.86,427,Normal credit monitoring
C0229,Government,Mining,East,Net 45,3,543686,47129,8.67,Low Credit Utilisation,29,31904355.7,1100150.2,5,2019-05-21,2025-01-06,0.0,High Payment Activity,Strong Payment Behaviour,15,Low Credit Risk,16.73,428,Normal credit monitoring
C0242,Government,Construction,South,Advance,3,568255,46526,8.19,Low Credit Utilisation,53,54457610.94,1027502.09,5,2019-04-15,2024-12-07,0.0,Very High Payment Activity,Strong Payment Behaviour,15,Low Credit Risk,16.64,429,Normal credit monitoring
C0288,Dealer,Infrastructure,North,Net 30,3,279745,19656,7.03,Low Credit Utilisation,57,72443467.1,1270938.02,5,2019-04-15,2024-12-27,0.0,Very High Payment Activity,Strong Payment Behaviour,15,Low Credit Risk,16.41,430,Normal credit monitoring
C0184,Retail,Rental,South,Net 15,3,47652,2668,5.6,Low Credit Utilisation,26,45056185.73,1732930.22,5,2019-06-27,2025-02-15,0.0,High Payment Activity,Strong Payment Behaviour,15,Low Credit Risk,16.12,431,Normal credit monitoring
C0086,Retail,Construction,West,Net 60,3,32547,1770,5.44,Low Credit Utilisation,31,49122280.94,1584589.71,5,2019-03-07,2025-01-03,0.0,High Payment Activity,Strong Payment Behaviour,15,Low Credit Risk,16.09,432,Normal credit monitoring
C0111,Corporate,Construction,South,Net 15,3,332240,18012,5.42,Low Credit Utilisation,35,41816917.04,1194769.06,5,2019-07-25,2025-01-29,0.0,High Payment Activity,Strong Payment Behaviour,15,Low Credit Risk,16.08,433,Normal credit monitoring
C0476,Fleet Owner,Infrastructure,North,Net 60,3,209985,8474,4.04,Low Credit Utilisation,42,67496587.8,1607061.61,5,2019-02-25,2024-11-01,0.0,Very High Payment Activity,Strong Payment Behaviour,15,Low Credit Risk,15.81,434,Normal credit monitoring
C0399,Fleet Owner,Rental,South,Advance,3,384480,12371,3.22,Low Credit Utilisation,40,43045049.39,1076126.23,5,2019-03-03,2025-03-06,0.0,Very High Payment Activity,Strong Payment Behaviour,15,Low Credit Risk,15.64,435,Normal credit monitoring
C0498,Fleet Owner,Construction,East,Net 30,3,502514,14738,2.93,Low Credit Utilisation,29,58050774.7,2001750.85,5,2019-04-25,2024-09-05,0.0,High Payment Activity,Strong Payment Behaviour,15,Low Credit Risk,15.59,436,Normal credit monitoring
C0454,Government,Mining,West,Net 15,3,797861,13824,1.73,Low Credit Utilisation,33,30985080.07,938941.82,5,2019-03-19,2025-01-10,0.0,High Payment Activity,Strong Payment Behaviour,15,Low Credit Risk,15.35,437,Normal credit monitoring
C0427,Corporate,Mining,West,Net 60,3,334941,5247,1.57,Low Credit Utilisation,45,39604608.77,880102.42,5,2019-02-18,2024-12-29,0.0,Very High Payment Activity,Strong Payment Behaviour,15,Low Credit Risk,15.31,438,Normal credit monitoring
C0171,Fleet Owner,Construction,South,Net 15,3,687863,7826,1.14,Low Credit Utilisation,35,48082663.4,1373790.38,5,2019-06-20,2024-10-10,0.0,High Payment Activity,Strong Payment Behaviour,15,Low Credit Risk,15.23,439,Normal credit monitoring
C0371,Retail,Rental,South,Net 15,3,20028,141,0.7,Low Credit Utilisation,58,70209953.37,1210516.44,5,2019-01-09,2025-01-03,0.0,Very High Payment Activity,Strong Payment Behaviour,15,Low Credit Risk,15.14,440,Normal credit monitoring
C0420,Retail,Rental,South,Net 30,3,44758,199,0.44,Low Credit Utilisation,52,80773000.64,1553326.94,5,2019-04-15,2025-01-30,0.0,Very High Payment Activity,Strong Payment Behaviour,15,Low Credit Risk,15.09,441,Normal credit monitoring
C0330,Retail,Infrastructure,East,Net 30,3,41835,63,0.15,Low Credit Utilisation,43,46905272.01,1090820.28,5,2019-04-06,2024-10-13,0.0,Very High Payment Activity,Strong Payment Behaviour,15,Low Credit Risk,15.03,442,Normal credit monitoring
C0404,Government,Mining,West,Net 30,5,1177246,346690,29.45,Low Credit Utilisation,39,36464064.6,934976.02,5,2019-02-26,2025-02-14,0.01,High Payment Activity,Strong Payment Behaviour,0,Low Credit Risk,5.89,443,Normal credit monitoring
C0251,Dealer,Mining,North,Advance,4,325375,94574,29.07,Low Credit Utilisation,41,59003196.37,1439102.35,5,2019-02-23,2024-09-26,0.0,Very High Payment Activity,Strong Payment Behaviour,0,Low Credit Risk,5.81,444,Normal credit monitoring
C0019,Government,Logistics,East,Net 15,5,678408,196058,28.9,Low Credit Utilisation,46,40704326.15,884876.66,5,2019-01-30,2025-01-06,0.0,Very High Payment Activity,Strong Payment Behaviour,0,Low Credit Risk,5.78,445,Normal credit monitoring
C0266,Fleet Owner,Rental,South,Advance,4,196336,54211,27.61,Low Credit Utilisation,41,42793138.67,1043735.09,5,2019-03-20,2024-12-11,0.0,Very High Payment Activity,Strong Payment Behaviour,0,Low Credit Risk,5.52,446,Normal credit monitoring
C0129,Corporate,Mining,North,Net 45,5,902420,248703,27.56,Low Credit Utilisation,35,55943285.25,1598379.58,5,2019-06-23,2024-11-07,0.0,High Payment Activity,Strong Payment Behaviour,0,Low Credit Risk,5.51,447,Normal credit monitoring
C0031,Government,Mining,East,Advance,4,661950,182414,27.56,Low Credit Utilisation,44,41259692.67,937720.29,5,2019-05-06,2024-10-11,0.0,Very High Payment Activity,Strong Payment Behaviour,0,Low Credit Risk,5.51,448,Normal credit monitoring
C0148,Government,Construction,South,Net 15,4,1202629,329492,27.4,Low Credit Utilisation,45,48081349.03,1068474.42,5,2019-02-24,2025-01-04,0.01,Very High Payment Activity,Strong Payment Behaviour,0,Low Credit Risk,5.48,449,Normal credit monitoring
C0298,Fleet Owner,Construction,South,Advance,4,229813,62180,27.06,Low Credit Utilisation,38,39420948.24,1037393.37,5,2019-02-03,2025-01-03,0.0,High Payment Activity,Strong Payment Behaviour,0,Low Credit Risk,5.41,450,Normal credit monitoring
C0386,Retail,Construction,North,Net 30,4,31717,8568,27.01,Low Credit Utilisation,30,44086690.72,1469556.36,5,2019-05-28,2024-12-26,0.0,High Payment Activity,Strong Payment Behaviour,0,Low Credit Risk,5.4,452,Normal credit monitoring
C0035,Dealer,Infrastructure,Central,Net 60,4,333126,90011,27.02,Low Credit Utilisation,48,39286400.21,818466.67,5,2019-02-09,2025-01-06,0.0,Very High Payment Activity,Strong Payment Behaviour,0,Low Credit Risk,5.4,451,Normal credit monitoring
C0456,Corporate,Mining,North,Advance,4,265102,71426,26.94,Low Credit Utilisation,27,29232924.61,1082700.91,5,2019-04-05,2024-11-23,0.0,High Payment Activity,Strong Payment Behaviour,0,Low Credit Risk,5.39,453,Normal credit monitoring
C0496,Government,Infrastructure,East,Net 15,5,993386,256383,25.81,Low Credit Utilisation,39,37763761.17,968301.57,5,2019-05-03,2025-02-05,0.01,High Payment Activity,Strong Payment Behaviour,0,Low Credit Risk,5.16,454,Normal credit monitoring
C0440,Retail,Manufacturing,South,Net 30,5,17475,3995,22.86,Low Credit Utilisation,46,69184514.55,1504011.19,5,2019-03-22,2024-12-14,0.0,Very High Payment Activity,Strong Payment Behaviour,0,Low Credit Risk,4.57,455,Normal credit monitoring
C0065,Corporate,Mining,West,Net 15,4,464475,104333,22.46,Low Credit Utilisation,46,47974514.67,1042924.23,5,2019-02-04,2025-02-11,0.0,Very High Payment Activity,Strong Payment Behaviour,0,Low Credit Risk,4.49,456,Normal credit monitoring
C0319,Dealer,Mining,South,Net 30,5,396406,88680,22.37,Low Credit Utilisation,26,33637532.52,1293751.25,5,2019-07-01,2025-02-08,0.0,High Payment Activity,Strong Payment Behaviour,0,Low Credit Risk,4.47,457,Normal credit monitoring
C0439,Dealer,Construction,South,Net 30,5,280679,62281,22.19,Low Credit Utilisation,40,38133744.71,953343.62,5,2019-04-17,2025-01-17,0.0,Very High Payment Activity,Strong Payment Behaviour,0,Low Credit Risk,4.44,458,Normal credit monitoring
C0120,Fleet Owner,Construction,South,Net 30,5,416429,90596,21.76,Low Credit Utilisation,34,41695943.75,1226351.29,5,2019-03-01,2025-01-22,0.0,High Payment Activity,Strong Payment Behaviour,0,Low Credit Risk,4.35,459,Normal credit monitoring
C0165,Fleet Owner,Manufacturing,North,Net 60,4,364580,79115,21.7,Low Credit Utilisation,56,61494409.67,1098114.46,5,2019-10-09,2025-03-20,0.0,Very High Payment Activity,Strong Payment Behaviour,0,Low Credit Risk,4.34,460,Normal credit monitoring
C0189,Government,Manufacturing,South,Net 60,4,1168432,250217,21.41,Low Credit Utilisation,35,50017898.65,1429082.82,5,2019-04-08,2024-12-20,0.01,High Payment Activity,Strong Payment Behaviour,0,Low Credit Risk,4.28,461,Normal credit monitoring
C0471,Fleet Owner,Logistics,West,Advance,5,601565,128183,21.31,Low Credit Utilisation,43,47041566.9,1093989.93,5,2019-04-17,2025-01-17,0.0,Very High Payment Activity,Strong Payment Behaviour,0,Low Credit Risk,4.26,462,Normal credit monitoring
C0334,Corporate,Mining,South,Net 15,5,681229,142562,20.93,Low Credit Utilisation,31,25744415.5,830465.02,5,2019-01-16,2024-11-24,0.01,High Payment Activity,Strong Payment Behaviour,0,Low Credit Risk,4.19,463,Normal credit monitoring
C0118,Retail,Rental,South,Net 60,4,40651,8239,20.27,Low Credit Utilisation,33,30991967.86,939150.54,5,2019-04-08,2025-01-29,0.0,High Payment Activity,Strong Payment Behaviour,0,Low Credit Risk,4.05,464,Normal credit monitoring
C0016,Government,Rental,East,Net 45,4,1033243,195540,18.92,Low Credit Utilisation,39,56831114.49,1457208.06,5,2019-02-11,2024-12-28,0.0,High Payment Activity,Strong Payment Behaviour,0,Low Credit Risk,3.78,465,Normal credit monitoring
C0215,Corporate,Rental,South,Net 15,5,647280,121034,18.7,Low Credit Utilisation,48,60551830.31,1261496.46,5,2019-04-20,2025-02-17,0.0,Very High Payment Activity,Strong Payment Behaviour,0,Low Credit Risk,3.74,466,Normal credit monitoring
C0105,Government,Logistics,North,Net 60,4,1275897,228879,17.94,Low Credit Utilisation,38,45947369.74,1209141.31,5,2019-09-22,2025-02-01,0.0,High Payment Activity,Strong Payment Behaviour,0,Low Credit Risk,3.59,467,Normal credit monitoring
C0156,Government,Manufacturing,South,Net 15,5,1032586,173071,16.76,Low Credit Utilisation,41,52071380.31,1270033.67,5,2019-01-30,2024-11-06,0.0,Very High Payment Activity,Strong Payment Behaviour,0,Low Credit Risk,3.35,468,Normal credit monitoring
C0278,Fleet Owner,Logistics,West,Net 45,4,312177,50733,16.25,Low Credit Utilisation,36,35815982.63,994888.41,5,2019-10-16,2025-01-17,0.0,High Payment Activity,Strong Payment Behaviour,0,Low Credit Risk,3.25,469,Normal credit monitoring
C0281,Government,Logistics,South,Net 60,4,1088567,176124,16.18,Low Credit Utilisation,33,38936345.76,1179889.27,5,2019-08-12,2024-07-16,0.0,High Payment Activity,Strong Payment Behaviour,0,Low Credit Risk,3.24,471,Normal credit monitoring
C0472,Dealer,Manufacturing,South,Net 45,4,475653,77024,16.19,Low Credit Utilisation,35,41365841.06,1181881.17,5,2019-06-15,2025-01-14,0.0,High Payment Activity,Strong Payment Behaviour,0,Low Credit Risk,3.24,470,Normal credit monitoring
C0260,Dealer,Logistics,South,Net 45,5,127019,19787,15.58,Low Credit Utilisation,35,52539260.77,1501121.74,5,2019-09-29,2024-11-16,0.0,High Payment Activity,Strong Payment Behaviour,0,Low Credit Risk,3.12,472,Normal credit monitoring
C0374,Corporate,Manufacturing,West,Net 30,5,309830,45731,14.76,Low Credit Utilisation,47,58791283.61,1250878.37,5,2019-04-30,2025-02-06,0.0,Very High Payment Activity,Strong Payment Behaviour,0,Low Credit Risk,2.95,473,Normal credit monitoring
C0114,Retail,Mining,East,Net 30,4,42285,6186,14.63,Low Credit Utilisation,39,37525227.24,962185.31,5,2019-03-12,2024-10-25,0.0,High Payment Activity,Strong Payment Behaviour,0,Low Credit Risk,2.93,474,Normal credit monitoring
C0011,Retail,Infrastructure,West,Net 60,4,29130,4200,14.42,Low Credit Utilisation,50,43845272.21,876905.44,5,2019-02-01,2025-01-25,0.0,Very High Payment Activity,Strong Payment Behaviour,0,Low Credit Risk,2.88,475,Normal credit monitoring
C0151,Government,Infrastructure,East,Net 45,5,1163117,166210,14.29,Low Credit Utilisation,27,28000893.78,1037070.14,5,2019-05-25,2024-12-19,0.01,High Payment Activity,Strong Payment Behaviour,0,Low Credit Risk,2.86,476,Normal credit monitoring
C0238,Corporate,Construction,South,Net 15,5,299342,40569,13.55,Low Credit Utilisation,29,27175717.17,937093.7,5,2019-03-12,2024-05-04,0.0,High Payment Activity,Strong Payment Behaviour,0,Low Credit Risk,2.71,477,Normal credit monitoring
C0231,Government,Infrastructure,West,Net 15,4,903218,113383,12.55,Low Credit Utilisation,34,45219247.03,1329977.85,5,2019-03-18,2024-12-01,0.0,High Payment Activity,Strong Payment Behaviour,0,Low Credit Risk,2.51,478,Normal credit monitoring
C0162,Retail,Mining,East,Net 15,4,21937,2738,12.48,Low Credit Utilisation,33,53917440.11,1633861.82,5,2019-09-14,2024-11-29,0.0,High Payment Activity,Strong Payment Behaviour,0,Low Credit Risk,2.5,479,Normal credit monitoring
C0119,Government,Manufacturing,West,Net 60,4,1079453,124485,11.53,Low Credit Utilisation,56,48204911.17,860801.99,5,2019-04-11,2025-01-22,0.0,Very High Payment Activity,Strong Payment Behaviour,0,Low Credit Risk,2.31,480,Normal credit monitoring
C0467,Retail,Construction,North,Net 15,5,10621,1167,10.99,Low Credit Utilisation,53,53394058.41,1007435.06,5,2019-02-10,2024-11-19,0.0,Very High Payment Activity,Strong Payment Behaviour,0,Low Credit Risk,2.2,481,Normal credit monitoring
C0053,Fleet Owner,Construction,North,Net 60,5,406292,44107,10.86,Low Credit Utilisation,29,36250129.96,1250004.48,5,2019-02-10,2024-10-11,0.0,High Payment Activity,Strong Payment Behaviour,0,Low Credit Risk,2.17,482,Normal credit monitoring
C0280,Corporate,Construction,West,Advance,4,252022,26117,10.36,Low Credit Utilisation,47,48226068.25,1026086.56,5,2019-01-25,2024-12-27,0.0,Very High Payment Activity,Strong Payment Behaviour,0,Low Credit Risk,2.07,483,Normal credit monitoring
C0099,Fleet Owner,Rental,South,Advance,4,601814,62089,10.32,Low Credit Utilisation,49,46223461.01,943335.94,5,2019-02-05,2025-01-27,0.0,Very High Payment Activity,Strong Payment Behaviour,0,Low Credit Risk,2.06,484,Normal credit monitoring
C0221,Dealer,Logistics,North,Net 45,5,244567,24830,10.15,Low Credit Utilisation,46,72179360.55,1569116.53,5,2019-03-11,2024-07-15,0.0,Very High Payment Activity,Strong Payment Behaviour,0,Low Credit Risk,2.03,485,Normal credit monitoring
C0499,Corporate,Construction,East,Advance,5,598104,54844,9.17,Low Credit Utilisation,41,50256522.09,1225768.83,5,2019-03-03,2024-09-28,0.0,Very High Payment Activity,Strong Payment Behaviour,0,Low Credit Risk,1.83,486,Normal credit monitoring
C0255,Retail,Infrastructure,South,Net 15,4,22302,1943,8.71,Low Credit Utilisation,51,59702593.73,1170639.09,5,2019-02-27,2024-12-08,0.0,Very High Payment Activity,Strong Payment Behaviour,0,Low Credit Risk,1.74,487,Normal credit monitoring
C0428,Retail,Construction,North,Net 60,4,39509,3190,8.07,Low Credit Utilisation,50,54225135.36,1084502.71,5,2019-02-26,2024-10-09,0.0,Very High Payment Activity,Strong Payment Behaviour,0,Low Credit Risk,1.61,488,Normal credit monitoring
C0309,Government,Manufacturing,West,Net 45,4,618080,43088,6.97,Low Credit Utilisation,34,32081157.14,943563.45,5,2019-04-03,2025-01-22,0.0,High Payment Activity,Strong Payment Behaviour,0,Low Credit Risk,1.39,489,Normal credit monitoring
C0311,Government,Infrastructure,North,Net 45,4,1148922,76276,6.64,Low Credit Utilisation,39,51253301.64,1314187.22,5,2019-03-16,2024-11-11,0.0,High Payment Activity,Strong Payment Behaviour,0,Low Credit Risk,1.33,490,Normal credit monitoring
C0256,Corporate,Infrastructure,North East,Net 45,4,930018,60762,6.53,Low Credit Utilisation,35,50136320.25,1432466.29,5,2019-02-10,2024-11-28,0.0,High Payment Activity,Strong Payment Behaviour,0,Low Credit Risk,1.31,491,Normal credit monitoring
C0366,Corporate,Logistics,East,Advance,4,429866,27962,6.5,Low Credit Utilisation,29,34164084.13,1178071.87,5,2019-05-03,2024-12-02,0.0,High Payment Activity,Strong Payment Behaviour,0,Low Credit Risk,1.3,492,Normal credit monitoring
C0463,Dealer,Mining,West,Net 15,4,325255,17271,5.31,Low Credit Utilisation,37,37064753.93,1001750.11,5,2019-02-23,2024-09-28,0.0,High Payment Activity,Strong Payment Behaviour,0,Low Credit Risk,1.06,493,Normal credit monitoring
C0074,Fleet Owner,Infrastructure,East,Net 60,5,259356,11327,4.37,Low Credit Utilisation,43,39296687.46,913876.45,5,2019-02-28,2025-01-26,0.0,Very High Payment Activity,Strong Payment Behaviour,0,Low Credit Risk,0.87,494,Normal credit monitoring
C0043,Corporate,Construction,South,Net 30,4,387054,12548,3.24,Low Credit Utilisation,39,37201563.27,953886.24,5,2019-05-03,2024-08-05,0.0,High Payment Activity,Strong Payment Behaviour,0,Low Credit Risk,0.65,495,Normal credit monitoring
C0248,Fleet Owner,Rental,West,Net 30,5,635210,15754,2.48,Low Credit Utilisation,33,34719958.37,1052119.95,5,2019-02-07,2024-12-16,0.0,High Payment Activity,Strong Payment Behaviour,0,Low Credit Risk,0.5,496,Normal credit monitoring
C0051,Retail,Infrastructure,North,Net 45,4,40307,777,1.93,Low Credit Utilisation,38,48021535.33,1263724.61,5,2019-03-11,2024-12-19,0.0,High Payment Activity,Strong Payment Behaviour,0,Low Credit Risk,0.39,497,Normal credit monitoring
C0026,Fleet Owner,Mining,North,Net 60,5,172621,3188,1.85,Low Credit Utilisation,36,54537156.47,1514921.01,5,2019-02-19,2025-02-11,0.0,High Payment Activity,Strong Payment Behaviour,0,Low Credit Risk,0.37,498,Normal credit monitoring
C0301,Dealer,Mining,East,Advance,5,388632,1511,0.39,Low Credit Utilisation,54,54606574.93,1011232.87,5,2019-01-27,2025-03-01,0.0,Very High Payment Activity,Strong Payment Behaviour,0,Low Credit Risk,0.08,499,Normal credit monitoring
C0097,Corporate,Construction,West,Net 15,5,351063,253,0.07,Low Credit Utilisation,28,37025357.45,1322334.19,5,2019-04-09,2025-01-02,0.0,High Payment Activity,Strong Payment Behaviour,0,Low Credit Risk,0.01,500,Normal credit monitoring
