customer_id,customer_type,industry_segment,region,first_purchase_date,last_purchase_date,delivered_order_count,total_revenue,average_order_value,customer_lifetime_days,customer_lifetime_years,orders_per_year,days_since_last_purchase,churn_status,churn_risk_score,churn_risk_class,revenue_at_risk,churn_priority_score,churn_priority_class
C0001,Retail,Construction,East,2019-01-26,2024-11-15,34,55019747.4,1618227.8647058823,2120,5.804243668720055,5.8577830188679245,47,Active Customer,0,Low Churn Risk,0.0,16.28,Low Retention Priority
C0002,Fleet Owner,Manufacturing,South,2019-01-24,2024-09-07,51,71712838.0,1406134.0784313725,2053,5.620807665982204,9.073429128105213,116,At Risk,40,Moderate Churn Risk,71712838.0,59.91,High Retention Priority
C0003,Government,Logistics,West,2019-04-05,2024-10-30,38,44728031.8,1177053.4684210524,2035,5.5715263518138265,6.82039312039312,63,At Risk,40,Moderate Churn Risk,44728031.8,37.32,Medium Retention Priority
C0004,Fleet Owner,Logistics,South,2019-03-21,2024-12-31,46,60843242.8,1322679.1913043477,2112,5.782340862422998,7.955255681818182,1,Active Customer,0,Low Churn Risk,0.0,29.23,Low Retention Priority
C0005,Dealer,Construction,West,2019-02-28,2024-10-04,45,74996415.4,1666587.008888889,2045,5.598904859685147,8.037286063569683,89,At Risk,40,Moderate Churn Risk,74996415.4,60.0,High Retention Priority
C0006,Government,Construction,West,2019-06-05,2024-09-02,40,65482805.4,1637070.135,1916,5.245722108145106,7.625260960334029,121,Churn Risk,70,High Churn Risk,65482805.4,71.76,High Retention Priority
C0007,Corporate,Manufacturing,West,2019-05-08,2024-11-03,31,36509378.2,1177721.8774193549,2006,5.492128678986996,5.6444416749750745,59,Active Customer,0,Low Churn Risk,0.0,3.9,Low Retention Priority
C0008,Corporate,Logistics,West,2019-03-04,2024-07-16,34,48368868.0,1422613.7647058824,1961,5.368925393566051,6.332738398776135,169,Churn Risk,70,High Churn Risk,48368868.0,53.94,High Retention Priority
C0009,Corporate,Rental,West,2019-04-14,2024-11-04,34,68836324.8,2024597.788235294,2031,5.560574948665297,6.114475627769572,58,Active Customer,0,Low Churn Risk,0.0,25.88,Low Retention Priority
C0010,Dealer,Construction,South,2019-01-23,2024-11-27,46,63051038.4,1370674.7478260868,2135,5.845311430527036,7.869555035128806,35,Active Customer,0,Low Churn Risk,0.0,30.83,Low Retention Priority
C0011,Retail,Infrastructure,West,2019-01-03,2024-11-22,41,57187490.8,1394816.8487804877,2150,5.886379192334018,6.965232558139535,40,Active Customer,0,Low Churn Risk,0.0,24.0,Low Retention Priority
C0012,Fleet Owner,Logistics,South,2019-01-28,2024-10-10,37,53404468.4,1443364.0108108108,2082,5.700205338809035,6.49099423631124,83,At Risk,40,Moderate Churn Risk,53404468.4,41.99,Medium Retention Priority
C0013,Dealer,Construction,West,2019-01-02,2024-10-27,44,76843692.4,1746447.5545454547,2125,5.817932922655715,7.562823529411765,66,At Risk,40,Moderate Churn Risk,76843692.4,59.95,High Retention Priority
C0014,Fleet Owner,Construction,East,2019-03-05,2024-12-21,27,41523847.6,1537920.2814814816,2118,5.798767967145791,4.656161473087819,11,Active Customer,0,Low Churn Risk,0.0,2.76,Low Retention Priority
C0015,Government,Rental,West,2019-02-18,2024-11-16,34,61028370.8,1794952.0823529412,2098,5.7440109514031485,5.919208770257388,46,Active Customer,0,Low Churn Risk,0.0,21.38,Low Retention Priority
C0016,Government,Rental,East,2019-01-18,2024-12-18,35,70872336.2,2024923.8914285714,2161,5.916495550992471,5.915664044423878,14,Active Customer,0,Low Churn Risk,0.0,27.78,Low Retention Priority
C0017,Government,Infrastructure,South,2019-01-31,2024-12-21,39,59194497.0,1517807.6153846155,2151,5.88911704312115,6.622384937238493,11,Active Customer,0,Low Churn Risk,0.0,24.56,Low Retention Priority
C0018,Retail,Construction,West,2019-06-10,2024-11-14,31,49286607.8,1589890.5741935482,1984,5.431895961670089,5.70703125,48,Active Customer,0,Low Churn Risk,0.0,9.65,Low Retention Priority
C0019,Government,Logistics,East,2019-01-19,2024-12-10,37,42528118.4,1149408.6054054054,2152,5.891854893908282,6.27985594795539,22,Active Customer,0,Low Churn Risk,0.0,11.54,Low Retention Priority
C0020,Dealer,Logistics,East,2019-01-26,2024-10-17,37,42586254.6,1150979.854054054,2091,5.724845995893224,6.4630559540889525,76,At Risk,40,Moderate Churn Risk,42586254.6,35.64,Medium Retention Priority
C0021,Corporate,Mining,South,2019-01-16,2024-10-01,45,59956738.4,1332371.9644444445,2085,5.708418891170431,7.883093525179857,92,At Risk,40,Moderate Churn Risk,59956738.4,51.95,Medium Retention Priority
C0022,Retail,Infrastructure,South,2019-01-13,2024-11-06,38,56759064.0,1493659.5789473683,2124,5.815195071868583,6.534604519774011,56,Active Customer,0,Low Churn Risk,0.0,21.47,Low Retention Priority
C0023,Corporate,Mining,South,2019-01-05,2024-12-27,32,58217713.2,1819303.5375,2183,5.976728268309377,5.354099862574439,5,Active Customer,0,Low Churn Risk,0.0,17.22,Low Retention Priority
C0024,Dealer,Rental,South,2019-01-22,2024-09-17,44,60658309.2,1378597.9363636365,2065,5.653661875427789,7.782566585956416,106,At Risk,40,Moderate Churn Risk,60658309.2,52.25,Medium Retention Priority
C0025,Corporate,Infrastructure,West,2019-01-29,2024-08-18,38,70349653.0,1851306.6578947369,2028,5.552361396303901,6.843934911242604,136,Churn Risk,70,High Churn Risk,70349653.0,72.62,Critical Retention Priority
C0026,Fleet Owner,Mining,North,2019-01-09,2024-12-29,36,60554977.0,1682082.6944444445,2181,5.971252566735113,6.02888583218707,3,Active Customer,0,Low Churn Risk,0.0,23.0,Low Retention Priority
C0027,Fleet Owner,Logistics,West,2019-03-25,2024-12-26,39,54309976.4,1392563.4974358974,2103,5.757700205338809,6.773537803138374,6,Active Customer,0,Low Churn Risk,0.0,20.4,Low Retention Priority
C0028,Retail,Infrastructure,South,2019-01-22,2024-11-13,29,38208624.0,1317538.7586206896,2122,5.809719370294319,4.991635249764373,49,Active Customer,0,Low Churn Risk,0.0,2.88,Low Retention Priority
C0029,Dealer,Construction,South,2019-01-16,2024-06-30,38,58176890.6,1530970.805263158,1992,5.453798767967146,6.967620481927711,185,Churned Customer,100,Critical Churn Risk,58176890.6,82.96,High Retention Priority
C0030,Corporate,Construction,South,2019-01-30,2024-09-02,32,58263942.8,1820748.2125,2042,5.590691307323751,5.723800195886386,121,Churn Risk,70,High Churn Risk,58263942.8,59.32,High Retention Priority
C0031,Government,Mining,East,2019-04-11,2024-08-13,34,50500841.8,1485318.8764705881,1951,5.341546885694729,6.365197334700154,141,Churn Risk,70,High Churn Risk,50500841.8,55.44,High Retention Priority
C0032,Government,Logistics,West,2019-01-23,2024-10-25,44,71991263.0,1636165.0681818181,2102,5.754962354551677,7.645575642245481,68,At Risk,40,Moderate Churn Risk,71991263.0,58.4,High Retention Priority
C0033,Government,Mining,South,2019-03-05,2024-12-12,30,49354094.2,1645136.4733333334,2109,5.774127310061601,5.195590327169275,20,Active Customer,0,Low Churn Risk,0.0,8.94,Low Retention Priority
C0034,Government,Construction,West,2019-01-05,2024-10-06,32,42477752.2,1327429.75625,2101,5.752224503764545,5.563065207044264,87,At Risk,40,Moderate Churn Risk,42477752.2,30.46,Medium Retention Priority
C0035,Dealer,Infrastructure,Central,2019-01-07,2024-11-12,38,53340276.800000004,1403691.494736842,2136,5.848049281314168,6.497893258426966,50,Active Customer,0,Low Churn Risk,0.0,18.76,Low Retention Priority
C0036,Fleet Owner,Construction,East,2019-06-26,2024-12-18,31,48929201.8,1578361.3483870968,2002,5.4811772758384665,5.655719280719281,14,Active Customer,0,Low Churn Risk,0.0,9.4,Low Retention Priority
C0037,Corporate,Construction,West,2019-06-12,2024-10-25,36,45505928.0,1264053.5555555555,1962,5.371663244353183,6.701834862385321,68,At Risk,40,Moderate Churn Risk,45505928.0,35.84,Medium Retention Priority
C0038,Fleet Owner,Rental,North,2019-01-08,2024-11-29,36,57808311.2,1605786.4222222222,2152,5.891854893908282,6.110130111524164,33,Active Customer,0,Low Churn Risk,0.0,20.6,Low Retention Priority
C0039,Fleet Owner,Rental,South,2019-04-17,2024-11-28,38,62706510.2,1650171.3210526316,2052,5.618069815195072,6.763888888888889,34,Active Customer,0,Low Churn Risk,0.0,26.52,Low Retention Priority
C0040,Government,Logistics,North,2019-02-23,2024-12-21,43,53757984.6,1250185.688372093,2128,5.8261464750171115,7.380521616541354,11,Active Customer,0,Low Churn Risk,0.0,22.06,Low Retention Priority
C0041,Government,Rental,South,2019-01-11,2024-06-11,38,68044561.6,1790646.3578947366,1978,5.415468856947296,7.016936299292215,204,Churned Customer,100,Critical Churn Risk,68044561.6,89.36,Critical Retention Priority
C0042,Fleet Owner,Rental,South,2019-01-25,2024-10-13,41,73882726.2,1802017.712195122,2088,5.716632443531828,7.172054597701149,80,At Risk,40,Moderate Churn Risk,73882726.2,58.05,High Retention Priority
C0043,Corporate,Construction,South,2019-04-04,2024-06-14,36,47644638.800000004,1323462.188888889,1898,5.196440793976728,6.92781875658588,201,Churned Customer,100,Critical Churn Risk,47644638.800000004,73.3,High Retention Priority
C0044,Government,Mining,West,2019-01-05,2024-11-17,34,49589458.0,1458513.4705882352,2143,5.867214236824093,5.794913672421838,45,Active Customer,0,Low Churn Risk,0.0,12.68,Low Retention Priority
C0045,Corporate,Rental,East,2019-02-02,2024-12-15,42,75275350.60000001,1792270.2523809527,2143,5.867214236824093,7.158422771815212,17,Active Customer,0,Low Churn Risk,0.0,34.92,Low Retention Priority
C0046,Retail,Rental,West,2019-02-03,2024-12-09,46,87078641.0,1893013.9347826086,2136,5.848049281314168,7.8658707865168545,23,Active Customer,0,Low Churn Risk,0.0,38.33,Low Retention Priority
C0047,Corporate,Rental,West,2019-04-06,2024-08-25,30,57880918.0,1929363.9333333333,1968,5.388090349075975,5.567835365853659,129,Churn Risk,70,High Churn Risk,57880918.0,57.14,High Retention Priority
C0048,Dealer,Mining,South,2019-04-05,2024-09-12,31,49413459.2,1593982.5548387098,1987,5.4401095140314855,5.698414695520886,111,At Risk,40,Moderate Churn Risk,49413459.2,33.8,Medium Retention Priority
C0049,Dealer,Manufacturing,South,2019-01-25,2024-12-25,39,82316206.2,2110671.953846154,2161,5.916495550992471,6.591739935215179,7,Active Customer,0,Low Churn Risk,0.0,34.56,Low Retention Priority
C0050,Dealer,Mining,East,2019-01-11,2024-12-14,27,56151044.8,2079668.3259259257,2164,5.924709103353867,4.557185767097967,18,Active Customer,0,Low Churn Risk,0.0,11.72,Low Retention Priority
C0051,Retail,Infrastructure,North,2019-02-15,2024-11-15,36,59420710.4,1650575.288888889,2100,5.749486652977413,6.261428571428572,47,Active Customer,0,Low Churn Risk,0.0,22.04,Low Retention Priority
C0052,Government,Manufacturing,North East,2019-02-12,2024-12-11,35,56612172.2,1617490.6342857145,2129,5.8288843258042435,6.004579614842649,21,Active Customer,0,Low Churn Risk,0.0,18.24,Low Retention Priority
C0053,Fleet Owner,Construction,North,2019-05-16,2024-09-18,27,45016037.4,1667260.6444444444,1952,5.344284736481861,5.052126024590164,105,At Risk,40,Moderate Churn Risk,45016037.4,28.36,Medium Retention Priority
C0054,Fleet Owner,Manufacturing,South,2019-01-31,2024-12-14,37,63424926.8,1714187.2108108108,2144,5.8699520876112254,6.303288246268656,18,Active Customer,0,Low Churn Risk,0.0,26.14,Low Retention Priority
C0055,Dealer,Construction,North,2019-04-01,2024-12-11,32,59056095.2,1845502.975,2081,5.6974674880219025,5.616530514175877,21,Active Customer,0,Low Churn Risk,0.0,17.67,Low Retention Priority
C0056,Dealer,Mining,North,2019-01-08,2024-11-10,36,60885469.8,1691263.0499999998,2133,5.839835728952772,6.1645569620253164,52,Active Customer,0,Low Churn Risk,0.0,23.3,Low Retention Priority
C0057,Retail,Logistics,East,2019-03-20,2024-12-04,32,49701788.6,1553180.89375,2086,5.711156741957564,5.60306807286673,28,Active Customer,0,Low Churn Risk,0.0,10.82,Low Retention Priority
C0058,Retail,Infrastructure,West,2019-01-23,2024-12-24,40,56831525.0,1420788.125,2162,5.919233401779603,6.75763182238668,8,Active Customer,0,Low Churn Risk,0.0,23.11,Low Retention Priority
C0059,Retail,Manufacturing,South,2019-01-21,2024-12-20,32,56859509.4,1776859.66875,2160,5.9137577002053385,5.411111111111111,12,Active Customer,0,Low Churn Risk,0.0,15.76,Low Retention Priority
C0060,Dealer,Mining,South,2019-07-20,2024-11-24,44,77163010.4,1753704.781818182,1954,5.349760438056126,8.224667349027635,38,Active Customer,0,Low Churn Risk,0.0,36.15,Low Retention Priority
C0061,Dealer,Construction,West,2019-01-29,2024-09-08,29,33890240.0,1168628.9655172413,2049,5.6098562628336754,5.169472913616398,115,At Risk,40,Moderate Churn Risk,33890240.0,26.28,Medium Retention Priority
C0062,Dealer,Construction,South,2019-03-18,2024-10-31,36,78963082.0,2193418.9444444445,2054,5.623545516769336,6.401655306718598,62,At Risk,40,Moderate Churn Risk,78963082.0,55.24,High Retention Priority
C0063,Retail,Rental,North,2019-02-28,2024-12-19,38,72065344.4,1896456.4315789475,2121,5.806981519507187,6.543847241867043,13,Active Customer,0,Low Churn Risk,0.0,31.16,Low Retention Priority
C0064,Corporate,Manufacturing,North,2019-03-21,2024-10-18,32,57893888.0,1809184.0,2038,5.579739904175223,5.735034347399411,75,At Risk,40,Moderate Churn Risk,57893888.0,40.92,Medium Retention Priority
C0065,Corporate,Mining,West,2019-01-07,2024-12-12,36,59751563.6,1659765.6555555556,2166,5.930184804928132,6.070637119113573,20,Active Customer,0,Low Churn Risk,0.0,22.2,Low Retention Priority
C0066,Retail,Manufacturing,Central,2019-01-29,2024-10-11,32,54037060.800000004,1688658.1500000001,2082,5.700205338809035,5.6138328530259365,82,At Risk,40,Moderate Churn Risk,54037060.800000004,37.52,Medium Retention Priority
C0067,Retail,Manufacturing,West,2019-05-29,2024-12-30,31,55575120.6,1792745.8258064517,2042,5.590691307323751,5.5449314397649365,2,Active Customer,0,Low Churn Risk,0.0,13.85,Low Retention Priority
C0068,Retail,Mining,North,2019-03-11,2024-12-06,39,57372766.4,1471096.5743589744,2097,5.7412731006160165,6.792918454935622,26,Active Customer,0,Low Churn Risk,0.0,23.06,Low Retention Priority
C0069,Dealer,Logistics,North,2019-02-18,2024-12-11,47,77108269.8,1640601.485106383,2123,5.812457221081451,8.086081017428167,21,Active Customer,0,Low Churn Risk,0.0,37.16,Low Retention Priority
C0070,Government,Logistics,West,2019-02-04,2024-12-20,41,76883391.4,1875204.668292683,2146,5.87542778918549,6.9782152842497664,12,Active Customer,0,Low Churn Risk,0.0,34.8,Low Retention Priority
C0071,Corporate,Rental,North,2019-01-24,2024-11-26,42,72076738.0,1716112.8095238095,2133,5.839835728952772,7.19198312236287,36,Active Customer,0,Low Churn Risk,0.0,33.76,Low Retention Priority
C0072,Government,Logistics,West,2019-06-15,2024-12-23,26,55369763.0,2129606.269230769,2018,5.5249828884325805,4.70589692765114,9,Active Customer,0,Low Churn Risk,0.0,10.84,Low Retention Priority
C0073,Corporate,Rental,North,2019-03-23,2024-11-12,32,56970903.6,1780340.7375,2061,5.642710472279261,5.67103347889374,50,Active Customer,0,Low Churn Risk,0.0,15.86,Low Retention Priority
C0074,Fleet Owner,Infrastructure,East,2019-01-10,2024-12-31,39,50426138.6,1292977.912820513,2182,5.973990417522245,6.528299725022915,1,Active Customer,0,Low Churn Risk,0.0,18.1,Low Retention Priority
C0075,Retail,Mining,South,2019-04-17,2024-10-20,33,50186853.4,1520813.7393939393,2013,5.51129363449692,5.987704918032787,73,At Risk,40,Moderate Churn Risk,50186853.4,35.98,Medium Retention Priority
C0076,Government,Mining,South,2019-01-12,2024-10-06,45,80026994.2,1778377.648888889,2094,5.73305954825462,7.849212034383954,87,At Risk,40,Moderate Churn Risk,80026994.2,61.15,High Retention Priority
C0077,Corporate,Mining,North,2019-02-05,2024-12-16,34,57865492.6,1701926.2529411765,2141,5.861738535249829,5.800326950023353,16,Active Customer,0,Low Churn Risk,0.0,18.74,Low Retention Priority
C0078,Dealer,Rental,South,2019-01-31,2024-06-22,31,42565724.6,1373087.8903225807,1969,5.390828199863107,5.750507872016252,193,Churned Customer,100,Critical Churn Risk,42565724.6,65.65,High Retention Priority
C0079,Retail,Rental,North,2019-01-25,2024-11-28,31,47175266.2,1521782.7806451614,2134,5.842573579739904,5.305880974695408,34,Active Customer,0,Low Churn Risk,0.0,8.25,Low Retention Priority
C0080,Retail,Mining,South,2019-02-20,2024-11-03,42,56541324.2,1346222.004761905,2083,5.702943189596167,7.36461833893423,59,Active Customer,0,Low Churn Risk,0.0,23.66,Low Retention Priority
C0081,Corporate,Rental,West,2019-01-03,2024-12-23,37,56355210.0,1523113.7837837837,2181,5.971252566735113,6.196354883081155,9,Active Customer,0,Low Churn Risk,0.0,20.19,Low Retention Priority
C0082,Fleet Owner,Manufacturing,West,2019-03-17,2024-12-18,46,77500928.6,1684802.7956521737,2103,5.757700205338809,7.989300998573467,14,Active Customer,0,Low Churn Risk,0.0,37.03,Low Retention Priority
C0083,Dealer,Infrastructure,North,2019-05-23,2024-10-04,45,89672688.2,1992726.4044444445,1961,5.368925393566051,8.381565527791942,89,At Risk,40,Moderate Churn Risk,89672688.2,62.2,High Retention Priority
C0084,Corporate,Logistics,West,2019-04-29,2024-09-22,39,73317161.4,1879927.2153846156,1973,5.401779603011636,7.219842878864673,101,At Risk,40,Moderate Churn Risk,73317161.4,56.5,High Retention Priority
C0085,Retail,Mining,South,2019-01-01,2024-09-20,37,60463527.2,1634149.3837837838,2089,5.71937029431896,6.469243657252274,103,At Risk,40,Moderate Churn Risk,60463527.2,47.94,Medium Retention Priority
C0086,Retail,Construction,West,2019-01-12,2024-11-22,29,59655682.6,2057092.5034482758,2141,5.861738535249829,4.947337692666978,40,Active Customer,0,Low Churn Risk,0.0,15.87,Low Retention Priority
C0087,Government,Logistics,South,2019-01-22,2024-12-17,39,50370513.4,1291551.6256410256,2156,5.90280629705681,6.607026901669759,15,Active Customer,0,Low Churn Risk,0.0,17.95,Low Retention Priority
C0088,Corporate,Infrastructure,West,2019-01-26,2024-08-06,36,57330201.8,1592505.6055555556,2019,5.5277207392197125,6.512630014858841,148,Churn Risk,70,High Churn Risk,57330201.8,62.2,High Retention Priority
C0089,Corporate,Rental,West,2019-01-02,2024-11-14,37,47111014.0,1273270.6486486488,2143,5.867214236824093,6.3062295846943535,48,Active Customer,0,Low Churn Risk,0.0,14.04,Low Retention Priority
C0090,Government,Infrastructure,North,2019-03-16,2024-10-22,43,51915256.6,1207331.5488372094,2047,5.604380561259411,7.67256961406937,71,At Risk,40,Moderate Churn Risk,51915256.6,44.96,Medium Retention Priority
C0091,Retail,Construction,South,2019-01-09,2024-09-07,30,39090471.8,1303015.7266666666,2068,5.661875427789186,5.298597678916828,116,At Risk,40,Moderate Churn Risk,39090471.8,27.69,Medium Retention Priority
C0092,Fleet Owner,Logistics,West,2019-01-17,2024-07-30,36,46760586.8,1298905.1888888888,2021,5.533196440793977,6.506185056902524,155,Churn Risk,70,High Churn Risk,46760586.8,54.44,High Retention Priority
C0093,Dealer,Manufacturing,South,2019-02-13,2024-12-01,36,57944235.8,1609562.1055555556,2118,5.798767967145791,6.208215297450424,31,Active Customer,0,Low Churn Risk,0.0,20.94,Low Retention Priority
C0094,Corporate,Logistics,West,2019-01-18,2024-09-20,31,46343009.2,1494935.7806451614,2072,5.672826830937714,5.464647683397684,103,At Risk,40,Moderate Churn Risk,46343009.2,31.45,Medium Retention Priority
C0095,Fleet Owner,Logistics,West,2019-05-21,2024-12-26,29,55610118.2,1917590.2827586208,2046,5.601642710472279,5.177052785923753,6,Active Customer,0,Low Churn Risk,0.0,12.48,Low Retention Priority
C0096,Corporate,Construction,South,2019-01-02,2024-12-30,34,51986858.4,1529025.2470588235,2189,5.993155373032169,5.673138419369575,2,Active Customer,0,Low Churn Risk,0.0,14.28,Low Retention Priority
C0097,Corporate,Construction,West,2019-03-22,2024-12-16,26,47499351.2,1826898.1230769232,2096,5.738535249828884,4.530772900763359,16,Active Customer,0,Low Churn Risk,0.0,5.49,Low Retention Priority
C0098,Corporate,Mining,East,2019-03-14,2024-12-18,35,56088743.0,1602535.5142857144,2106,5.765913757700205,6.070156695156696,14,Active Customer,0,Low Churn Risk,0.0,17.78,Low Retention Priority
C0099,Fleet Owner,Rental,South,2019-01-10,2024-12-26,44,56469516.0,1283398.0909090908,2177,5.960301163586585,7.3821773082223245,6,Active Customer,0,Low Churn Risk,0.0,24.35,Low Retention Priority
C0100,Government,Construction,North,2019-01-25,2024-09-10,38,48373950.0,1272998.6842105263,2055,5.626283367556468,6.754014598540146,113,At Risk,40,Moderate Churn Risk,48373950.0,39.92,Medium Retention Priority
C0101,Corporate,Logistics,South,2019-02-26,2024-10-10,38,62629058.6,1648133.1210526316,2053,5.620807665982204,6.7605942523136875,83,At Risk,40,Moderate Churn Risk,62629058.6,50.42,Medium Retention Priority
C0102,Government,Infrastructure,East,2019-03-11,2024-10-24,34,71864051.2,2113648.564705882,2054,5.623545516769336,6.046007789678676,69,At Risk,40,Moderate Churn Risk,71864051.2,51.14,High Retention Priority
C0103,Dealer,Infrastructure,South,2019-02-21,2024-08-29,40,75304293.2,1882607.33,2016,5.519507186858316,7.247023809523809,125,Churn Risk,70,High Churn Risk,75304293.2,75.96,Critical Retention Priority
C0104,Fleet Owner,Infrastructure,South,2019-04-06,2024-12-30,34,42120081.4,1238825.9235294117,2095,5.735797399041752,5.927684964200477,2,Active Customer,0,Low Churn Risk,0.0,8.28,Low Retention Priority
C0105,Government,Logistics,North,2019-05-25,2024-11-26,41,57202879.8,1395192.1902439024,2012,5.508555783709788,7.442967196819085,36,Active Customer,0,Low Churn Risk,0.0,24.05,Low Retention Priority
C0106,Dealer,Infrastructure,Central,2019-04-07,2024-11-12,39,58339475.8,1495883.9948717947,2046,5.601642710472279,6.9622434017595305,50,Active Customer,0,Low Churn Risk,0.0,24.06,Low Retention Priority
C0107,Fleet Owner,Construction,North,2019-01-16,2024-12-11,49,85196217.6,1738698.318367347,2156,5.90280629705681,8.301136363636363,21,Active Customer,0,Low Churn Risk,0.0,38.78,Low Retention Priority
C0108,Corporate,Rental,North,2019-01-03,2024-12-29,24,31126705.0,1296946.0416666667,2187,5.987679671457905,4.008230452674898,3,Active Customer,0,Low Churn Risk,0.0,0.36,Low Retention Priority
C0109,Retail,Mining,South,2019-01-14,2024-12-09,44,69451949.0,1578453.3863636365,2156,5.90280629705681,7.454081632653061,23,Active Customer,0,Low Churn Risk,0.0,33.5,Low Retention Priority
C0110,Dealer,Logistics,Central,2019-01-25,2024-06-21,42,90807306.0,2162078.714285714,1974,5.404517453798768,7.771276595744681,194,Churned Customer,100,Critical Churn Risk,90807306.0,97.12,Critical Retention Priority
C0111,Corporate,Construction,South,2019-04-09,2024-12-16,33,55916542.2,1694440.6727272728,2078,5.689253935660506,5.8004090471607315,16,Active Customer,0,Low Churn Risk,0.0,15.88,Low Retention Priority
C0112,Fleet Owner,Mining,South,2019-02-27,2024-12-01,33,46248326.6,1401464.4424242424,2104,5.760438056125941,5.728730988593156,31,Active Customer,0,Low Churn Risk,0.0,9.22,Low Retention Priority
C0113,Corporate,Logistics,South,2019-01-13,2024-12-23,41,78713400.0,1919839.024390244,2171,5.943874058863792,6.8978581298940576,9,Active Customer,0,Low Churn Risk,0.0,35.2,Low Retention Priority
C0114,Retail,Mining,East,2019-02-09,2024-09-27,33,48515792.8,1470175.5393939393,2057,5.631759069130732,5.8596256684491985,96,At Risk,40,Moderate Churn Risk,48515792.8,35.08,Medium Retention Priority
C0115,Fleet Owner,Mining,South,2019-05-07,2024-11-28,29,44357793.6,1529579.0896551725,2032,5.563312799452429,5.212721456692914,34,Active Customer,0,Low Churn Risk,0.0,4.82,Low Retention Priority
C0116,Dealer,Construction,North,2019-01-08,2024-07-28,35,64081942.6,1830912.6457142858,2028,5.552361396303901,6.30362426035503,157,Churn Risk,70,High Churn Risk,64081942.6,66.34,High Retention Priority
C0117,Government,Mining,North East,2019-01-01,2024-08-12,31,38951277.4,1256492.8193548387,2050,5.6125941136208075,5.523292682926829,142,Churn Risk,70,High Churn Risk,38951277.4,46.45,High Retention Priority
C0118,Retail,Rental,South,2019-02-03,2024-12-10,32,41835680.2,1307365.00625,2137,5.8507871321013,5.469349555451568,22,Active Customer,0,Low Churn Risk,0.0,6.26,Low Retention Priority
C0119,Government,Manufacturing,West,2019-01-07,2024-10-26,51,67143205.2,1316533.4352941178,2119,5.801505817932923,8.790821142048136,67,At Risk,40,Moderate Churn Risk,67143205.2,57.82,High Retention Priority
C0120,Fleet Owner,Construction,South,2019-01-02,2024-11-15,34,50313583.0,1479811.2647058824,2144,5.8699520876112254,5.792210820895522,47,Active Customer,0,Low Churn Risk,0.0,13.08,Low Retention Priority
C0121,Government,Construction,West,2019-01-22,2024-12-01,34,47029566.199999996,1383222.5352941174,2140,5.859000684462697,5.8030373831775695,31,Active Customer,0,Low Churn Risk,0.0,10.74,Low Retention Priority
C0122,Dealer,Rental,North East,2019-01-12,2024-11-05,31,48051119.4,1550036.1096774193,2124,5.815195071868583,5.330861581920904,57,Active Customer,0,Low Churn Risk,0.0,8.55,Low Retention Priority
C0123,Corporate,Infrastructure,East,2019-01-16,2024-11-04,36,70019319.0,1944981.0833333333,2119,5.801505817932923,6.205285512033978,58,Active Customer,0,Low Churn Risk,0.0,28.64,Low Retention Priority
C0124,Dealer,Construction,West,2019-01-11,2024-11-04,42,54870405.8,1306438.2333333332,2124,5.815195071868583,7.222457627118644,58,Active Customer,0,Low Churn Risk,0.0,22.62,Low Retention Priority
C0125,Government,Mining,West,2019-02-17,2024-12-09,30,31904862.6,1063495.4200000002,2122,5.809719370294319,5.163760603204524,23,Active Customer,0,Low Churn Risk,0.0,2.69,Low Retention Priority
C0126,Dealer,Manufacturing,South,2019-03-05,2024-04-05,33,64059034.8,1941182.8727272726,1858,5.086926762491444,6.48721743810549,271,Churned Customer,100,Critical Churn Risk,64059034.8,82.43,High Retention Priority
C0127,Government,Construction,East,2019-03-01,2024-06-25,28,48960650.8,1748594.6714285712,1943,5.319644079397673,5.263510036026763,190,Churned Customer,100,Critical Churn Risk,48960650.8,67.61,High Retention Priority
C0128,Retail,Mining,West,2019-01-02,2024-12-18,33,69172996.2,2096151.4000000001,2177,5.960301163586585,5.536632981166743,14,Active Customer,0,Low Churn Risk,0.0,24.98,Low Retention Priority
C0129,Corporate,Mining,North,2019-01-06,2024-10-31,36,76393252.6,2122034.794444444,2125,5.817932922655715,6.187764705882353,62,At Risk,40,Moderate Churn Risk,76393252.6,54.7,High Retention Priority
C0130,Government,Mining,West,2019-02-17,2024-11-16,39,60017312.8,1538905.4564102564,2099,5.746748802190281,6.786445926631729,46,Active Customer,0,Low Churn Risk,0.0,25.16,Low Retention Priority
C0131,Corporate,Rental,South,2019-02-21,2024-06-14,32,59008448.8,1844014.025,1940,5.3114305270362765,6.024742268041237,201,Churned Customer,100,Critical Churn Risk,59008448.8,77.61,High Retention Priority
C0132,Corporate,Construction,Central,2019-02-22,2024-10-01,37,49004629.4,1324449.4432432433,2048,5.607118412046543,6.5987548828125,92,At Risk,40,Moderate Churn Risk,49004629.4,39.49,Medium Retention Priority
C0133,Government,Mining,South,2019-03-27,2024-04-07,29,51247358.0,1767150.2758620689,1838,5.032169746748802,5.762921653971708,269,Churned Customer,100,Critical Churn Risk,51247358.0,69.62,High Retention Priority
C0134,Fleet Owner,Infrastructure,West,2019-03-03,2024-11-24,48,85243025.2,1775896.3583333334,2093,5.730321697467488,8.376493072145246,38,Active Customer,0,Low Churn Risk,0.0,38.67,Low Retention Priority
C0135,Retail,Rental,South,2019-03-09,2024-08-27,35,62791824.6,1794052.1314285714,1998,5.470225872689938,6.398273273273274,127,Churn Risk,70,High Churn Risk,62791824.6,65.59,High Retention Priority
C0136,Dealer,Mining,West,2019-03-23,2024-11-13,37,45774176.2,1237139.8972972974,2062,5.645448323066393,6.553952473326866,49,Active Customer,0,Low Churn Risk,0.0,13.04,Low Retention Priority
C0137,Dealer,Infrastructure,South,2019-06-13,2024-06-10,21,42806442.6,2038402.0285714287,1824,4.993839835728953,4.205180921052631,205,Churned Customer,100,Critical Churn Risk,42806442.6,62.63,High Retention Priority
C0138,Corporate,Mining,South,2019-01-10,2024-12-25,34,62582651.4,1840666.217647059,2176,5.9575633127994525,5.70703125,7,Active Customer,0,Low Churn Risk,0.0,22.44,Low Retention Priority
C0139,Government,Mining,West,2019-03-13,2024-10-31,29,37337910.0,1287514.1379310344,2059,5.637234770704997,5.144366197183098,62,At Risk,40,Moderate Churn Risk,37337910.0,26.62,Medium Retention Priority
C0140,Retail,Logistics,West,2019-03-18,2024-11-24,37,60136648.6,1625314.827027027,2078,5.689253935660506,6.503488931665062,38,Active Customer,0,Low Churn Risk,0.0,23.59,Low Retention Priority
C0141,Corporate,Rental,West,2019-04-06,2024-11-15,36,66220737.2,1839464.9222222222,2050,5.6125941136208075,6.414146341463415,47,Active Customer,0,Low Churn Risk,0.0,26.54,Low Retention Priority
C0142,Retail,Manufacturing,West,2019-02-06,2024-12-08,45,84828043.0,1885067.6222222222,2132,5.83709787816564,7.709310506566604,24,Active Customer,0,Low Churn Risk,0.0,37.7,Low Retention Priority
C0143,Corporate,Infrastructure,South,2019-01-11,2024-08-02,27,44644618.2,1653504.3777777778,2030,5.557837097878165,4.858004926108375,152,Churn Risk,70,High Churn Risk,44644618.2,46.12,High Retention Priority
C0144,Fleet Owner,Construction,West,2019-04-02,2024-08-23,25,39589546.2,1583581.8480000002,1970,5.393566050650239,4.63515228426396,131,Churn Risk,70,High Churn Risk,39589546.2,43.78,High Retention Priority
C0145,Retail,Construction,West,2019-04-01,2024-12-29,33,34445949.4,1043816.6484848484,2099,5.746748802190281,5.742377322534541,3,Active Customer,0,Low Churn Risk,0.0,5.62,Low Retention Priority
C0146,Retail,Mining,West,2019-01-20,2024-12-31,30,61245406.2,2041513.54,2172,5.946611909650924,5.044889502762431,1,Active Customer,0,Low Churn Risk,0.0,17.89,Low Retention Priority
C0147,Dealer,Rental,North,2019-07-21,2024-12-22,30,44007572.2,1466919.0733333335,1981,5.423682409308693,5.5312973245835435,10,Active Customer,0,Low Churn Risk,0.0,5.34,Low Retention Priority
C0148,Government,Construction,South,2019-01-28,2024-12-09,35,54884128.4,1568117.9542857143,2142,5.864476386036961,5.9681372549019605,23,Active Customer,0,Low Churn Risk,0.0,17.08,Low Retention Priority
C0149,Government,Manufacturing,West,2019-02-28,2024-12-12,38,65235052.4,1716711.9052631578,2114,5.7878165639972625,6.565515610217597,20,Active Customer,0,Low Churn Risk,0.0,28.02,Low Retention Priority
C0150,Fleet Owner,Manufacturing,West,2019-07-12,2024-11-09,30,41608958.8,1386965.2933333332,1947,5.330595482546201,5.62788906009245,53,Active Customer,0,Low Churn Risk,0.0,4.44,Low Retention Priority
C0151,Government,Infrastructure,East,2019-03-03,2024-11-28,27,39556960.6,1465072.6148148149,2097,5.7412731006160165,4.702789699570816,34,Active Customer,0,Low Churn Risk,0.0,2.32,Low Retention Priority
C0152,Corporate,Manufacturing,South,2019-03-10,2024-11-18,40,62249804.2,1556245.105,2080,5.69472963723477,7.024038461538462,44,Active Customer,0,Low Churn Risk,0.0,27.76,Low Retention Priority
C0153,Retail,Rental,East,2019-01-17,2024-12-12,56,108200489.6,1932151.5999999999,2156,5.90280629705681,9.487012987012987,20,Active Customer,0,Low Churn Risk,0.0,40.0,Low Retention Priority
C0154,Fleet Owner,Logistics,North,2019-01-29,2024-08-21,45,74171590.6,1648257.5688888887,2031,5.560574948665297,8.092688330871493,133,Churn Risk,70,High Churn Risk,74171590.6,77.85,Critical Retention Priority
C0155,Fleet Owner,Mining,East,2019-11-15,2024-12-17,31,41576324.2,1341171.748387097,1859,5.089664613278576,6.090774610005379,15,Active Customer,0,Low Churn Risk,0.0,5.2,Low Retention Priority
C0156,Government,Manufacturing,South,2019-01-14,2024-09-17,33,67117436.4,2033861.7090909092,2073,5.675564681724846,5.814399421128799,106,At Risk,40,Moderate Churn Risk,67117436.4,47.92,High Retention Priority
C0157,Dealer,Infrastructure,North,2019-02-15,2024-12-30,34,55572804.4,1634494.2470588235,2145,5.8726899383983575,5.789510489510489,2,Active Customer,0,Low Churn Risk,0.0,16.64,Low Retention Priority
C0158,Corporate,Infrastructure,East,2019-03-03,2024-09-26,36,58875735.2,1635437.088888889,2034,5.568788501026694,6.464601769911504,97,At Risk,40,Moderate Churn Risk,58875735.2,45.44,Medium Retention Priority
C0159,Dealer,Construction,South,2019-02-02,2024-12-26,34,49934036.2,1468648.1235294119,2154,5.897330595482546,5.765320334261839,6,Active Customer,0,Low Churn Risk,0.0,12.89,Low Retention Priority
C0160,Retail,Rental,West,2019-02-19,2024-11-23,44,70762190.2,1608231.5954545455,2104,5.760438056125941,7.638307984790875,39,Active Customer,0,Low Churn Risk,0.0,34.05,Low Retention Priority
C0161,Dealer,Mining,West,2019-03-24,2024-11-17,37,60837361.2,1644253.0054054055,2065,5.653661875427789,6.5444309927360775,45,Active Customer,0,Low Churn Risk,0.0,24.29,Low Retention Priority
C0162,Retail,Mining,East,2019-07-05,2024-10-14,28,62233145.6,2222612.342857143,1928,5.278576317590692,5.304460580912862,79,At Risk,40,Moderate Churn Risk,62233145.6,41.51,Medium Retention Priority
C0163,Dealer,Logistics,West,2019-06-02,2024-08-05,38,46377823.0,1220469.0263157894,1891,5.177275838466803,7.3397673188789,149,Churn Risk,70,High Churn Risk,46377823.0,56.26,High Retention Priority
C0164,Government,Construction,North,2019-01-11,2024-11-13,36,45625652.8,1267379.2444444443,2133,5.839835728952772,6.1645569620253164,49,Active Customer,0,Low Churn Risk,0.0,11.9,Low Retention Priority
C0165,Fleet Owner,Manufacturing,North,2019-02-27,2024-12-24,50,79168592.4,1583371.8480000002,2127,5.823408624229979,8.586036671368124,8,Active Customer,0,Low Churn Risk,0.0,38.14,Low Retention Priority
C0166,Fleet Owner,Manufacturing,West,2019-01-18,2024-12-08,32,69504759.6,2172023.7375,2151,5.88911704312115,5.433751743375175,24,Active Customer,0,Low Churn Risk,0.0,24.46,Low Retention Priority
C0167,Retail,Mining,West,2019-01-03,2024-12-28,31,50383279.4,1625267.0774193548,2186,5.984941820670773,5.179666056724612,4,Active Customer,0,Low Churn Risk,0.0,10.4,Low Retention Priority
C0168,Dealer,Infrastructure,West,2019-06-02,2024-12-18,34,64028787.0,1883199.6176470588,2026,5.546885694729637,6.1295656465942745,14,Active Customer,0,Low Churn Risk,0.0,23.33,Low Retention Priority
C0169,Fleet Owner,Construction,West,2019-03-25,2024-10-27,40,69450095.6,1736252.39,2043,5.593429158110883,7.151248164464024,66,At Risk,40,Moderate Churn Risk,69450095.6,55.71,High Retention Priority
C0170,Government,Construction,South,2019-03-21,2024-12-20,27,38882680.4,1440099.274074074,2101,5.752224503764545,4.693836268443598,12,Active Customer,0,Low Churn Risk,0.0,2.01,Low Retention Priority
C0171,Fleet Owner,Construction,South,2019-04-27,2024-10-19,30,55348450.2,1844948.34,2002,5.4811772758384665,5.473276723276723,74,At Risk,40,Moderate Churn Risk,55348450.2,36.79,Medium Retention Priority
C0172,Dealer,Manufacturing,South,2019-08-18,2024-11-27,37,57323600.2,1549286.491891892,1928,5.278576317590692,7.009465767634854,35,Active Customer,0,Low Churn Risk,0.0,21.24,Low Retention Priority
C0173,Retail,Logistics,South,2019-03-29,2024-10-18,31,57999777.4,1870960.5612903226,2030,5.557837097878165,5.577709359605912,75,At Risk,40,Moderate Churn Risk,57999777.4,40.15,Medium Retention Priority
C0174,Government,Mining,West,2019-01-11,2024-12-03,29,29793255.0,1027353.6206896552,2153,5.894592744695414,4.919763121226196,29,Active Customer,0,Low Churn Risk,0.0,1.82,Low Retention Priority
C0175,Fleet Owner,Rental,East,2019-01-24,2024-11-01,36,59434888.8,1650969.1333333333,2108,5.771389459274469,6.237666034155598,61,At Risk,40,Moderate Churn Risk,59434888.8,46.09,Medium Retention Priority
C0176,Dealer,Logistics,South,2019-01-14,2024-08-07,42,66901722.800000004,1592898.161904762,2032,5.563312799452429,7.549458661417323,147,Churn Risk,70,High Churn Risk,66901722.800000004,73.32,Critical Retention Priority
C0177,Dealer,Construction,West,2019-04-01,2024-12-25,28,35762840.4,1277244.3,2095,5.735797399041752,4.88162291169451,7,Active Customer,0,Low Churn Risk,0.0,1.96,Low Retention Priority
C0178,Dealer,Logistics,East,2019-01-22,2024-12-09,54,89493824.6,1657293.048148148,2148,5.880903490759754,9.182262569832401,23,Active Customer,0,Low Churn Risk,0.0,39.36,Low Retention Priority
C0179,Government,Infrastructure,South,2019-05-20,2024-07-21,32,43222736.0,1350710.5,1889,5.171800136892539,6.187400741132874,164,Churn Risk,70,High Churn Risk,43222736.0,48.76,High Retention Priority
C0180,Fleet Owner,Logistics,South,2019-01-04,2024-12-10,27,30093537.8,1114575.474074074,2167,5.932922655715264,4.550876788186432,22,Active Customer,0,Low Churn Risk,0.0,0.91,Low Retention Priority
C0181,Government,Construction,West,2019-04-13,2024-12-15,36,53087081.0,1474641.138888889,2073,5.675564681724846,6.342981186685963,17,Active Customer,0,Low Churn Risk,0.0,16.74,Low Retention Priority
C0182,Dealer,Infrastructure,East,2019-03-03,2024-08-03,29,40856091.0,1408830.7241379311,1980,5.420944558521561,5.349621212121212,151,Churn Risk,70,High Churn Risk,40856091.0,45.58,High Retention Priority
C0183,Government,Mining,West,2019-02-03,2024-12-05,27,32313901.0,1196811.148148148,2132,5.83709787816564,4.625586303939962,27,Active Customer,0,Low Churn Risk,0.0,1.21,Low Retention Priority
C0184,Retail,Rental,South,2019-03-12,2024-11-28,29,61479056.4,2119967.4620689657,2088,5.716632443531828,5.072916666666666,34,Active Customer,0,Low Churn Risk,0.0,17.48,Low Retention Priority
C0185,Dealer,Logistics,West,2019-03-25,2024-09-16,33,47500335.2,1439404.0969696972,2002,5.4811772758384665,6.020604395604396,107,At Risk,40,Moderate Churn Risk,47500335.2,34.22,Medium Retention Priority
C0186,Fleet Owner,Infrastructure,East,2019-02-17,2024-12-11,40,70676837.0,1766920.925,2124,5.815195071868583,6.878531073446328,21,Active Customer,0,Low Churn Risk,0.0,32.26,Low Retention Priority
C0187,Retail,Rental,North,2019-05-02,2024-11-08,30,46901016.0,1563367.2,2017,5.522245037645448,5.432573128408527,54,Active Customer,0,Low Churn Risk,0.0,6.94,Low Retention Priority
C0188,Corporate,Logistics,West,2019-03-04,2024-12-27,39,54387524.8,1394551.917948718,2125,5.817932922655715,6.703411764705883,5,Active Customer,0,Low Churn Risk,0.0,20.46,Low Retention Priority
C0189,Government,Manufacturing,South,2019-03-03,2024-11-11,35,61121980.8,1746342.3085714285,2080,5.69472963723477,6.146033653846154,51,Active Customer,0,Low Churn Risk,0.0,22.34,Low Retention Priority
C0190,Retail,Manufacturing,North,2019-05-15,2024-12-29,35,56351528.4,1610043.6685714286,2055,5.626283367556468,6.22080291970803,3,Active Customer,0,Low Churn Risk,0.0,17.94,Low Retention Priority
C0191,Corporate,Manufacturing,South,2019-02-03,2024-12-12,29,65787839.8,2268546.1999999997,2139,5.856262833675565,4.951963534361851,20,Active Customer,0,Low Churn Risk,0.0,20.18,Low Retention Priority
C0192,Fleet Owner,Logistics,East,2019-01-19,2024-08-29,40,69269688.4,1731742.2100000002,2049,5.6098562628336754,7.130307467057102,125,Churn Risk,70,High Churn Risk,69269688.4,73.51,Critical Retention Priority
C0193,Dealer,Infrastructure,West,2019-01-10,2024-11-30,38,67795348.0,1784088.105263158,2151,5.88911704312115,6.45258019525802,32,Active Customer,0,Low Churn Risk,0.0,29.22,Low Retention Priority
C0194,Fleet Owner,Construction,South,2019-04-15,2024-12-26,33,48202752.8,1460689.4787878788,2082,5.700205338809035,5.789265129682997,6,Active Customer,0,Low Churn Risk,0.0,10.72,Low Retention Priority
C0195,Fleet Owner,Logistics,East,2019-02-15,2024-12-28,31,56797913.6,1832190.7612903225,2143,5.867214236824093,5.283597760149323,4,Active Customer,0,Low Churn Risk,0.0,14.75,Low Retention Priority
C0196,Fleet Owner,Rental,North East,2019-01-09,2024-10-28,48,71291851.6,1485246.9083333332,2119,5.801505817932923,8.273714016045304,65,At Risk,40,Moderate Churn Risk,71291851.6,59.52,High Retention Priority
C0197,Government,Manufacturing,West,2019-02-22,2024-10-18,47,77464617.6,1648183.3531914891,2065,5.653661875427789,8.31319612590799,75,At Risk,40,Moderate Churn Risk,77464617.6,61.26,High Retention Priority
C0198,Government,Mining,West,2019-03-27,2024-08-01,36,63577917.2,1766053.2555555557,1954,5.349760438056126,6.729273285568065,153,Churn Risk,70,High Churn Risk,63577917.2,67.15,High Retention Priority
C0199,Government,Mining,West,2019-01-19,2024-10-21,33,48930073.4,1482729.4969696968,2102,5.754962354551677,5.73418173168411,72,At Risk,40,Moderate Churn Risk,48930073.4,35.33,Medium Retention Priority
C0200,Retail,Logistics,East,2019-02-09,2024-11-25,47,84469856.6,1797230.9914893615,2116,5.793292265571527,8.112830812854442,37,Active Customer,0,Low Churn Risk,0.0,38.21,Low Retention Priority
C0201,Dealer,Infrastructure,South,2019-02-01,2024-12-13,47,80475593.0,1712246.6595744682,2142,5.864476386036961,8.01435574229692,19,Active Customer,0,Low Churn Risk,0.0,37.82,Low Retention Priority
C0202,Government,Logistics,North,2019-09-19,2024-09-21,28,50389917.2,1799639.9000000001,1829,5.007529089664613,5.591580098414434,102,At Risk,40,Moderate Churn Risk,50389917.2,32.56,Medium Retention Priority
C0203,Government,Manufacturing,West,2019-02-25,2024-11-19,35,53777085.6,1536488.1600000001,2094,5.73305954825462,6.104942693409742,43,Active Customer,0,Low Churn Risk,0.0,16.19,Low Retention Priority
C0204,Retail,Rental,South,2019-05-20,2024-12-08,31,39880662.0,1286472.9677419355,2029,5.555099247091033,5.580458353868901,24,Active Customer,0,Low Churn Risk,0.0,4.8,Low Retention Priority
C0205,Retail,Construction,North,2019-02-07,2024-11-15,33,51965845.0,1574722.5757575757,2108,5.771389459274469,5.717860531309298,47,Active Customer,0,Low Churn Risk,0.0,13.23,Low Retention Priority
C0206,Retail,Construction,West,2019-01-08,2024-12-11,40,89674652.2,2241866.305,2164,5.924709103353867,6.751386321626618,21,Active Customer,0,Low Churn Risk,0.0,36.06,Low Retention Priority
C0207,Corporate,Rental,East,2019-02-10,2024-10-13,45,87068691.0,1934859.8,2072,5.672826830937714,7.932553088803089,80,At Risk,40,Moderate Churn Risk,87068691.0,61.95,High Retention Priority
C0208,Fleet Owner,Logistics,North,2019-01-20,2024-12-30,30,46904115.8,1563470.5266666666,2171,5.943874058863792,5.04721326577614,2,Active Customer,0,Low Churn Risk,0.0,6.99,Low Retention Priority
C0209,Corporate,Infrastructure,East,2019-10-18,2024-11-22,44,65445658.4,1487401.3272727272,1862,5.0978781656399725,8.631041890440386,40,Active Customer,0,Low Churn Risk,0.0,31.45,Low Retention Priority
C0210,Retail,Infrastructure,West,2019-02-20,2024-11-26,30,53509817.8,1783660.5933333333,2106,5.765913757700205,5.202991452991453,36,Active Customer,0,Low Churn Risk,0.0,11.39,Low Retention Priority
C0211,Fleet Owner,Manufacturing,South,2019-03-06,2024-11-20,42,59389779.2,1414042.361904762,2086,5.711156741957564,7.354026845637583,42,Active Customer,0,Low Churn Risk,0.0,26.42,Low Retention Priority
C0212,Retail,Infrastructure,North East,2019-02-01,2024-08-23,31,45262151.0,1460069.3870967743,2030,5.557837097878165,5.577709359605912,131,Churn Risk,70,High Churn Risk,45262151.0,48.85,High Retention Priority
C0213,Fleet Owner,Rental,West,2019-02-26,2024-08-31,30,66248437.6,2208281.2533333334,2013,5.51129363449692,5.4433681073025335,123,Churn Risk,70,High Churn Risk,66248437.6,62.94,High Retention Priority
C0214,Corporate,Rental,West,2019-01-12,2024-12-26,31,50612095.0,1632648.2258064516,2175,5.95482546201232,5.2058620689655175,6,Active Customer,0,Low Churn Risk,0.0,10.65,Low Retention Priority
C0215,Corporate,Rental,South,2019-02-28,2024-12-24,49,73940925.4,1508998.4775510204,2126,5.820670773442847,8.418273753527751,8,Active Customer,0,Low Churn Risk,0.0,36.83,Low Retention Priority
C0216,Government,Mining,East,2019-01-27,2024-11-20,39,62009378.6,1589984.0666666667,2124,5.815195071868583,6.7065677966101696,42,Active Customer,0,Low Churn Risk,0.0,26.8,Low Retention Priority
C0217,Corporate,Infrastructure,North,2019-01-19,2024-12-18,36,61360958.2,1704471.0611111112,2160,5.9137577002053385,6.0875,14,Active Customer,0,Low Churn Risk,0.0,23.64,Low Retention Priority
C0218,Fleet Owner,Construction,West,2019-02-02,2024-10-16,36,44324901.0,1231247.25,2083,5.702943189596167,6.312530004800768,77,At Risk,40,Moderate Churn Risk,44324901.0,35.04,Medium Retention Priority
C0219,Government,Manufacturing,West,2019-01-09,2024-12-21,39,59976015.0,1537846.5384615385,2173,5.949349760438056,6.555338242061666,11,Active Customer,0,Low Churn Risk,0.0,25.1,Low Retention Priority
C0220,Government,Infrastructure,Central,2019-01-19,2024-11-06,43,53467975.0,1243441.2790697673,2118,5.798767967145791,7.415368271954674,56,Active Customer,0,Low Churn Risk,0.0,21.76,Low Retention Priority
C0221,Dealer,Logistics,North,2019-01-17,2024-09-05,44,82001959.0,1863680.8863636365,2058,5.634496919917864,7.809037900874636,118,At Risk,40,Moderate Churn Risk,82001959.0,60.9,High Retention Priority
C0222,Fleet Owner,Logistics,North,2019-01-30,2024-12-13,41,57177978.6,1394584.843902439,2144,5.8699520876112254,6.984724813432836,19,Active Customer,0,Low Churn Risk,0.0,23.95,Low Retention Priority
C0223,Corporate,Logistics,West,2019-03-01,2024-10-15,33,54079206.6,1638763.8363636364,2055,5.626283367556468,5.865328467153285,78,At Risk,40,Moderate Churn Risk,54079206.6,38.57,Medium Retention Priority
C0224,Retail,Manufacturing,East,2019-01-30,2024-10-31,36,54050072.4,1501390.9,2101,5.752224503764545,6.258448357924798,62,At Risk,40,Moderate Churn Risk,54050072.4,41.5,Medium Retention Priority
C0225,Fleet Owner,Logistics,North,2019-03-17,2024-07-17,48,69254158.0,1442794.9583333333,1949,5.336071184120465,8.995382247306312,168,Churn Risk,70,High Churn Risk,69254158.0,76.52,Critical Retention Priority
C0226,Dealer,Logistics,West,2019-01-22,2024-09-28,26,47025541.0,1808674.6538461538,2076,5.683778234086242,4.574421965317919,95,At Risk,40,Moderate Churn Risk,47025541.0,29.04,Medium Retention Priority
C0227,Fleet Owner,Infrastructure,East,2019-02-13,2024-10-24,34,57926647.6,1703724.9294117647,2080,5.69472963723477,5.970432692307693,69,At Risk,40,Moderate Churn Risk,57926647.6,42.88,Medium Retention Priority
C0228,Government,Construction,South,2019-03-27,2024-09-10,34,61132479.4,1798014.0999999999,1994,5.45927446954141,6.2279338014042125,113,At Risk,40,Moderate Churn Risk,61132479.4,45.48,Medium Retention Priority
C0229,Government,Mining,East,2019-05-15,2024-11-29,28,44419985.8,1586428.0642857142,2025,5.544147843942505,5.050370370370371,33,Active Customer,0,Low Churn Risk,0.0,4.41,Low Retention Priority
C0230,Dealer,Infrastructure,North,2019-02-19,2024-10-31,38,62086661.8,1633859.5210526315,2081,5.6974674880219025,6.669629985583854,62,At Risk,40,Moderate Churn Risk,62086661.8,50.07,Medium Retention Priority
C0231,Government,Infrastructure,West,2019-02-21,2024-11-08,32,51646725.4,1613960.16875,2087,5.713894592744696,5.600383325347388,54,Active Customer,0,Low Churn Risk,0.0,12.07,Low Retention Priority
C0232,Government,Mining,South,2019-01-24,2024-12-29,37,57544368.0,1555253.189189189,2166,5.930184804928132,6.239265927977839,3,Active Customer,0,Low Churn Risk,0.0,21.44,Low Retention Priority
C0233,Government,Logistics,East,2019-05-29,2024-10-21,28,49889164.0,1781755.857142857,1972,5.3990417522245036,5.186105476673428,72,At Risk,40,Moderate Churn Risk,49889164.0,32.11,Medium Retention Priority
C0234,Corporate,Infrastructure,West,2019-01-09,2024-12-26,29,72295152.4,2492936.2896551727,2178,5.963039014373717,4.863292011019284,6,Active Customer,0,Low Churn Risk,0.0,23.18,Low Retention Priority
C0235,Fleet Owner,Mining,East,2019-05-08,2024-09-10,38,60478356.4,1591535.694736842,1952,5.344284736481861,7.110399590163935,113,At Risk,40,Moderate Churn Risk,60478356.4,48.82,Medium Retention Priority
C0236,Corporate,Mining,West,2019-03-21,2024-10-25,41,57861179.0,1411248.268292683,2045,5.598904859685147,7.322860635696822,68,At Risk,40,Moderate Churn Risk,57861179.0,48.7,Medium Retention Priority
C0237,Dealer,Infrastructure,South,2019-01-28,2024-10-15,44,74820743.4,1700471.4409090912,2087,5.713894592744696,7.700527072352659,78,At Risk,40,Moderate Churn Risk,74820743.4,59.5,High Retention Priority
C0238,Corporate,Construction,South,2019-01-22,2024-03-25,30,36717219.2,1223907.3066666669,1889,5.171800136892539,5.80068819481207,282,Churned Customer,100,Critical Churn Risk,36717219.2,63.19,High Retention Priority
C0239,Government,Logistics,South,2019-10-11,2024-10-27,32,44962159.0,1405067.46875,1843,5.045859000684462,6.341833966359197,66,At Risk,40,Moderate Churn Risk,44962159.0,31.62,Medium Retention Priority
C0240,Corporate,Manufacturing,South,2019-02-19,2024-11-10,46,92835709.4,2018167.595652174,2091,5.724845995893224,8.035150645624103,52,Active Customer,0,Low Churn Risk,0.0,38.73,Low Retention Priority
C0241,Government,Construction,West,2019-02-01,2024-10-31,39,73396972.0,1881973.641025641,2099,5.746748802190281,6.786445926631729,62,At Risk,40,Moderate Churn Risk,73396972.0,56.56,High Retention Priority
C0242,Government,Construction,South,2019-01-30,2024-11-18,47,73225487.6,1557989.0978723404,2119,5.801505817932923,8.10134497404436,44,Active Customer,0,Low Churn Risk,0.0,35.96,Low Retention Priority
C0243,Government,Construction,North,2019-11-20,2024-12-10,28,42431751.6,1515419.7,1847,5.0568104038329915,5.537087168381158,22,Active Customer,0,Low Churn Risk,0.0,3.61,Low Retention Priority
C0244,Government,Logistics,North,2019-05-06,2024-12-09,44,77550764.4,1762517.3727272728,2044,5.596167008898015,7.862524461839531,23,Active Customer,0,Low Churn Risk,0.0,36.3,Low Retention Priority
C0245,Dealer,Logistics,South,2019-01-01,2024-11-30,33,56554752.6,1713780.3818181818,2160,5.9137577002053385,5.580208333333333,32,Active Customer,0,Low Churn Risk,0.0,16.27,Low Retention Priority
C0246,Retail,Manufacturing,North,2019-01-26,2024-11-02,35,77080113.6,2202288.96,2107,5.768651608487337,6.067275747508306,60,Active Customer,0,Low Churn Risk,0.0,29.74,Low Retention Priority
C0247,Corporate,Logistics,East,2019-02-14,2024-11-13,39,67759559.60000001,1737424.6051282054,2099,5.746748802190281,6.786445926631729,49,Active Customer,0,Low Churn Risk,0.0,30.01,Low Retention Priority
C0248,Fleet Owner,Rental,West,2019-01-10,2024-12-04,30,45208412.0,1506947.0666666667,2155,5.900068446269678,5.0846867749419955,28,Active Customer,0,Low Churn Risk,0.0,5.99,Low Retention Priority
C0249,Corporate,Construction,West,2019-01-16,2024-09-03,35,63391180.8,1811176.5942857142,2057,5.631759069130732,6.214754496840059,120,At Risk,40,Moderate Churn Risk,63391180.8,47.88,Medium Retention Priority
C0250,Government,Infrastructure,East,2019-03-08,2024-12-20,43,74416923.4,1730626.1255813956,2114,5.7878165639972625,7.429399243140964,12,Active Customer,0,Low Churn Risk,0.0,35.06,Low Retention Priority
C0251,Dealer,Mining,North,2019-01-09,2024-07-06,36,60544705.8,1681797.3833333333,2005,5.489390828199863,6.558104738154614,179,Churn Risk,70,High Churn Risk,60544705.8,64.95,High Retention Priority
C0252,Retail,Construction,South,2019-08-03,2024-10-07,34,45321304.6,1332979.5470588235,1892,5.1800136892539355,6.563689217758985,86,At Risk,40,Moderate Churn Risk,45321304.6,33.74,Medium Retention Priority
C0253,Retail,Rental,West,2019-03-28,2024-11-27,39,72946151.6,1870414.1435897434,2071,5.670088980150582,6.87819893771125,35,Active Customer,0,Low Churn Risk,0.0,32.36,Low Retention Priority
C0254,Dealer,Mining,West,2019-07-01,2024-09-25,48,89556446.6,1865759.3041666665,1913,5.23750855578371,9.16466283324621,98,At Risk,40,Moderate Churn Risk,89556446.6,63.02,High Retention Priority
C0255,Retail,Infrastructure,South,2019-01-05,2024-11-11,45,71144094.2,1580979.8711111112,2137,5.8507871321013,7.691272812353768,51,Active Customer,0,Low Churn Risk,0.0,34.6,Low Retention Priority
C0256,Corporate,Infrastructure,North East,2019-01-03,2024-09-19,30,58794725.4,1959824.18,2086,5.711156741957564,5.25287631831256,104,At Risk,40,Moderate Churn Risk,58794725.4,39.74,Medium Retention Priority
C0257,Corporate,Logistics,North,2019-01-18,2024-12-23,43,76189558.0,1771850.1860465116,2166,5.930184804928132,7.251038781163435,9,Active Customer,0,Low Churn Risk,0.0,35.46,Low Retention Priority
C0258,Corporate,Mining,South,2019-02-04,2024-10-10,28,62250978.4,2223249.2285714285,2075,5.68104038329911,4.928674698795181,83,At Risk,40,Moderate Churn Risk,62250978.4,41.61,Medium Retention Priority
C0259,Fleet Owner,Logistics,South,2019-02-02,2024-12-13,33,60202150.6,1824307.593939394,2141,5.861738535249829,5.629729098552078,19,Active Customer,0,Low Churn Risk,0.0,19.58,Low Retention Priority
C0260,Dealer,Logistics,South,2019-08-24,2024-09-05,32,55524668.6,1735145.89375,1839,5.034907597535934,6.35562805872757,118,At Risk,40,Moderate Churn Risk,55524668.6,38.66,Medium Retention Priority
C0261,Dealer,Manufacturing,North,2019-05-06,2024-12-06,33,62999554.6,1909077.412121212,2041,5.587953456536619,5.905560999510044,26,Active Customer,0,Low Churn Risk,0.0,21.82,Low Retention Priority
C0262,Corporate,Logistics,North,2019-02-26,2024-12-04,26,36628894.0,1408803.6153846155,2108,5.771389459274469,4.504981024667932,28,Active Customer,0,Low Churn Risk,0.0,1.14,Low Retention Priority
C0263,Government,Rental,South,2019-03-06,2024-11-01,35,61677496.4,1762214.1828571428,2067,5.6591375770020536,6.184687953555878,61,At Risk,40,Moderate Churn Risk,61677496.4,46.78,Medium Retention Priority
C0264,Retail,Infrastructure,West,2019-01-02,2024-11-02,36,67321592.8,1870044.2444444443,2131,5.834360027378508,6.170342562177382,60,Active Customer,0,Low Churn Risk,0.0,27.04,Low Retention Priority
C0265,Retail,Mining,West,2019-02-19,2024-09-27,29,47931619.6,1652814.4689655174,2047,5.604380561259411,5.174523693209575,96,At Risk,40,Moderate Churn Risk,47931619.6,31.08,Medium Retention Priority
C0266,Fleet Owner,Rental,South,2019-01-22,2024-09-24,35,50717014.0,1449057.5428571429,2072,5.672826830937714,6.169763513513513,99,At Risk,40,Moderate Churn Risk,50717014.0,38.48,Medium Retention Priority
C0267,Fleet Owner,Infrastructure,South,2019-03-07,2024-03-25,29,46440405.199999996,1601393.2827586206,1845,5.0513347022587265,5.741056910569106,282,Churned Customer,100,Critical Churn Risk,46440405.199999996,66.12,High Retention Priority
C0268,Government,Mining,West,2019-01-21,2024-10-07,32,63709103.6,1990909.4875,2086,5.711156741957564,5.60306807286673,86,At Risk,40,Moderate Churn Risk,63709103.6,45.32,Medium Retention Priority
C0269,Government,Mining,South,2019-01-12,2024-11-22,41,61642030.4,1503464.156097561,2141,5.861738535249829,6.994511910322279,40,Active Customer,0,Low Churn Risk,0.0,27.85,Low Retention Priority
C0270,Corporate,Manufacturing,North,2019-03-27,2024-12-20,43,68114112.8,1584049.134883721,2095,5.735797399041752,7.496778042959427,12,Active Customer,0,Low Churn Risk,0.0,32.31,Low Retention Priority
C0271,Corporate,Infrastructure,South,2019-06-05,2024-11-26,24,37757473.800000004,1573228.0750000002,2001,5.478439425051334,4.380809595202399,36,Active Customer,0,Low Churn Risk,0.0,1.16,Low Retention Priority
C0272,Government,Construction,North,2019-09-01,2024-12-13,39,75550922.6,1937203.1435897434,1930,5.284052019164956,7.3806994818652845,19,Active Customer,0,Low Churn Risk,0.0,33.3,Low Retention Priority
C0273,Dealer,Manufacturing,East,2019-05-04,2024-12-31,37,60830001.0,1644054.0810810812,2068,5.661875427789186,6.534937137330754,1,Active Customer,0,Low Churn Risk,0.0,24.24,Low Retention Priority
C0274,Dealer,Mining,North,2019-01-08,2024-06-27,39,54639688.2,1401017.6461538463,1997,5.467488021902806,7.133074611917877,188,Churned Customer,100,Critical Churn Risk,54639688.2,80.7,High Retention Priority
C0275,Fleet Owner,Construction,West,2019-06-17,2024-11-06,45,64270295.0,1428228.7777777778,1969,5.390828199863107,8.347511427120367,56,Active Customer,0,Low Churn Risk,0.0,31.25,Low Retention Priority
C0276,Dealer,Manufacturing,Central,2019-01-08,2024-12-29,44,67350598.6,1530695.4227272726,2182,5.973990417522245,7.365261228230981,3,Active Customer,0,Low Churn Risk,0.0,32.3,Low Retention Priority
C0277,Dealer,Logistics,West,2019-05-28,2024-09-14,36,43668914.6,1213025.4055555556,1936,5.300479123887748,6.791838842975206,109,At Risk,40,Moderate Churn Risk,43668914.6,34.89,Medium Retention Priority
C0278,Fleet Owner,Logistics,West,2019-08-12,2024-12-03,38,47107787.2,1239678.6105263159,1940,5.3114305270362765,7.154381443298969,29,Active Customer,0,Low Churn Risk,0.0,14.82,Low Retention Priority
C0279,Dealer,Rental,West,2019-05-12,2024-11-12,26,35292218.0,1357393.0,2011,5.505817932922656,4.722277473893585,50,Active Customer,0,Low Churn Risk,0.0,1.0,Low Retention Priority
C0280,Corporate,Construction,West,2019-01-12,2024-11-05,42,59078520.8,1406631.4476190475,2124,5.815195071868583,7.222457627118644,57,Active Customer,0,Low Churn Risk,0.0,26.16,Low Retention Priority
C0281,Government,Logistics,South,2019-07-26,2024-06-25,26,46282268.6,1780087.2538461538,1796,4.917180013689254,5.2875835189309575,190,Churned Customer,100,Critical Churn Risk,46282268.6,64.6,High Retention Priority
C0282,Government,Logistics,East,2019-01-17,2024-12-24,44,69381309.6,1576847.9454545453,2168,5.935660506502396,7.4128228782287815,8,Active Customer,0,Low Churn Risk,0.0,33.35,Low Retention Priority
C0283,Retail,Logistics,North,2019-04-14,2024-09-04,31,44490975.8,1435192.7677419353,1970,5.393566050650239,5.74758883248731,119,At Risk,40,Moderate Churn Risk,44490975.8,30.4,Medium Retention Priority
C0284,Corporate,Manufacturing,East,2019-01-09,2024-12-23,41,69641823.4,1698581.0585365854,2175,5.95482546201232,6.885172413793104,9,Active Customer,0,Low Churn Risk,0.0,32.45,Low Retention Priority
C0285,Government,Infrastructure,West,2019-02-11,2024-12-05,47,54036327.8,1149709.1021276596,2124,5.815195071868583,8.082274011299434,27,Active Customer,0,Low Churn Risk,0.0,23.66,Low Retention Priority
C0286,Dealer,Construction,South,2019-01-06,2024-12-29,36,60273490.2,1674263.6166666667,2184,5.979466119096509,6.020604395604396,3,Active Customer,0,Low Churn Risk,0.0,22.6,Low Retention Priority
C0287,Dealer,Manufacturing,South,2019-03-22,2024-11-27,36,55179366.6,1532760.1833333333,2077,5.686516084873374,6.330765527202696,35,Active Customer,0,Low Churn Risk,0.0,18.34,Low Retention Priority
C0288,Dealer,Infrastructure,North,2019-02-21,2024-10-18,55,97218403.8,1767607.3418181818,2066,5.6563997262149215,9.723499515972895,75,At Risk,40,Moderate Churn Risk,97218403.8,63.9,High Retention Priority
C0289,Corporate,Logistics,South,2019-02-07,2024-10-29,35,50221149.2,1434889.9771428572,2091,5.724845995893224,6.113701578192252,64,At Risk,40,Moderate Churn Risk,50221149.2,37.88,Medium Retention Priority
C0290,Corporate,Construction,West,2019-03-04,2024-11-15,40,57372288.2,1434307.205,2083,5.702943189596167,7.013922227556409,47,Active Customer,0,Low Churn Risk,0.0,23.71,Low Retention Priority
C0291,Retail,Construction,South,2019-03-13,2024-12-03,46,79064597.0,1718795.5869565217,2092,5.727583846680356,8.031309751434033,29,Active Customer,0,Low Churn Risk,0.0,37.28,Low Retention Priority
C0292,Corporate,Rental,Central,2019-01-11,2024-04-28,27,30979627.8,1147393.6222222222,1934,5.295003422313484,5.099146845915201,248,Churned Customer,100,Critical Churn Risk,30979627.8,60.96,High Retention Priority
C0293,Dealer,Logistics,West,2019-01-19,2024-09-25,36,66815451.4,1855984.7611111111,2076,5.683778234086242,6.333815028901734,98,At Risk,40,Moderate Churn Risk,66815451.4,50.74,High Retention Priority
C0294,Government,Infrastructure,South,2019-03-26,2024-12-27,45,79772077.0,1772712.822222222,2103,5.757700205338809,7.815620542082739,5,Active Customer,0,Low Churn Risk,0.0,37.1,Low Retention Priority
C0295,Corporate,Mining,East,2019-03-07,2024-10-09,38,65390145.6,1720793.305263158,2043,5.593429158110883,6.793685756240822,84,At Risk,40,Moderate Churn Risk,65390145.6,52.06,Medium Retention Priority
C0296,Corporate,Manufacturing,East,2019-01-02,2024-11-07,40,56944680.8,1423617.02,2136,5.848049281314168,6.839887640449438,55,Active Customer,0,Low Churn Risk,0.0,23.21,Low Retention Priority
C0297,Fleet Owner,Rental,South,2019-02-13,2024-07-01,34,73065015.6,2148971.0470588235,1965,5.379876796714579,6.319847328244275,184,Churned Customer,100,Critical Churn Risk,73065015.6,87.64,Critical Retention Priority
C0298,Fleet Owner,Construction,South,2019-01-05,2024-11-20,33,46771231.0,1417310.0303030303,2146,5.87542778918549,5.6166123019571295,42,Active Customer,0,Low Churn Risk,0.0,9.52,Low Retention Priority
C0299,Retail,Logistics,South,2019-01-24,2024-08-30,34,48095055.8,1414560.4647058824,2045,5.598904859685147,6.072616136919315,124,Churn Risk,70,High Churn Risk,48095055.8,53.48,High Retention Priority
C0300,Dealer,Mining,North,2019-05-05,2024-11-18,40,72746205.0,1818655.125,2024,5.541409993155373,7.218379446640316,44,Active Customer,0,Low Churn Risk,0.0,32.96,Low Retention Priority
C0301,Dealer,Mining,East,2019-01-13,2024-12-19,46,63821535.6,1387424.6869565218,2167,5.932922655715264,7.753345639132441,13,Active Customer,0,Low Churn Risk,0.0,31.28,Low Retention Priority
C0302,Fleet Owner,Mining,West,2019-02-05,2024-12-24,36,63607092.0,1766863.6666666667,2149,5.883641341546886,6.118659841786878,8,Active Customer,0,Low Churn Risk,0.0,25.2,Low Retention Priority
C0303,Corporate,Mining,West,2019-04-05,2024-12-01,27,32465859.599999998,1202439.2444444443,2067,5.6591375770020536,4.771044992743106,31,Active Customer,0,Low Churn Risk,0.0,1.26,Low Retention Priority
C0304,Dealer,Construction,North,2019-01-26,2024-12-25,48,86460648.4,1801263.5083333335,2160,5.9137577002053385,8.116666666666667,7,Active Customer,0,Low Churn Risk,0.0,38.77,Low Retention Priority
C0305,Fleet Owner,Logistics,North,2019-05-16,2024-11-27,31,48238808.800000004,1556090.6064516131,2022,5.535934291581109,5.599777448071217,35,Active Customer,0,Low Churn Risk,0.0,9.0,Low Retention Priority
C0306,Fleet Owner,Manufacturing,East,2019-07-19,2024-12-16,42,69813587.0,1662228.261904762,1977,5.412731006160164,7.759484066767831,16,Active Customer,0,Low Churn Risk,0.0,33.01,Low Retention Priority
C0307,Dealer,Manufacturing,West,2019-01-15,2024-11-24,42,73655534.6,1753703.2047619047,2140,5.859000684462697,7.168457943925233,38,Active Customer,0,Low Churn Risk,0.0,34.36,Low Retention Priority
C0308,Retail,Mining,North,2019-02-19,2024-12-12,33,50359329.6,1526040.290909091,2123,5.812457221081451,5.677461139896373,20,Active Customer,0,Low Churn Risk,0.0,12.18,Low Retention Priority
C0309,Government,Manufacturing,West,2019-03-04,2024-12-17,31,38065991.6,1227935.2129032258,2115,5.790554414784395,5.35354609929078,15,Active Customer,0,Low Churn Risk,0.0,4.25,Low Retention Priority
C0310,Government,Infrastructure,East,2019-05-30,2024-11-07,39,59059490.6,1514345.912820513,1988,5.4428473648186175,7.165367203219316,55,Active Customer,0,Low Churn Risk,0.0,24.4,Low Retention Priority
C0311,Government,Infrastructure,North,2019-02-03,2024-09-17,41,69331648.2,1691015.8097560976,2053,5.620807665982204,7.294325377496347,106,At Risk,40,Moderate Churn Risk,69331648.2,56.1,High Retention Priority
C0312,Government,Construction,West,2019-04-16,2024-11-17,37,65437706.6,1768586.664864865,2042,5.590691307323751,6.618143976493633,45,Active Customer,0,Low Churn Risk,0.0,27.29,Low Retention Priority
C0313,Corporate,Mining,West,2019-05-28,2024-09-02,30,48205237.4,1606841.2466666666,1924,5.2676249144421625,5.6951663201663205,121,Churn Risk,70,High Churn Risk,48205237.4,50.09,High Retention Priority
C0314,Retail,Logistics,East,2019-01-22,2024-09-26,36,58625243.800000004,1628478.9944444445,2074,5.678302532511978,6.339922854387657,97,At Risk,40,Moderate Churn Risk,58625243.800000004,45.34,Medium Retention Priority
C0315,Dealer,Rental,West,2019-01-09,2024-12-17,40,61457629.4,1536440.7349999999,2169,5.938398357289528,6.73582295988935,15,Active Customer,0,Low Churn Risk,0.0,27.16,Low Retention Priority
C0316,Dealer,Manufacturing,East,2019-03-08,2024-09-22,33,45390754.0,1375477.393939394,2025,5.544147843942505,5.952222222222223,101,At Risk,40,Moderate Churn Risk,45390754.0,32.83,Medium Retention Priority
C0317,Corporate,Manufacturing,South,2019-01-17,2024-12-25,32,43291415.2,1352856.725,2169,5.938398357289528,5.3886583679114795,7,Active Customer,0,Low Churn Risk,0.0,6.86,Low Retention Priority
C0318,Corporate,Logistics,North,2019-01-08,2024-10-17,36,62202116.0,1727836.5555555555,2109,5.774127310061601,6.23470839260313,76,At Risk,40,Moderate Churn Risk,62202116.0,48.2,Medium Retention Priority
C0319,Dealer,Mining,South,2019-05-16,2024-12-08,33,60426895.0,1831118.0303030303,2033,5.566050650239562,5.9287998032464335,24,Active Customer,0,Low Churn Risk,0.0,19.82,Low Retention Priority
C0320,Retail,Construction,North,2019-04-01,2024-12-30,34,53574056.6,1575707.5470588235,2100,5.749486652977413,5.913571428571428,2,Active Customer,0,Low Churn Risk,0.0,15.18,Low Retention Priority
C0321,Retail,Logistics,South,2019-01-04,2024-06-28,38,54558976.4,1435762.5368421052,2002,5.4811772758384665,6.932817182817184,187,Churned Customer,100,Critical Churn Risk,54558976.4,79.72,High Retention Priority
C0322,Government,Construction,West,2019-04-10,2024-12-10,28,40996678.0,1464167.0714285714,2071,5.670088980150582,4.938194109126026,22,Active Customer,0,Low Churn Risk,0.0,3.16,Low Retention Priority
C0323,Government,Manufacturing,West,2019-01-11,2024-12-22,36,50291498.8,1396986.0777777778,2172,5.946611909650924,6.053867403314917,10,Active Customer,0,Low Churn Risk,0.0,15.04,Low Retention Priority
C0324,Corporate,Mining,South,2019-01-24,2024-08-24,35,52335374.8,1495296.4228571428,2039,5.582477754962355,6.269617459538989,130,Churn Risk,70,High Churn Risk,52335374.8,57.38,High Retention Priority
C0325,Corporate,Rental,East,2019-03-03,2024-11-09,30,52920013.4,1764000.4466666665,2078,5.689253935660506,5.273099133782483,53,Active Customer,0,Low Churn Risk,0.0,11.04,Low Retention Priority
C0326,Government,Mining,East,2019-03-14,2024-12-30,42,66177447.4,1575653.5095238094,2118,5.798767967145791,7.242917847025495,2,Active Customer,0,Low Churn Risk,0.0,30.96,Low Retention Priority
C0327,Retail,Mining,West,2019-02-01,2024-12-06,43,61017008.6,1419000.2,2135,5.845311430527036,7.35632318501171,26,Active Customer,0,Low Churn Risk,0.0,28.16,Low Retention Priority
C0328,Government,Rental,East,2019-01-03,2024-12-05,37,62646507.6,1693148.854054054,2163,5.921971252566735,6.247919556171984,27,Active Customer,0,Low Churn Risk,0.0,25.64,Low Retention Priority
C0329,Dealer,Infrastructure,Central,2019-01-03,2024-12-26,36,64307436.8,1786317.6888888888,2184,5.979466119096509,6.020604395604396,6,Active Customer,0,Low Churn Risk,0.0,25.64,Low Retention Priority
C0330,Retail,Infrastructure,East,2019-02-12,2024-08-10,38,54285450.6,1428564.4894736842,2006,5.492128678986996,6.9189930209371875,144,Churn Risk,70,High Churn Risk,54285450.6,61.52,High Retention Priority
C0331,Dealer,Logistics,North,2019-04-12,2024-12-15,42,67826105.8,1614907.280952381,2074,5.678302532511978,7.396576663452266,17,Active Customer,0,Low Churn Risk,0.0,31.82,Low Retention Priority
C0332,Corporate,Mining,South,2019-01-19,2024-11-11,35,44566684.4,1273333.8399999999,2123,5.812457221081451,6.021549693829487,51,Active Customer,0,Low Churn Risk,0.0,10.18,Low Retention Priority
C0333,Corporate,Mining,South,2019-01-09,2024-12-02,39,63220923.0,1621049.3076923077,2154,5.897330595482546,6.61316155988858,30,Active Customer,0,Low Churn Risk,0.0,27.66,Low Retention Priority
C0334,Corporate,Mining,South,2019-01-03,2024-08-24,33,37526956.6,1137180.5030303032,2060,5.639972621492129,5.851092233009708,130,Churn Risk,70,High Churn Risk,37526956.6,47.98,High Retention Priority
C0335,Government,Infrastructure,North East,2019-01-31,2024-11-03,38,60351028.0,1588184.9473684211,2103,5.757700205338809,6.599857346647647,59,Active Customer,0,Low Churn Risk,0.0,24.62,Low Retention Priority
C0336,Government,Rental,East,2019-04-29,2024-09-26,33,39095696.4,1184718.0727272728,1977,5.412731006160164,6.096737481031867,97,At Risk,40,Moderate Churn Risk,39095696.4,30.42,Medium Retention Priority
C0337,Corporate,Manufacturing,North,2019-04-15,2024-08-25,34,73457151.8,2160504.464705882,1959,5.363449691991787,6.339203675344563,129,Churn Risk,70,High Churn Risk,73457151.8,69.84,Critical Retention Priority
C0338,Corporate,Rental,West,2019-02-01,2024-11-23,33,52210070.0,1582123.3333333333,2122,5.809719370294319,5.680136663524976,39,Active Customer,0,Low Churn Risk,0.0,13.48,Low Retention Priority
C0339,Fleet Owner,Logistics,South,2019-05-01,2024-08-16,24,40193008.4,1674708.6833333333,1934,5.295003422313484,4.532574974146846,138,Churn Risk,70,High Churn Risk,40193008.4,43.86,High Retention Priority
C0340,Government,Mining,South,2019-01-05,2024-12-04,35,63532821.6,1815223.4742857143,2160,5.9137577002053385,5.918402777777778,28,Active Customer,0,Low Churn Risk,0.0,23.98,Low Retention Priority
C0341,Fleet Owner,Mining,North,2019-03-10,2024-10-07,36,66838579.4,1856627.2055555554,2038,5.579739904175223,6.451913640824337,86,At Risk,40,Moderate Churn Risk,66838579.4,50.79,High Retention Priority
C0342,Dealer,Infrastructure,North,2019-12-04,2024-10-09,36,72821567.8,2022821.3277777778,1771,4.848733744010952,7.424618859401468,84,At Risk,40,Moderate Churn Risk,72821567.8,53.54,High Retention Priority
C0343,Corporate,Construction,West,2019-02-28,2024-11-21,40,68419201.6,1710480.0399999998,2093,5.730321697467488,6.980410893454372,41,Active Customer,0,Low Churn Risk,0.0,31.11,Low Retention Priority
C0344,Fleet Owner,Mining,West,2019-01-04,2024-06-17,28,48151864.0,1719709.4285714286,1991,5.451060917180014,5.1366147664490205,198,Churned Customer,100,Critical Churn Risk,48151864.0,66.81,High Retention Priority
C0345,Retail,Infrastructure,West,2019-02-21,2024-11-20,40,50444735.6,1261118.3900000001,2099,5.746748802190281,6.960457360647927,42,Active Customer,0,Low Churn Risk,0.0,18.86,Low Retention Priority
C0346,Retail,Construction,East,2019-01-21,2024-11-15,39,54686860.8,1402227.2,2125,5.817932922655715,6.703411764705883,47,Active Customer,0,Low Churn Risk,0.0,20.86,Low Retention Priority
C0347,Retail,Mining,North,2019-03-04,2024-12-03,24,22536660.4,939027.5166666666,2101,5.752224503764545,4.172298905283198,29,Active Customer,0,Low Churn Risk,0.0,0.16,Low Retention Priority
C0348,Retail,Logistics,North,2019-04-15,2024-10-24,34,50897650.4,1496989.717647059,2019,5.5277207392197125,6.150817236255572,69,At Risk,40,Moderate Churn Risk,50897650.4,37.74,Medium Retention Priority
C0349,Corporate,Rental,West,2019-01-31,2024-10-19,33,56613876.0,1715572.0,2088,5.716632443531828,5.772629310344827,74,At Risk,40,Moderate Churn Risk,56613876.0,40.42,Medium Retention Priority
C0350,Dealer,Logistics,North East,2019-05-03,2024-11-25,32,41227777.0,1288368.03125,2033,5.566050650239562,5.749139203148057,37,Active Customer,0,Low Churn Risk,0.0,6.02,Low Retention Priority
C0351,Corporate,Rental,East,2019-03-29,2024-09-12,34,44776790.6,1316964.4294117647,1994,5.45927446954141,6.2279338014042125,111,At Risk,40,Moderate Churn Risk,44776790.6,33.44,Medium Retention Priority
C0352,Corporate,Mining,South,2019-02-23,2024-11-11,30,40262666.2,1342088.8733333335,2088,5.716632443531828,5.247844827586206,51,Active Customer,0,Low Churn Risk,0.0,4.14,Low Retention Priority
C0353,Dealer,Manufacturing,North,2019-01-16,2024-10-08,27,31979908.6,1184441.0592592594,2092,5.727583846680356,4.714029636711281,85,At Risk,40,Moderate Churn Risk,31979908.6,25.16,Medium Retention Priority
C0354,Corporate,Logistics,South,2019-01-06,2024-12-25,37,56690884.8,1532186.0756756756,2180,5.968514715947981,6.199197247706422,7,Active Customer,0,Low Churn Risk,0.0,20.54,Low Retention Priority
C0355,Government,Infrastructure,South,2019-01-03,2024-12-18,32,58903770.4,1840742.825,2176,5.9575633127994525,5.3713235294117645,14,Active Customer,0,Low Churn Risk,0.0,17.57,Low Retention Priority
C0356,Dealer,Mining,East,2019-03-16,2024-12-05,45,79690881.0,1770908.4666666666,2091,5.724845995893224,7.860473457675753,27,Active Customer,0,Low Churn Risk,0.0,37.05,Low Retention Priority
C0357,Corporate,Mining,West,2019-01-05,2024-11-17,28,57734552.2,2061948.2928571429,2143,5.867214236824093,4.772281847876808,45,Active Customer,0,Low Churn Risk,0.0,13.71,Low Retention Priority
C0358,Government,Infrastructure,West,2019-04-17,2024-10-01,36,59405501.6,1650152.8222222223,1994,5.45927446954141,6.594282848545637,92,At Risk,40,Moderate Churn Risk,59405501.6,46.0,Medium Retention Priority
C0359,Fleet Owner,Mining,South,2019-02-12,2024-11-28,46,85617784.0,1861256.1739130435,2116,5.793292265571527,7.940217391304348,34,Active Customer,0,Low Churn Risk,0.0,38.18,Low Retention Priority
C0360,Dealer,Construction,West,2019-05-25,2024-11-17,31,54662201.0,1763296.8064516129,2003,5.4839151266255985,5.652895656515228,45,Active Customer,0,Low Churn Risk,0.0,13.15,Low Retention Priority
C0361,Government,Logistics,South,2019-01-15,2024-09-26,32,52532617.8,1641644.30625,2081,5.6974674880219025,5.616530514175877,97,At Risk,40,Moderate Churn Risk,52532617.8,36.61,Medium Retention Priority
C0362,Corporate,Rental,West,2019-02-26,2024-10-11,37,53495189.2,1445815.9243243244,2054,5.623545516769336,6.5794790652385595,82,At Risk,40,Moderate Churn Risk,53495189.2,42.09,Medium Retention Priority
C0363,Fleet Owner,Logistics,South,2019-05-10,2024-11-07,32,53560072.2,1673752.25625,2008,5.49760438056126,5.820717131474103,55,Active Customer,0,Low Churn Risk,0.0,13.22,Low Retention Priority
C0364,Government,Infrastructure,East,2019-03-14,2024-11-18,32,54408370.8,1700261.5875,2076,5.683778234086242,5.630057803468208,44,Active Customer,0,Low Churn Risk,0.0,13.82,Low Retention Priority
C0365,Government,Manufacturing,East,2019-01-04,2024-09-15,39,60336743.2,1547095.9794871795,2081,5.6974674880219025,6.84514656415185,108,At Risk,40,Moderate Churn Risk,60336743.2,49.4,Medium Retention Priority
C0366,Corporate,Logistics,East,2019-03-09,2024-10-26,26,43711261.800000004,1681202.376923077,2058,5.634496919917864,4.614431486880467,67,At Risk,40,Moderate Churn Risk,43711261.800000004,27.3,Medium Retention Priority
C0367,Fleet Owner,Logistics,South,2019-02-28,2024-11-04,27,57592654.8,2133061.288888889,2076,5.683778234086242,4.750361271676301,58,Active Customer,0,Low Churn Risk,0.0,13.16,Low Retention Priority
C0368,Fleet Owner,Construction,South,2019-02-17,2024-11-01,31,51837532.8,1672178.4774193547,2084,5.705681040383299,5.433181381957774,61,At Risk,40,Moderate Churn Risk,51837532.8,35.25,Medium Retention Priority
C0369,Government,Manufacturing,West,2019-01-26,2024-12-13,40,64656844.2,1616421.105,2148,5.880903490759754,6.801675977653631,19,Active Customer,0,Low Churn Risk,0.0,29.31,Low Retention Priority
C0370,Corporate,Infrastructure,East,2019-02-18,2024-12-18,36,53881174.6,1496699.2944444446,2130,5.831622176591376,6.173239436619719,14,Active Customer,0,Low Churn Risk,0.0,17.34,Low Retention Priority
C0371,Retail,Rental,South,2019-01-03,2024-11-02,47,82052808.0,1745804.425531915,2130,5.831622176591376,8.059507042253522,60,Active Customer,0,Low Churn Risk,0.0,38.02,Low Retention Priority
C0372,Government,Logistics,South,2019-02-15,2024-07-10,36,52822436.0,1467289.888888889,1972,5.3990417522245036,6.667849898580122,175,Churn Risk,70,High Churn Risk,52822436.0,58.64,High Retention Priority
C0373,Corporate,Manufacturing,South,2019-04-03,2024-09-02,38,69753317.8,1835613.6263157893,1979,5.418206707734429,7.0133906013137945,121,Churn Risk,70,High Churn Risk,69753317.8,72.42,Critical Retention Priority
C0374,Corporate,Manufacturing,West,2019-03-07,2024-12-10,41,68389697.6,1668041.4048780487,2105,5.763175906913073,7.114133016627079,22,Active Customer,0,Low Churn Risk,0.0,31.6,Low Retention Priority
C0375,Fleet Owner,Mining,West,2019-02-20,2024-11-03,42,81286325.6,1935388.7047619047,2083,5.702943189596167,7.36461833893423,59,Active Customer,0,Low Churn Risk,0.0,36.11,Low Retention Priority
C0376,Retail,Construction,North,2019-07-01,2024-11-24,29,52106248.6,1796767.1931034483,1973,5.401779603011636,5.3686011150532185,38,Active Customer,0,Low Churn Risk,0.0,10.12,Low Retention Priority
C0377,Dealer,Logistics,West,2019-02-01,2024-12-07,37,68519191.2,1851870.0324324325,2136,5.848049281314168,6.32689606741573,25,Active Customer,0,Low Churn Risk,0.0,28.89,Low Retention Priority
C0378,Retail,Manufacturing,North,2019-01-19,2024-11-16,35,50644577.199999996,1446987.92,2128,5.8261464750171115,6.0074013157894735,46,Active Customer,0,Low Churn Risk,0.0,14.43,Low Retention Priority
C0379,Retail,Mining,West,2019-03-29,2024-12-15,41,64194052.6,1565708.6,2088,5.716632443531828,7.172054597701149,17,Active Customer,0,Low Churn Risk,0.0,29.55,Low Retention Priority
C0380,Fleet Owner,Manufacturing,South,2019-01-29,2024-11-03,50,77887431.8,1557748.636,2105,5.763175906913073,8.675771971496438,59,Active Customer,0,Low Churn Risk,0.0,37.94,Low Retention Priority
C0381,Corporate,Mining,South,2019-07-06,2024-11-17,29,62038399.0,2139255.1379310344,1961,5.368925393566051,5.401453340132585,45,Active Customer,0,Low Churn Risk,0.0,17.83,Low Retention Priority
C0382,Retail,Manufacturing,South,2019-04-17,2024-11-19,33,42929317.0,1300888.393939394,2043,5.593429158110883,5.899779735682819,43,Active Customer,0,Low Churn Risk,0.0,7.67,Low Retention Priority
C0383,Fleet Owner,Infrastructure,North,2019-02-18,2024-11-19,41,68192154.0,1663223.268292683,2101,5.752224503764545,7.127677296525464,43,Active Customer,0,Low Churn Risk,0.0,31.55,Low Retention Priority
C0384,Retail,Construction,South,2019-02-05,2024-09-09,39,72157498.2,1850192.2615384615,2043,5.593429158110883,6.972466960352423,114,At Risk,40,Moderate Churn Risk,72157498.2,56.1,High Retention Priority
C0385,Corporate,Manufacturing,West,2019-07-27,2024-09-23,37,67435700.6,1822586.5027027025,1885,5.160848733744011,7.1693633952254645,100,At Risk,40,Moderate Churn Risk,67435700.6,52.29,High Retention Priority
C0386,Retail,Construction,North,2019-04-23,2024-11-04,32,48819152.6,1525598.51875,2022,5.535934291581109,5.7804154302670625,58,Active Customer,0,Low Churn Risk,0.0,10.26,Low Retention Priority
C0387,Dealer,Infrastructure,East,2019-01-02,2024-10-26,34,47133318.0,1386274.0588235294,2124,5.815195071868583,5.846751412429379,67,At Risk,40,Moderate Churn Risk,47133318.0,34.98,Medium Retention Priority
C0388,Fleet Owner,Infrastructure,West,2019-03-21,2024-12-12,27,39389408.6,1458866.9851851852,2093,5.730321697467488,4.7117773530817,20,Active Customer,0,Low Churn Risk,0.0,2.22,Low Retention Priority
C0389,Retail,Mining,West,2019-04-04,2024-11-25,30,48796477.0,1626549.2333333334,2062,5.645448323066393,5.314015518913676,37,Active Customer,0,Low Churn Risk,0.0,8.49,Low Retention Priority
C0390,Fleet Owner,Construction,North,2019-03-23,2024-11-09,32,64132451.0,2004139.09375,2058,5.634496919917864,5.67930029154519,53,Active Customer,0,Low Churn Risk,0.0,21.56,Low Retention Priority
C0391,Government,Construction,West,2019-01-14,2024-11-30,33,47080496.4,1426681.709090909,2147,5.878165639972622,5.613996273870517,32,Active Customer,0,Low Churn Risk,0.0,9.88,Low Retention Priority
C0392,Fleet Owner,Logistics,East,2019-02-11,2024-12-12,31,38571708.8,1244248.6709677419,2131,5.834360027378508,5.313350539652745,20,Active Customer,0,Low Churn Risk,0.0,4.35,Low Retention Priority
C0393,Retail,Rental,East,2019-03-27,2024-12-18,39,51240981.8,1313871.3282051282,2093,5.730321697467488,6.805900621118012,14,Active Customer,0,Low Churn Risk,0.0,18.6,Low Retention Priority
C0394,Government,Construction,South,2019-03-08,2024-11-21,40,69936379.2,1748409.48,2085,5.708418891170431,7.007194244604317,41,Active Customer,0,Low Churn Risk,0.0,32.06,Low Retention Priority
C0395,Corporate,Manufacturing,East,2019-02-21,2024-12-20,44,64514679.8,1466242.7227272727,2129,5.8288843258042435,7.548614372945045,12,Active Customer,0,Low Churn Risk,0.0,30.95,Low Retention Priority
C0396,Government,Manufacturing,West,2019-01-14,2024-12-07,38,64506474.4,1697538.8,2154,5.897330595482546,6.443593314763231,25,Active Customer,0,Low Churn Risk,0.0,27.62,Low Retention Priority
C0397,Fleet Owner,Mining,West,2019-02-11,2024-11-22,36,56279511.4,1563319.7611111111,2111,5.779603011635865,6.2288015158692565,40,Active Customer,0,Low Churn Risk,0.0,19.0,Low Retention Priority
C0398,Government,Rental,South,2019-09-10,2024-12-02,35,57843305.6,1652665.8742857142,1910,5.229295003422314,6.6930628272251305,30,Active Customer,0,Low Churn Risk,0.0,19.54,Low Retention Priority
C0399,Fleet Owner,Rental,South,2019-01-03,2024-12-25,39,59287998.0,1520205.076923077,2183,5.976728268309377,6.525309207512597,7,Active Customer,0,Low Churn Risk,0.0,24.66,Low Retention Priority
C0400,Government,Infrastructure,North,2019-04-06,2024-10-23,35,51694363.6,1476981.8171428572,2027,5.549623545516769,6.306734089787864,70,At Risk,40,Moderate Churn Risk,51694363.6,38.93,Medium Retention Priority
C0401,Government,Logistics,North East,2019-01-11,2024-10-25,36,58231157.8,1617532.161111111,2114,5.7878165639972625,6.21996215704825,68,At Risk,40,Moderate Churn Risk,58231157.8,45.2,Medium Retention Priority
C0402,Fleet Owner,Rental,South,2019-01-25,2024-07-12,35,43498305.199999996,1242808.72,1995,5.462012320328542,6.407894736842105,173,Churn Risk,70,High Churn Risk,43498305.199999996,51.74,High Retention Priority
C0403,Government,Construction,East,2019-02-19,2024-12-10,45,80523517.0,1789411.4888888889,2121,5.806981519507187,7.749292786421499,22,Active Customer,0,Low Churn Risk,0.0,37.25,Low Retention Priority
C0404,Government,Mining,West,2019-02-10,2024-12-26,31,46035794.4,1485025.6258064515,2146,5.87542778918549,5.27621155638397,6,Active Customer,0,Low Churn Risk,0.0,7.25,Low Retention Priority
C0405,Corporate,Infrastructure,West,2019-01-30,2024-06-25,32,50787823.0,1587119.46875,1973,5.401779603011636,5.923973644196655,190,Churned Customer,100,Critical Churn Risk,50787823.0,71.72,High Retention Priority
C0406,Dealer,Logistics,West,2019-02-25,2024-10-11,32,64818334.4,2025572.95,2055,5.626283367556468,5.687591240875912,82,At Risk,40,Moderate Churn Risk,64818334.4,45.96,Medium Retention Priority
C0407,Dealer,Logistics,South,2019-02-01,2024-12-25,38,54609453.4,1437090.8789473684,2154,5.897330595482546,6.443593314763231,7,Active Customer,0,Low Churn Risk,0.0,19.82,Low Retention Priority
C0408,Government,Infrastructure,South,2019-07-06,2024-11-02,36,60127186.2,1670199.6166666667,1946,5.327857631759069,6.75693730729702,60,Active Customer,0,Low Churn Risk,0.0,22.44,Low Retention Priority
C0409,Government,Logistics,West,2019-01-19,2024-10-09,45,60821412.6,1351586.9466666668,2090,5.722108145106092,7.864234449760765,84,At Risk,40,Moderate Churn Risk,60821412.6,52.75,Medium Retention Priority
C0410,Corporate,Mining,South,2019-03-03,2024-11-27,39,59804309.8,1533443.841025641,2096,5.738535249828884,6.796159351145038,35,Active Customer,0,Low Churn Risk,0.0,25.0,Low Retention Priority
C0411,Corporate,Mining,South,2019-07-14,2024-12-12,43,72229183.0,1679748.441860465,1978,5.415468856947296,7.940217391304349,20,Active Customer,0,Low Churn Risk,0.0,34.21,Low Retention Priority
C0412,Corporate,Infrastructure,East,2019-04-20,2024-05-28,32,43246987.6,1351468.3625,1865,5.106091718001369,6.2670241286863275,218,Churned Customer,100,Critical Churn Risk,43246987.6,66.82,High Retention Priority
C0413,Fleet Owner,Manufacturing,South,2019-02-06,2024-11-08,41,62380011.4,1521463.6926829268,2102,5.754962354551677,7.124286393910562,54,Active Customer,0,Low Churn Risk,0.0,28.4,Low Retention Priority
C0414,Dealer,Construction,South,2019-02-16,2024-12-31,40,66316815.6,1657920.3900000001,2145,5.8726899383983575,6.811188811188811,1,Active Customer,0,Low Churn Risk,0.0,30.11,Low Retention Priority
C0415,Government,Infrastructure,North East,2019-03-21,2024-10-11,33,68592455.6,2078559.2606060605,2031,5.560574948665297,5.934638109305761,82,At Risk,40,Moderate Churn Risk,68592455.6,48.88,High Retention Priority
C0416,Dealer,Manufacturing,South,2019-01-05,2024-10-20,37,46006682.0,1243423.8378378379,2115,5.790554414784395,6.389716312056737,73,At Risk,40,Moderate Churn Risk,46006682.0,37.14,Medium Retention Priority
C0417,Fleet Owner,Mining,East,2019-12-18,2024-09-11,32,51984530.4,1624516.575,1729,4.733744010951403,6.759976865240024,112,At Risk,40,Moderate Churn Risk,51984530.4,36.32,Medium Retention Priority
C0418,Government,Mining,West,2019-03-18,2024-11-14,30,47167025.6,1572234.1866666668,2068,5.661875427789186,5.298597678916828,48,Active Customer,0,Low Churn Risk,0.0,7.39,Low Retention Priority
C0419,Fleet Owner,Logistics,West,2019-03-05,2024-09-30,31,61514207.2,1984329.2645161292,2036,5.574264202600959,5.5612721021611,93,At Risk,40,Moderate Churn Risk,61514207.2,42.95,Medium Retention Priority
C0420,Retail,Rental,South,2019-01-10,2024-11-22,46,92482888.8,2010497.5826086956,2143,5.867214236824093,7.840177321511899,40,Active Customer,0,Low Churn Risk,0.0,38.68,Low Retention Priority
C0421,Retail,Construction,South,2019-04-06,2024-06-21,38,69466242.8,1828059.0210526315,1903,5.210130047912389,7.293483972674724,194,Churned Customer,100,Critical Churn Risk,69466242.8,90.26,Critical Retention Priority
C0422,Government,Construction,South,2019-09-19,2024-11-04,37,65678984.2,1775107.6810810813,1873,5.127994524298426,7.215296316070474,58,Active Customer,0,Low Churn Risk,0.0,27.49,Low Retention Priority
C0423,Dealer,Infrastructure,South,2019-02-25,2024-11-09,30,46894840.4,1563161.3466666667,2084,5.705681040383299,5.257917466410749,53,Active Customer,0,Low Churn Risk,0.0,6.89,Low Retention Priority
C0424,Retail,Construction,West,2019-03-22,2024-09-23,35,58183379.4,1662382.2685714285,2012,5.508555783709788,6.353752485089463,100,At Risk,40,Moderate Churn Risk,58183379.4,43.98,Medium Retention Priority
C0425,Dealer,Manufacturing,South,2019-01-17,2024-12-09,41,67882732.6,1655676.4048780487,2153,5.894592744695414,6.95552717138876,23,Active Customer,0,Low Churn Risk,0.0,31.4,Low Retention Priority
C0426,Dealer,Infrastructure,North East,2019-02-20,2024-12-03,35,57207251.0,1634492.8857142858,2113,5.7850787132101305,6.050047326076668,29,Active Customer,0,Low Churn Risk,0.0,18.98,Low Retention Priority
C0427,Corporate,Mining,West,2019-02-07,2024-11-26,41,53149424.199999996,1296327.419512195,2119,5.801505817932923,7.067130722038697,36,Active Customer,0,Low Churn Risk,0.0,20.8,Low Retention Priority
C0428,Retail,Construction,North,2019-01-25,2024-08-26,43,66337820.6,1542740.0139534883,2040,5.585215605749487,7.698897058823529,128,Churn Risk,70,High Churn Risk,66337820.6,73.51,High Retention Priority
C0429,Fleet Owner,Logistics,West,2019-02-08,2024-10-21,42,69444114.2,1653431.2904761906,2082,5.700205338809035,7.368155619596542,72,At Risk,40,Moderate Churn Risk,69444114.2,56.66,High Retention Priority
C0430,Retail,Manufacturing,West,2019-03-08,2024-10-11,27,44879330.8,1662197.437037037,2044,5.596167008898015,4.824730919765166,82,At Risk,40,Moderate Churn Risk,44879330.8,28.26,Medium Retention Priority
C0431,Government,Logistics,West,2019-06-09,2024-07-05,28,45787279.2,1635259.9714285715,1853,5.073237508555784,5.519158121964382,180,Churn Risk,70,High Churn Risk,45787279.2,47.26,High Retention Priority
C0432,Fleet Owner,Mining,South,2019-01-26,2024-10-04,37,49310040.800000004,1332703.8054054056,2078,5.689253935660506,6.503488931665062,89,At Risk,40,Moderate Churn Risk,49310040.800000004,39.64,Medium Retention Priority
C0433,Dealer,Infrastructure,North,2019-09-11,2024-05-27,31,57020323.4,1839365.270967742,1720,4.7091033538672145,6.582994186046511,219,Churned Customer,100,Critical Churn Risk,57020323.4,75.0,High Retention Priority
C0434,Corporate,Mining,Central,2019-01-05,2024-10-26,33,54575670.2,1653808.187878788,2121,5.806981519507187,5.682814710042432,67,At Risk,40,Moderate Churn Risk,54575670.2,38.88,Medium Retention Priority
C0435,Dealer,Manufacturing,South,2019-10-11,2024-11-01,50,73908258.2,1478165.164,1848,5.059548254620124,9.882305194805195,61,At Risk,40,Moderate Churn Risk,73908258.2,60.89,High Retention Priority
C0436,Fleet Owner,Logistics,East,2019-02-01,2024-12-15,34,57784314.2,1699538.6529411767,2144,5.8699520876112254,5.792210820895522,17,Active Customer,0,Low Churn Risk,0.0,18.54,Low Retention Priority
C0437,Dealer,Mining,West,2019-02-09,2024-12-21,30,46199550.2,1539985.0066666668,2142,5.864476386036961,5.1155462184873945,11,Active Customer,0,Low Churn Risk,0.0,6.49,Low Retention Priority
C0438,Corporate,Rental,East,2019-06-17,2024-09-01,39,61720027.0,1582564.7948717948,1903,5.210130047912389,7.485417761429321,122,Churn Risk,70,High Churn Risk,61720027.0,68.7,High Retention Priority
C0439,Dealer,Construction,South,2019-03-21,2024-12-22,36,47576062.0,1321557.2777777778,2103,5.757700205338809,6.252496433666192,10,Active Customer,0,Low Churn Risk,0.0,13.24,Low Retention Priority
C0440,Retail,Manufacturing,South,2019-01-29,2024-10-21,44,82426773.6,1873335.7636363634,2092,5.727583846680356,7.682122370936902,72,At Risk,40,Moderate Churn Risk,82426773.6,61.05,High Retention Priority
C0441,Dealer,Construction,North,2019-01-17,2024-10-19,31,47045233.8,1517588.187096774,2102,5.754962354551677,5.386655566127498,74,At Risk,40,Moderate Churn Risk,47045233.8,31.95,Medium Retention Priority
C0442,Dealer,Logistics,East,2019-01-28,2024-10-20,33,53527848.6,1622056.0181818183,2092,5.727583846680356,5.761591778202677,73,At Risk,40,Moderate Churn Risk,53527848.6,38.12,Medium Retention Priority
C0443,Dealer,Infrastructure,East,2019-03-27,2024-11-18,40,64951558.8,1623788.97,2063,5.648186173853525,7.081919534658264,44,Active Customer,0,Low Churn Risk,0.0,29.46,Low Retention Priority
C0444,Dealer,Manufacturing,South,2019-02-25,2024-01-08,30,50928809.0,1697626.9666666666,1778,4.867898699520876,6.162823397075366,359,Churned Customer,100,Critical Churn Risk,50928809.0,70.14,High Retention Priority
C0445,Government,Mining,East,2019-04-04,2024-12-28,28,57177744.4,2042062.3,2095,5.735797399041752,4.88162291169451,4,Active Customer,0,Low Churn Risk,0.0,13.16,Low Retention Priority
C0446,Retail,Logistics,South,2019-02-03,2024-10-16,34,52035543.6,1530457.1647058823,2082,5.700205338809035,5.964697406340058,77,At Risk,40,Moderate Churn Risk,52035543.6,38.34,Medium Retention Priority
C0447,Fleet Owner,Rental,East,2019-05-16,2024-12-23,33,61334243.8,1858613.4484848485,2048,5.607118412046543,5.8853759765625,9,Active Customer,0,Low Churn Risk,0.0,20.62,Low Retention Priority
C0448,Fleet Owner,Logistics,East,2019-03-13,2024-12-11,36,68495840.4,1902662.2333333334,2100,5.749486652977413,6.261428571428572,21,Active Customer,0,Low Churn Risk,0.0,27.7,Low Retention Priority
C0449,Fleet Owner,Logistics,West,2019-07-19,2024-11-19,32,55700286.8,1740633.9625,1950,5.338809034907597,5.993846153846154,43,Active Customer,0,Low Churn Risk,0.0,14.87,Low Retention Priority
C0450,Fleet Owner,Construction,East,2019-01-15,2024-09-12,38,55345960.4,1456472.6421052632,2067,5.6591375770020536,6.714804063860668,111,At Risk,40,Moderate Churn Risk,55345960.4,44.32,Medium Retention Priority
C0451,Government,Manufacturing,East,2019-01-07,2024-07-06,37,49725150.4,1343922.9837837839,2007,5.494866529774128,6.733557548579969,179,Churn Risk,70,High Churn Risk,49725150.4,57.89,High Retention Priority
C0452,Fleet Owner,Mining,South,2019-03-05,2024-12-27,35,40090449.2,1145441.4057142858,2124,5.815195071868583,6.018714689265536,5,Active Customer,0,Low Churn Risk,0.0,8.59,Low Retention Priority
C0453,Dealer,Mining,East,2019-05-25,2024-12-01,31,59284873.8,1912415.2838709676,2017,5.522245037645448,5.613658899355478,31,Active Customer,0,Low Churn Risk,0.0,17.0,Low Retention Priority
C0454,Government,Mining,West,2019-02-08,2024-11-14,33,41820500.6,1267287.896969697,2106,5.765913757700205,5.723290598290599,48,Active Customer,0,Low Churn Risk,0.0,7.17,Low Retention Priority
C0455,Retail,Logistics,Central,2019-04-27,2024-11-27,35,63287015.4,1808200.44,2041,5.587953456536619,6.263473787359137,35,Active Customer,0,Low Churn Risk,0.0,23.84,Low Retention Priority
C0456,Corporate,Mining,North,2019-02-23,2024-10-16,27,31514609.0,1167207.7407407407,2062,5.645448323066393,4.782613967022308,77,At Risk,40,Moderate Churn Risk,31514609.0,25.06,Medium Retention Priority
C0457,Retail,Manufacturing,East,2019-01-13,2024-11-15,33,56578805.4,1714509.2545454544,2133,5.839835728952772,5.650843881856541,47,Active Customer,0,Low Churn Risk,0.0,16.32,Low Retention Priority
C0458,Dealer,Manufacturing,West,2019-07-09,2024-12-28,38,50799400.6,1336826.3315789474,1999,5.47296372347707,6.943221610805403,4,Active Customer,0,Low Churn Risk,0.0,17.62,Low Retention Priority
C0459,Retail,Logistics,East,2019-03-10,2024-12-14,41,71816909.8,1751631.9463414634,2106,5.765913757700205,7.110754985754986,18,Active Customer,0,Low Churn Risk,0.0,33.1,Low Retention Priority
C0460,Dealer,Logistics,South,2019-04-06,2024-11-25,32,64634814.4,2019837.95,2060,5.639972621492129,5.67378640776699,37,Active Customer,0,Low Churn Risk,0.0,21.86,Low Retention Priority
C0461,Corporate,Infrastructure,North,2019-02-27,2024-10-31,36,56714684.2,1575407.8944444444,2073,5.675564681724846,6.342981186685963,62,At Risk,40,Moderate Churn Risk,56714684.2,43.5,Medium Retention Priority
C0462,Retail,Logistics,South,2019-01-06,2024-11-13,49,82777824.6,1689343.3591836733,2138,5.853524982888432,8.371024321796071,49,Active Customer,0,Low Churn Risk,0.0,38.58,Low Retention Priority
C0463,Dealer,Mining,West,2019-01-10,2024-08-22,35,55370560.0,1582016.0,2051,5.61533196440794,6.232935153583618,132,Churn Risk,70,High Churn Risk,55370560.0,59.43,High Retention Priority
C0464,Corporate,Infrastructure,North,2019-01-18,2024-09-13,38,67405736.8,1773835.1789473684,2065,5.653661875427789,6.721307506053268,110,At Risk,40,Moderate Churn Risk,67405736.8,53.06,High Retention Priority
C0465,Fleet Owner,Mining,South,2019-03-12,2024-12-12,35,48083241.6,1373806.902857143,2102,5.754962354551677,6.081707897240723,20,Active Customer,0,Low Churn Risk,0.0,12.34,Low Retention Priority
C0466,Retail,Manufacturing,South,2019-03-19,2024-12-13,47,88329161.4,1879343.859574468,2096,5.738535249828884,8.190243320610687,19,Active Customer,0,Low Churn Risk,0.0,38.66,Low Retention Priority
C0467,Retail,Construction,North,2019-01-02,2024-11-06,48,62880162.4,1310003.3833333333,2135,5.845311430527036,8.211709601873537,56,Active Customer,0,Low Churn Risk,0.0,31.27,Low Retention Priority
C0468,Fleet Owner,Rental,South,2019-05-10,2024-11-10,49,75254807.6,1535812.4,2011,5.505817932922656,8.899676777722526,52,Active Customer,0,Low Churn Risk,0.0,37.08,Low Retention Priority
C0469,Government,Manufacturing,North,2019-01-04,2024-12-18,40,68502617.4,1712565.435,2175,5.95482546201232,6.7172413793103445,14,Active Customer,0,Low Churn Risk,0.0,31.21,Low Retention Priority
C0470,Government,Mining,South,2019-01-25,2024-09-27,36,49194933.2,1366525.9222222222,2072,5.672826830937714,6.346042471042471,96,At Risk,40,Moderate Churn Risk,49194933.2,38.44,Medium Retention Priority
C0471,Fleet Owner,Logistics,West,2019-02-23,2024-11-27,37,65501994.2,1770324.1675675677,2104,5.760438056125941,6.4231226235741445,35,Active Customer,0,Low Churn Risk,0.0,27.44,Low Retention Priority
C0472,Dealer,Manufacturing,South,2019-04-29,2024-11-23,34,54888819.4,1614377.0411764705,2035,5.5715263518138265,6.102457002457002,39,Active Customer,0,Low Churn Risk,0.0,16.24,Low Retention Priority
C0473,Government,Rental,South,2019-03-04,2024-11-15,26,42018356.8,1616090.646153846,2083,5.702943189596167,4.559049447911666,47,Active Customer,0,Low Churn Risk,0.0,2.6,Low Retention Priority
C0474,Government,Logistics,West,2019-01-11,2024-11-07,30,48230361.0,1607678.7,2127,5.823408624229979,5.151622002820875,55,Active Customer,0,Low Churn Risk,0.0,8.14,Low Retention Priority
C0475,Fleet Owner,Construction,East,2019-01-19,2024-12-18,55,94883375.2,1725152.2763636364,2160,5.9137577002053385,9.300347222222223,14,Active Customer,0,Low Churn Risk,0.0,39.8,Low Retention Priority
C0476,Fleet Owner,Infrastructure,North,2019-01-13,2024-09-29,34,73746173.2,2169005.094117647,2086,5.711156741957564,5.953259827420901,94,At Risk,40,Moderate Churn Risk,73746173.2,51.94,High Retention Priority
C0477,Government,Construction,West,2019-06-12,2024-10-13,36,57746038.6,1604056.6277777778,1950,5.338809034907597,6.743076923076924,80,At Risk,40,Moderate Churn Risk,57746038.6,44.5,Medium Retention Priority
C0478,Retail,Rental,North,2019-02-04,2024-12-29,44,75901402.2,1725031.8681818182,2155,5.900068446269678,7.45754060324826,3,Active Customer,0,Low Churn Risk,0.0,35.8,Low Retention Priority
C0479,Retail,Construction,West,2019-02-22,2024-10-08,26,37716131.0,1450620.423076923,2055,5.626283367556468,4.621167883211679,85,At Risk,40,Moderate Churn Risk,37716131.0,25.34,Medium Retention Priority
C0480,Government,Infrastructure,West,2019-01-24,2024-11-24,34,48525468.6,1427219.6647058823,2131,5.834360027378508,5.827545753167527,38,Active Customer,0,Low Churn Risk,0.0,12.08,Low Retention Priority
C0481,Corporate,Logistics,South,2019-01-03,2024-12-31,39,60397194.2,1548646.0051282053,2189,5.993155373032169,6.507423481041572,1,Active Customer,0,Low Churn Risk,0.0,25.51,Low Retention Priority
C0482,Fleet Owner,Logistics,East,2019-12-15,2024-12-03,31,73762403.2,2379432.3612903226,1815,4.969199178644764,6.238429752066116,29,Active Customer,0,Low Churn Risk,0.0,25.15,Low Retention Priority
C0483,Corporate,Rental,North,2019-02-20,2024-12-18,47,96130859.2,2045337.4297872342,2128,5.8261464750171115,8.067081766917294,14,Active Customer,0,Low Churn Risk,0.0,39.16,Low Retention Priority
C0484,Fleet Owner,Mining,West,2019-01-30,2024-11-10,27,48200851.6,1785216.725925926,2111,5.779603011635865,4.671601136901942,52,Active Customer,0,Low Churn Risk,0.0,6.42,Low Retention Priority
C0485,Fleet Owner,Rental,West,2019-01-14,2024-10-01,28,59146123.8,2112361.564285714,2087,5.713894592744696,4.900335409678965,92,At Risk,40,Moderate Churn Risk,59146123.8,39.01,Medium Retention Priority
C0486,Government,Manufacturing,West,2019-01-01,2024-10-07,34,52620254.4,1547654.5411764705,2106,5.765913757700205,5.896723646723647,86,At Risk,40,Moderate Churn Risk,52620254.4,38.58,Medium Retention Priority
C0487,Dealer,Mining,South,2019-03-08,2024-03-18,26,39512216.0,1519700.6153846155,1837,5.02943189596167,5.169569951007077,289,Churned Customer,100,Critical Churn Risk,39512216.0,61.84,High Retention Priority
C0488,Government,Construction,South,2019-03-01,2024-11-26,37,67251532.8,1817608.9945945945,2097,5.7412731006160165,6.444563662374821,36,Active Customer,0,Low Churn Risk,0.0,28.09,Low Retention Priority
C0489,Fleet Owner,Rental,South,2019-04-14,2024-08-17,47,70625273.0,1502665.3829787234,1952,5.344284736481861,8.794441598360656,137,Churn Risk,70,High Churn Risk,70625273.0,77.02,Critical Retention Priority
C0490,Government,Logistics,West,2019-01-26,2024-12-29,44,84742703.8,1925970.5409090908,2164,5.924709103353867,7.426524953789279,3,Active Customer,0,Low Churn Risk,0.0,37.2,Low Retention Priority
C0491,Dealer,Infrastructure,South,2019-03-27,2024-07-04,27,65215944.4,2415405.348148148,1926,5.2731006160164275,5.120327102803738,181,Churned Customer,100,Critical Churn Risk,65215944.4,78.82,High Retention Priority
C0492,Dealer,Rental,East,2019-02-04,2024-11-05,35,61798115.2,1765660.4342857143,2101,5.752224503764545,6.084602570204664,57,Active Customer,0,Low Churn Risk,0.0,22.88,Low Retention Priority
C0493,Retail,Construction,South,2019-02-18,2024-11-22,38,54684935.199999996,1439077.242105263,2104,5.760438056125941,6.596720532319392,40,Active Customer,0,Low Churn Risk,0.0,19.97,Low Retention Priority
C0494,Corporate,Construction,East,2019-02-25,2024-11-28,32,48287535.6,1508985.4875,2103,5.757700205338809,5.557774607703281,34,Active Customer,0,Low Churn Risk,0.0,9.96,Low Retention Priority
C0495,Fleet Owner,Infrastructure,North,2019-01-28,2024-11-25,48,94540537.6,1969594.5333333332,2128,5.8261464750171115,8.238721804511279,37,Active Customer,0,Low Churn Risk,0.0,39.32,Low Retention Priority
C0496,Government,Infrastructure,East,2019-02-17,2024-12-27,37,48190097.0,1302435.054054054,2140,5.859000684462697,6.315070093457943,5,Active Customer,0,Low Churn Risk,0.0,14.69,Low Retention Priority
C0497,Government,Logistics,South,2019-06-12,2024-11-02,30,51439335.2,1714644.5066666668,1970,5.393566050650239,5.562182741116751,60,Active Customer,0,Low Churn Risk,0.0,10.29,Low Retention Priority
C0498,Fleet Owner,Construction,East,2019-03-01,2024-08-19,28,64864362.8,2316584.3857142855,1998,5.470225872689938,5.118618618618619,135,Churn Risk,70,High Churn Risk,64864362.8,61.21,High Retention Priority
C0499,Corporate,Construction,East,2019-01-18,2024-11-29,39,62785837.0,1609893.2564102565,2142,5.864476386036961,6.650210084033613,33,Active Customer,0,Low Churn Risk,0.0,27.4,Low Retention Priority
C0500,Corporate,Infrastructure,East,2019-01-06,2024-12-07,27,44474866.6,1647217.2814814816,2162,5.919233401779603,4.561401480111009,25,Active Customer,0,Low Churn Risk,0.0,3.96,Low Retention Priority
