customer_id,first_purchase_date,last_purchase_date,delivered_order_count,total_revenue,average_order_value,customer_lifetime_days,customer_lifetime_years,effective_lifetime_years,orders_per_year,historical_clv,annual_customer_value,estimated_lifetime_years,estimated_lifetime_value,future_value_estimate,clv_to_revenue_ratio,customer_type,industry_segment,region,clv_value_class,customer_lifetime_class,clv_percentile,frequency_percentile,revenue_percentile,clv_priority_score,clv_priority_class,clv_priority_rank
C0153,2019-01-17,2024-12-12,56,108200489.6,1932151.6,2176,5.96,5.96,9.4,108200489.6,18161869.87,5.0,90809349.33,-17391140.27,0.84,Retail,Rental,East,Very High Value,Long-Term Customer,100.0,99.8,100.0,99.96,Critical Value Customer,1
C0288,2019-02-21,2024-10-18,55,97218403.8,1767607.34,2141,5.86,5.86,9.38,97218403.8,16585250.81,5.0,82926254.06,-14292149.74,0.85,Dealer,Infrastructure,North,Very High Value,Long-Term Customer,99.8,99.6,99.8,99.76,Critical Value Customer,2
C0475,2019-01-19,2024-12-18,55,94883375.2,1725152.28,2174,5.95,5.95,9.24,94883375.2,15941192.64,5.0,79705963.18,-15177412.02,0.84,Fleet Owner,Construction,East,Very High Value,Long-Term Customer,98.8,99.4,99.4,99.1,Critical Value Customer,3
C0254,2019-07-01,2024-09-25,48,89556446.6,1865759.3,2011,5.51,5.51,8.72,89556446.6,16265784.25,5.0,81328921.23,-8227525.37,0.91,Dealer,Mining,West,Very High Value,Long-Term Customer,99.4,99.0,98.0,98.9,Critical Value Customer,4
C0483,2019-02-20,2024-12-18,47,96130859.2,2045337.43,2142,5.86,5.86,8.01,96130859.2,16392061.78,5.0,81960308.88,-14170550.32,0.85,Corporate,Rental,North,Very High Value,Long-Term Customer,99.6,94.8,99.6,98.64,Critical Value Customer,5
C0495,2019-01-28,2024-11-25,48,94540537.6,1969594.53,2165,5.93,5.93,8.1,94540537.6,15949621.87,5.0,79748109.37,-14792428.23,0.84,Fleet Owner,Infrastructure,North,Very High Value,Long-Term Customer,99.0,96.0,99.2,98.46,Critical Value Customer,6
C0178,2019-01-22,2024-12-09,54,89493824.6,1657293.05,2171,5.94,5.94,9.08,89493824.6,15056480.62,5.0,75282403.12,-14211421.48,0.84,Dealer,Logistics,East,Very High Value,Long-Term Customer,97.8,99.2,97.8,98.08,Critical Value Customer,7
C0083,2019-05-23,2024-10-04,45,89672688.2,1992726.4,2050,5.61,5.61,8.02,89672688.2,15977048.47,5.0,79885242.35,-9787445.85,0.89,Dealer,Infrastructure,North,Very High Value,Long-Term Customer,99.2,95.0,98.2,98.06,Critical Value Customer,8
C0240,2019-02-19,2024-11-10,46,92835709.4,2018167.6,2143,5.87,5.87,7.84,92835709.4,15822791.81,5.0,79113959.07,-13721750.33,0.85,Corporate,Manufacturing,South,Very High Value,Long-Term Customer,98.6,92.6,99.0,97.52,Critical Value Customer,9
C0466,2019-03-19,2024-12-13,47,88329161.4,1879343.86,2115,5.79,5.79,8.12,88329161.4,15254007.66,5.0,76270038.3,-12059123.1,0.86,Retail,Manufacturing,South,Very High Value,Long-Term Customer,98.0,96.2,97.6,97.52,Critical Value Customer,10
C0420,2019-01-10,2024-11-22,46,92482888.8,2010497.58,2183,5.98,5.98,7.7,92482888.8,15473831.94,5.0,77369159.72,-15113729.08,0.84,Retail,Rental,South,Very High Value,Long-Term Customer,98.4,90.4,98.8,96.92,Critical Value Customer,11
C0134,2019-03-03,2024-11-24,48,85243025.2,1775896.36,2131,5.83,5.83,8.23,85243025.2,14610518.51,5.0,73052592.57,-12190432.63,0.86,Fleet Owner,Infrastructure,West,Very High Value,Long-Term Customer,97.0,97.2,96.6,96.92,Critical Value Customer,12
C0304,2019-01-26,2024-12-25,48,86460648.4,1801263.51,2167,5.93,5.93,8.09,86460648.4,14573028.07,5.0,72865140.35,-13595508.05,0.84,Dealer,Construction,North,Very High Value,Long-Term Customer,96.6,95.8,97.0,96.56,Critical Value Customer,13
C0046,2019-02-03,2024-12-09,46,87078641.0,1893013.93,2159,5.91,5.91,7.78,87078641.0,14731576.48,5.0,73657882.41,-13420758.59,0.85,Retail,Rental,West,Very High Value,Long-Term Customer,97.2,91.8,97.4,96.18,Critical Value Customer,14
C0107,2019-01-16,2024-12-11,49,85196217.6,1738698.32,2177,5.96,5.96,8.22,85196217.6,14293945.1,5.0,71469725.49,-13726492.11,0.84,Fleet Owner,Construction,North,Very High Value,Long-Term Customer,95.6,97.0,96.4,96.12,Critical Value Customer,15
C0207,2019-02-10,2024-10-13,45,87068691.0,1934859.8,2152,5.89,5.89,7.64,87068691.0,14777806.41,5.0,73889032.03,-13179658.97,0.85,Corporate,Rental,East,Very High Value,Long-Term Customer,97.4,90.0,97.2,95.86,Critical Value Customer,16
C0359,2019-02-12,2024-11-28,46,85617784.0,1861256.17,2150,5.89,5.89,7.81,85617784.0,14545067.72,5.0,72725338.62,-12892445.38,0.85,Fleet Owner,Mining,South,Very High Value,Long-Term Customer,96.4,92.2,96.8,95.68,Critical Value Customer,17
C0200,2019-02-09,2024-11-25,47,84469856.6,1797230.99,2153,5.89,5.89,7.97,84469856.6,14330058.12,5.0,71650290.58,-12819566.02,0.85,Retail,Logistics,East,Very High Value,Long-Term Customer,95.8,94.0,95.8,95.44,Critical Value Customer,18
C0110,2019-01-25,2024-06-21,42,90807306.0,2162078.71,2168,5.94,5.94,7.08,90807306.0,15298601.71,5.0,76493008.57,-14314297.43,0.84,Dealer,Logistics,Central,Very High Value,Long-Term Customer,98.2,81.6,98.6,95.0,Critical Value Customer,19
C0462,2019-01-06,2024-11-13,49,82777824.6,1689343.36,2187,5.99,5.99,8.18,82777824.6,13824691.56,5.0,69123457.78,-13654366.82,0.84,Retail,Logistics,South,Very High Value,Long-Term Customer,94.0,96.6,95.6,95.0,Critical Value Customer,20
C0142,2019-02-06,2024-12-08,45,84828043.0,1885067.62,2156,5.9,5.9,7.62,84828043.0,14370799.03,5.0,71853995.14,-12974047.86,0.85,Retail,Manufacturing,West,Very High Value,Long-Term Customer,96.2,89.8,96.2,94.92,Critical Value Customer,21
C0060,2019-07-20,2024-11-24,44,77163010.4,1753704.78,1992,5.45,5.45,8.07,77163010.4,14148488.73,5.0,70742443.65,-6420566.75,0.92,Dealer,Mining,South,Very High Value,Long-Term Customer,95.0,95.6,91.8,94.16,Critical Value Customer,22
C0490,2019-01-26,2024-12-29,44,84742703.8,1925970.54,2167,5.93,5.93,7.42,84742703.8,14283466.8,5.0,71417334.02,-13325369.78,0.84,Government,Logistics,West,Very High Value,Long-Term Customer,95.4,87.4,96.0,93.98,Critical Value Customer,23
C0435,2019-10-11,2024-11-01,50,73908258.2,1478165.16,1909,5.23,5.23,9.57,73908258.2,14140906.92,5.0,70704534.59,-3203723.61,0.96,Dealer,Manufacturing,South,Very High Value,Long-Term Customer,94.8,100.0,88.4,93.92,Critical Value Customer,24
C0165,2019-02-27,2024-12-24,50,79168592.4,1583371.85,2135,5.85,5.85,8.55,79168592.4,13543947.72,5.0,67719738.58,-11448853.82,0.86,Fleet Owner,Manufacturing,North,Very High Value,Long-Term Customer,92.0,98.4,93.4,93.7,Critical Value Customer,25
C0440,2019-01-29,2024-10-21,44,82426773.6,1873335.76,2164,5.92,5.92,7.43,82426773.6,13912374.8,5.0,69561873.98,-12864899.62,0.84,Retail,Manufacturing,South,Very High Value,Long-Term Customer,94.6,87.8,95.4,93.48,Critical Value Customer,26
C0294,2019-03-26,2024-12-27,45,79772077.0,1772712.82,2108,5.77,5.77,7.8,79772077.0,13821988.2,5.0,69109941.0,-10662136.0,0.87,Government,Infrastructure,South,Very High Value,Long-Term Customer,93.8,92.0,93.8,93.44,Critical Value Customer,27
C0371,2019-01-03,2024-11-02,47,82052808.0,1745804.43,2190,6.0,6.0,7.84,82052808.0,13684834.76,5.0,68424173.79,-13628634.21,0.83,Retail,Rental,South,Very High Value,Long-Term Customer,92.8,92.4,95.0,93.38,Critical Value Customer,28
C0201,2019-02-01,2024-12-13,47,80475593.0,1712246.66,2161,5.92,5.92,7.94,80475593.0,13601902.06,5.0,68009510.28,-12466082.72,0.85,Dealer,Infrastructure,South,Very High Value,Long-Term Customer,92.2,93.6,94.2,93.08,Critical Value Customer,29
C0356,2019-03-16,2024-12-05,45,79690881.0,1770908.47,2118,5.8,5.8,7.76,79690881.0,13742726.29,5.0,68713631.46,-10977249.54,0.86,Dealer,Mining,East,Very High Value,Long-Term Customer,93.4,91.4,93.6,93.06,Critical Value Customer,30
C0403,2019-02-19,2024-12-10,45,80523517.0,1789411.49,2143,5.87,5.87,7.67,80523517.0,13724318.52,5.0,68621592.59,-11901924.41,0.85,Government,Construction,East,Very High Value,Long-Term Customer,93.2,90.2,94.4,92.96,Critical Value Customer,31
C0291,2019-03-13,2024-12-03,46,79064597.0,1718795.59,2121,5.81,5.81,7.92,79064597.0,13615438.03,5.0,68077190.13,-10987406.87,0.86,Retail,Construction,South,Very High Value,Long-Term Customer,92.4,93.0,93.2,92.76,Critical Value Customer,32
C0380,2019-01-29,2024-11-03,50,77887431.8,1557748.64,2164,5.92,5.92,8.44,77887431.8,13146203.54,5.0,65731017.71,-12156414.09,0.84,Fleet Owner,Manufacturing,South,Very High Value,Long-Term Customer,90.6,97.8,92.6,92.64,Critical Value Customer,33
C0206,2019-01-08,2024-12-11,40,89674652.2,2241866.31,2185,5.98,5.98,6.69,89674652.2,14990236.48,5.0,74951182.42,-14723469.78,0.84,Retail,Construction,West,Very High Value,Long-Term Customer,97.6,71.4,98.4,92.6,Critical Value Customer,34
C0244,2019-05-06,2024-12-09,44,77550764.4,1762517.37,2067,5.66,5.66,7.78,77550764.4,13703636.52,5.0,68518182.62,-9032581.78,0.88,Government,Logistics,North,Very High Value,Long-Term Customer,93.0,91.6,92.4,92.54,Critical Value Customer,35
C0221,2019-01-17,2024-09-05,44,82001959.0,1863680.89,2176,5.96,5.96,7.39,82001959.0,13764345.37,5.0,68821726.85,-13180232.15,0.84,Dealer,Logistics,North,Very High Value,Long-Term Customer,93.6,86.3,94.8,92.5,Critical Value Customer,36
C0468,2019-05-10,2024-11-10,49,75254807.6,1535812.4,2063,5.65,5.65,8.68,75254807.6,13323712.3,5.0,66618561.5,-8636246.1,0.89,Fleet Owner,Rental,South,Very High Value,Long-Term Customer,91.4,98.8,89.6,92.34,Critical Value Customer,37
C0197,2019-02-22,2024-10-18,47,77464617.6,1648183.35,2140,5.86,5.86,8.02,77464617.6,13221472.7,5.0,66107363.5,-11357254.1,0.85,Government,Manufacturing,West,Very High Value,Long-Term Customer,91.2,95.2,92.0,92.24,Critical Value Customer,38
C0082,2019-03-17,2024-12-18,46,77500928.6,1684802.8,2117,5.8,5.8,7.94,77500928.6,13371381.28,5.0,66856906.4,-10644022.2,0.86,Fleet Owner,Manufacturing,West,Very High Value,Long-Term Customer,91.6,93.2,92.2,92.1,Critical Value Customer,39
C0375,2019-02-20,2024-11-03,42,81286325.6,1935388.7,2142,5.86,5.86,7.16,81286325.6,13860798.52,5.0,69303992.59,-11982333.01,0.85,Fleet Owner,Mining,West,Very High Value,Long-Term Customer,94.2,82.9,94.6,92.06,Critical Value Customer,40
C0076,2019-01-12,2024-10-06,45,80026994.2,1778377.65,2181,5.97,5.97,7.54,80026994.2,13402044.76,5.0,67010223.82,-13016770.38,0.84,Government,Mining,South,Very High Value,Long-Term Customer,91.8,89.0,94.0,91.9,Critical Value Customer,41
C0069,2019-02-18,2024-12-11,47,77108269.8,1640601.49,2144,5.87,5.87,8.01,77108269.8,13136098.67,5.0,65680493.34,-11427776.46,0.85,Dealer,Logistics,North,Very High Value,Long-Term Customer,90.4,94.6,91.6,91.6,Critical Value Customer,42
C0272,2019-09-01,2024-12-13,39,75550922.6,1937203.14,1949,5.34,5.34,7.31,75550922.6,14158529.75,5.0,70792648.74,-4758273.86,0.94,Government,Construction,North,Very High Value,Long-Term Customer,95.2,84.6,90.2,91.58,Critical Value Customer,43
C0342,2019-12-04,2024-10-09,36,72821567.8,2022821.33,1855,5.08,5.08,7.09,72821567.8,14338586.33,5.0,71692931.64,-1128636.16,0.98,Dealer,Infrastructure,North,Very High Value,Long-Term Customer,96.0,82.0,86.2,90.26,Critical Value Customer,44
C0215,2019-02-28,2024-12-24,49,73940925.4,1508998.48,2134,5.84,5.84,8.39,73940925.4,12655540.3,5.0,63277701.51,-10663223.89,0.86,Corporate,Rental,South,Very High Value,Long-Term Customer,87.4,97.6,88.6,89.8,Critical Value Customer,45
C0411,2019-07-14,2024-12-12,43,72229183.0,1679748.44,1998,5.47,5.47,7.86,72229183.0,13204058.6,5.0,66020293.02,-6208889.98,0.91,Corporate,Mining,South,Very High Value,Long-Term Customer,91.0,92.8,85.6,89.74,Critical Value Customer,46
C0049,2019-01-25,2024-12-25,39,82316206.2,2110671.95,2168,5.94,5.94,6.57,82316206.2,13868078.56,5.0,69340392.79,-12975813.41,0.84,Dealer,Manufacturing,South,Very High Value,Long-Term Customer,94.4,68.4,95.2,89.44,Critical Value Customer,47
C0005,2019-02-28,2024-10-04,45,74996415.4,1666587.01,2134,5.84,5.84,7.7,74996415.4,12836195.28,5.0,64180976.39,-10815439.01,0.86,Dealer,Construction,West,Very High Value,Long-Term Customer,88.8,90.8,89.4,89.38,Critical Value Customer,48
C0478,2019-02-04,2024-12-29,44,75901402.2,1725031.87,2158,5.91,5.91,7.45,75901402.2,12846611.29,5.0,64233056.43,-11668345.77,0.85,Retail,Rental,North,Very High Value,Long-Term Customer,89.0,88.0,90.4,89.22,Critical Value Customer,49
C0013,2019-01-02,2024-10-27,44,76843692.4,1746447.55,2191,6.0,6.0,7.34,76843692.4,12810204.77,5.0,64051023.85,-12792668.55,0.83,Dealer,Construction,West,Very High Value,Long-Term Customer,88.6,85.0,91.0,88.6,Critical Value Customer,50
C0113,2019-01-13,2024-12-23,41,78713400.0,1919839.02,2180,5.97,5.97,6.87,78713400.0,13188105.21,5.0,65940526.03,-12772873.97,0.84,Corporate,Logistics,South,Very High Value,Long-Term Customer,90.8,76.2,92.8,88.48,Critical Value Customer,51
C0070,2019-02-04,2024-12-20,41,76883391.4,1875204.67,2158,5.91,5.91,6.94,76883391.4,13012816.83,5.0,65064084.13,-11819307.27,0.85,Government,Logistics,West,Very High Value,Long-Term Customer,90.2,78.4,91.2,88.14,Critical Value Customer,52
C0257,2019-01-18,2024-12-23,43,76189558.0,1771850.19,2175,5.95,5.95,7.22,76189558.0,12794591.29,5.0,63972956.46,-12216601.54,0.84,Corporate,Logistics,North,Very High Value,Long-Term Customer,88.4,83.6,90.6,88.1,Critical Value Customer,53
C0250,2019-03-08,2024-12-20,43,74416923.4,1730626.13,2126,5.82,5.82,7.39,74416923.4,12784939.45,5.0,63924697.25,-10492226.15,0.86,Government,Infrastructure,East,Very High Value,Long-Term Customer,88.0,86.6,89.0,88.02,Critical Value Customer,54
C0154,2019-01-29,2024-08-21,45,74171590.6,1648257.57,2164,5.92,5.92,7.6,74171590.6,12519026.56,5.0,62595132.78,-11576457.82,0.84,Fleet Owner,Logistics,North,Very High Value,Long-Term Customer,86.6,89.6,88.8,87.86,Critical Value Customer,55
C0237,2019-01-28,2024-10-15,44,74820743.4,1700471.44,2165,5.93,5.93,7.42,74820743.4,12622760.52,5.0,63113802.6,-11706940.8,0.84,Dealer,Infrastructure,South,Very High Value,Long-Term Customer,87.0,87.6,89.2,87.78,Critical Value Customer,56
C0242,2019-01-30,2024-11-18,47,73225487.6,1557989.1,2163,5.92,5.92,7.94,73225487.6,12365052.86,5.0,61825264.32,-11400223.28,0.84,Government,Construction,South,Very High Value,Long-Term Customer,85.4,93.4,86.8,87.42,Critical Value Customer,57
C0045,2019-02-02,2024-12-15,42,75275350.60000001,1792270.25,2160,5.91,5.91,7.1,75275350.6,12728852.69,5.0,63644263.44,-11631087.16,0.85,Corporate,Rental,East,Very High Value,Long-Term Customer,87.6,82.2,89.8,87.18,Critical Value Customer,58
C0306,2019-07-19,2024-12-16,42,69813587.0,1662228.26,1993,5.46,5.46,7.7,69813587.0,12794487.03,5.0,63972435.15,-5841151.85,0.92,Fleet Owner,Manufacturing,East,Very High Value,Long-Term Customer,88.2,90.6,82.2,86.88,Critical Value Customer,59
C0300,2019-05-05,2024-11-18,40,72746205.0,1818655.12,2068,5.66,5.66,7.06,72746205.0,12848429.1,5.0,64242145.49,-8504059.51,0.88,Dealer,Mining,North,Very High Value,Long-Term Customer,89.4,81.2,86.0,86.74,Critical Value Customer,60
C0103,2019-02-21,2024-08-29,40,75304293.2,1882607.33,2141,5.86,5.86,6.82,75304293.2,12846750.63,5.0,64233753.13,-11070540.07,0.85,Dealer,Infrastructure,South,Very High Value,Long-Term Customer,89.2,74.7,90.0,86.54,Critical Value Customer,61
C0489,2019-04-14,2024-08-17,47,70625273.0,1502665.38,2089,5.72,5.72,8.22,70625273.0,12348435.12,5.0,61742175.59,-8883097.41,0.87,Fleet Owner,Rental,South,Very High Value,Long-Term Customer,84.4,96.8,83.0,86.46,Critical Value Customer,62
C0002,2019-01-24,2024-09-07,51,71712838.0,1406134.08,2169,5.94,5.94,8.59,71712838.0,12076124.52,5.0,60380622.59,-11332215.41,0.84,Fleet Owner,Manufacturing,South,Very High Value,Long-Term Customer,82.8,98.6,84.2,86.38,Critical Value Customer,63
C0084,2019-04-29,2024-09-22,39,73317161.4,1879927.22,2074,5.68,5.68,6.87,73317161.4,12911809.64,5.0,64559048.22,-8758113.18,0.88,Corporate,Logistics,West,Very High Value,Long-Term Customer,89.8,76.0,87.0,86.2,Critical Value Customer,64
C0482,2019-12-15,2024-12-03,31,73762403.2,2379432.36,1844,5.05,5.05,6.14,73762403.2,14610476.01,5.0,73052380.07,-710023.13,0.99,Fleet Owner,Logistics,East,Very High Value,Long-Term Customer,96.8,53.4,88.0,85.48,Critical Value Customer,65
C0062,2019-03-18,2024-10-31,36,78963082.0,2193418.94,2116,5.79,5.79,6.21,78963082.0,13630087.76,5.0,68150438.8,-10812643.2,0.86,Dealer,Construction,South,Very High Value,Long-Term Customer,92.6,56.2,93.0,85.44,Critical Value Customer,66
C0042,2019-01-25,2024-10-13,41,73882726.2,1802017.71,2168,5.94,5.94,6.91,73882726.2,12447262.8,5.0,62236313.99,-11646412.21,0.84,Fleet Owner,Rental,South,Very High Value,Long-Term Customer,86.4,77.2,88.2,85.1,Critical Value Customer,67
C0196,2019-01-09,2024-10-28,48,71291851.6,1485246.91,2184,5.98,5.98,8.03,71291851.6,11922778.75,5.0,59613893.77,-11677957.83,0.84,Fleet Owner,Rental,North East,Very High Value,Long-Term Customer,81.4,95.4,84.0,84.98,Critical Value Customer,68
C0209,2019-10-18,2024-11-22,44,65445658.4,1487401.33,1902,5.21,5.21,8.45,65445658.4,12567837.4,5.0,62839186.99,-2606471.41,0.96,Corporate,Infrastructure,East,Very High Value,Long-Term Customer,86.8,98.0,73.0,84.9,Critical Value Customer,69
C0307,2019-01-15,2024-11-24,42,73655534.6,1753703.2,2178,5.96,5.96,7.04,73655534.6,12352012.86,5.0,61760064.31,-11895470.29,0.84,Dealer,Manufacturing,West,Very High Value,Long-Term Customer,84.8,80.6,87.6,84.8,Critical Value Customer,70
C0032,2019-01-23,2024-10-25,44,71991263.0,1636165.07,2170,5.94,5.94,7.41,71991263.0,12117423.42,5.0,60587117.08,-11404145.92,0.84,Government,Logistics,West,Very High Value,Long-Term Customer,83.4,87.0,84.8,84.54,Critical Value Customer,71
C0225,2019-03-17,2024-07-17,48,69254158.0,1442794.96,2117,5.8,5.8,8.28,69254158.0,11948550.41,5.0,59742752.03,-9511405.97,0.86,Fleet Owner,Logistics,North,Very High Value,Long-Term Customer,81.6,97.4,80.0,84.28,Critical Value Customer,72
C0253,2019-03-28,2024-11-27,39,72946151.6,1870414.14,2106,5.77,5.77,6.76,72946151.6,12651273.44,5.0,63256367.22,-9689784.38,0.87,Retail,Rental,West,Very High Value,Long-Term Customer,87.2,73.4,86.4,84.2,Critical Value Customer,73
C0160,2019-02-19,2024-11-23,44,70762190.2,1608231.6,2143,5.87,5.87,7.5,70762190.2,12060611.28,5.0,60303056.39,-10459133.81,0.85,Retail,Rental,West,Very High Value,Long-Term Customer,82.6,88.4,83.4,84.0,Critical Value Customer,74
C0459,2019-03-10,2024-12-14,41,71816909.8,1751631.95,2124,5.82,5.82,7.05,71816909.8,12349871.14,5.0,61749355.71,-10067554.09,0.86,Retail,Logistics,East,Very High Value,Long-Term Customer,84.6,81.0,84.4,83.82,Critical Value Customer,75
C0071,2019-01-24,2024-11-26,42,72076738.0,1716112.81,2169,5.94,5.94,7.07,72076738.0,12137403.67,5.0,60687018.34,-11389719.66,0.84,Corporate,Rental,North,Very High Value,Long-Term Customer,83.8,81.4,85.2,83.74,Critical Value Customer,76
C0255,2019-01-05,2024-11-11,45,71144094.2,1580979.87,2188,5.99,5.99,7.51,71144094.2,11876316.46,5.0,59381582.28,-11762511.92,0.83,Retail,Infrastructure,South,Very High Value,Long-Term Customer,81.0,88.8,83.8,83.4,Critical Value Customer,77
C0241,2019-02-01,2024-10-31,39,73396972.0,1881973.64,2161,5.92,5.92,6.59,73396972.0,12405480.81,5.0,62027404.03,-11369567.97,0.85,Government,Construction,West,Very High Value,Long-Term Customer,85.6,69.2,87.2,82.8,Critical Value Customer,78
C0384,2019-02-05,2024-09-09,39,72157498.2,1850192.26,2157,5.91,5.91,6.6,72157498.2,12218602.79,5.0,61093013.95,-11064484.25,0.85,Retail,Construction,South,Very High Value,Long-Term Customer,84.0,69.4,85.4,81.5,Critical Value Customer,79
C0270,2019-03-27,2024-12-20,43,68114112.8,1584049.13,2107,5.77,5.77,7.45,68114112.8,11807631.56,5.0,59038157.81,-9075954.99,0.87,Corporate,Manufacturing,North,Very High Value,Long-Term Customer,80.2,88.2,78.0,81.14,Critical Value Customer,80
C0422,2019-09-19,2024-11-04,37,65678984.2,1775107.68,1931,5.29,5.29,7.0,65678984.2,12423225.78,5.0,62116128.89,-3562855.31,0.95,Government,Construction,South,Very High Value,Long-Term Customer,86.2,79.4,73.6,81.06,Critical Value Customer,81
C0186,2019-02-17,2024-12-11,40,70676837.0,1766920.92,2145,5.87,5.87,6.81,70676837.0,12034832.03,5.0,60174160.17,-10502676.83,0.85,Fleet Owner,Infrastructure,East,Very High Value,Long-Term Customer,82.2,74.4,83.2,80.94,Critical Value Customer,82
C0394,2019-03-08,2024-11-21,40,69936379.2,1748409.48,2126,5.82,5.82,6.87,69936379.2,12015175.21,5.0,60075876.06,-9860503.14,0.86,Government,Construction,South,Very High Value,Long-Term Customer,81.8,76.4,82.4,80.9,Critical Value Customer,83
C0246,2019-01-26,2024-11-02,35,77080113.6,2202288.96,2167,5.93,5.93,5.9,77080113.6,12991929.62,5.0,64959648.11,-12120465.49,0.84,Retail,Manufacturing,North,Very High Value,Long-Term Customer,90.0,42.2,91.4,80.86,Critical Value Customer,84
C0169,2019-03-25,2024-10-27,40,69450095.6,1736252.39,2109,5.77,5.77,6.93,69450095.6,12027808.16,5.0,60139040.82,-9311054.78,0.87,Fleet Owner,Construction,West,Very High Value,Long-Term Customer,82.0,77.6,81.0,80.82,Critical Value Customer,85
C0385,2019-07-27,2024-09-23,37,67435700.6,1822586.5,1985,5.43,5.43,6.81,67435700.6,12408508.64,5.0,62042543.18,-5393157.42,0.92,Corporate,Manufacturing,West,Very High Value,Long-Term Customer,85.8,74.2,76.8,80.78,Critical Value Customer,86
C0063,2019-02-28,2024-12-19,38,72065344.4,1896456.43,2134,5.84,5.84,6.5,72065344.4,12334520.64,5.0,61672603.19,-10392741.21,0.86,Retail,Rental,North,Very High Value,Long-Term Customer,84.2,65.5,85.0,80.7,Critical Value Customer,87
C0429,2019-02-08,2024-10-21,42,69444114.2,1653431.29,2154,5.9,5.9,7.12,69444114.2,11775516.58,5.0,58877582.9,-10566531.3,0.85,Fleet Owner,Logistics,West,Very High Value,Long-Term Customer,79.8,82.6,80.8,80.66,Critical Value Customer,88
C0109,2019-01-14,2024-12-09,44,69451949.0,1578453.39,2179,5.97,5.97,7.38,69451949.0,11641727.57,5.0,58208637.84,-11243311.16,0.84,Retail,Mining,South,Very High Value,Long-Term Customer,78.0,86.0,81.2,80.56,Critical Value Customer,89
C0282,2019-01-17,2024-12-24,44,69381309.6,1576847.95,2176,5.96,5.96,7.39,69381309.6,11645920.65,5.0,58229603.24,-11151706.36,0.84,Government,Logistics,East,Very High Value,Long-Term Customer,78.2,86.3,80.6,80.54,Critical Value Customer,90
C0331,2019-04-12,2024-12-15,42,67826105.8,1614907.28,2091,5.72,5.72,7.34,67826105.8,11847673.43,5.0,59238367.15,-8587738.65,0.87,Dealer,Logistics,North,Very High Value,Long-Term Customer,80.4,85.2,77.4,80.46,Critical Value Customer,91
C0129,2019-01-06,2024-10-31,36,76393252.6,2122034.79,2187,5.99,5.99,6.01,76393252.6,12758406.73,5.0,63792033.64,-12601218.96,0.84,Corporate,Mining,North,Very High Value,Long-Term Customer,87.8,46.5,90.8,80.44,Critical Value Customer,92
C0373,2019-04-03,2024-09-02,38,69753317.8,1835613.63,2100,5.75,5.75,6.61,69753317.8,12132094.92,5.0,60660474.59,-9092843.21,0.87,Corporate,Manufacturing,South,Very High Value,Long-Term Customer,83.6,69.6,82.0,80.32,Critical Value Customer,93
C0421,2019-04-06,2024-06-21,38,69466242.8,1828059.02,2097,5.74,5.74,6.62,69466242.8,12099449.3,5.0,60497246.5,-8968996.3,0.87,Retail,Construction,South,Very High Value,Long-Term Customer,83.2,70.0,81.4,80.02,Critical Value Customer,94
C0337,2019-04-15,2024-08-25,34,73457151.8,2160504.46,2088,5.72,5.72,5.95,73457151.8,12849724.47,5.0,64248622.35,-9208529.45,0.87,Corporate,Manufacturing,North,Very High Value,Long-Term Customer,89.6,44.3,87.4,79.88,High Priority Customer,95
C0374,2019-03-07,2024-12-10,41,68389697.6,1668041.4,2127,5.82,5.82,7.04,68389697.6,11743929.03,5.0,58719645.15,-9670052.45,0.86,Corporate,Manufacturing,West,Very High Value,Long-Term Customer,79.4,80.4,78.4,79.3,High Priority Customer,96
C0311,2019-02-03,2024-09-17,41,69331648.2,1691015.81,2159,5.91,5.91,6.94,69331648.2,11729219.32,5.0,58646096.58,-10685551.62,0.85,Government,Infrastructure,North,Very High Value,Long-Term Customer,79.0,78.2,80.4,79.26,High Priority Customer,97
C0275,2019-06-17,2024-11-06,45,64270295.0,1428228.78,2025,5.54,5.54,8.12,64270295.0,11592456.91,5.0,57962284.56,-6308010.44,0.9,Fleet Owner,Construction,West,Very High Value,Long-Term Customer,77.4,96.4,70.4,79.1,High Priority Customer,98
C0284,2019-01-09,2024-12-23,41,69641823.4,1698581.06,2184,5.98,5.98,6.86,69641823.4,11646829.67,5.0,58234148.34,-11407675.06,0.84,Corporate,Manufacturing,East,Very High Value,Long-Term Customer,78.4,75.4,81.8,78.82,High Priority Customer,99
C0119,2019-01-07,2024-10-26,51,67143205.2,1316533.44,2186,5.98,5.98,8.52,67143205.2,11218689.71,5.0,56093448.53,-11049756.67,0.84,Government,Manufacturing,West,High Value,Long-Term Customer,72.0,98.2,75.8,78.38,High Priority Customer,100
C0006,2019-06-05,2024-09-02,40,65482805.4,1637070.14,2037,5.58,5.58,7.17,65482805.4,11741578.14,5.0,58707890.7,-6774914.7,0.9,Government,Construction,West,Very High Value,Long-Term Customer,79.2,83.2,73.2,78.2,High Priority Customer,101
C0383,2019-02-18,2024-11-19,41,68192154.0,1663223.27,2144,5.87,5.87,6.98,68192154.0,11617156.83,5.0,58085784.16,-10106369.84,0.85,Fleet Owner,Infrastructure,North,Very High Value,Long-Term Customer,77.6,79.2,78.2,78.1,High Priority Customer,102
C0343,2019-02-28,2024-11-21,40,68419201.6,1710480.04,2134,5.84,5.84,6.85,68419201.6,11710456.13,5.0,58552280.66,-9866920.94,0.86,Corporate,Construction,West,Very High Value,Long-Term Customer,78.8,75.2,78.6,78.02,High Priority Customer,103
C0025,2019-01-29,2024-08-18,38,70349653.0,1851306.66,2164,5.92,5.92,6.41,70349653.0,11873942.12,5.0,59369710.62,-10979942.38,0.84,Corporate,Infrastructure,West,Very High Value,Long-Term Customer,80.8,63.2,82.8,77.88,High Priority Customer,104
C0192,2019-01-19,2024-08-29,40,69269688.4,1731742.21,2174,5.95,5.95,6.72,69269688.4,11637881.18,5.0,58189405.91,-11080282.49,0.84,Fleet Owner,Logistics,East,Very High Value,Long-Term Customer,77.8,72.2,80.2,77.4,High Priority Customer,105
C0326,2019-03-14,2024-12-30,42,66177447.4,1575653.51,2120,5.8,5.8,7.24,66177447.4,11401562.58,5.0,57007812.88,-9169634.52,0.86,Government,Mining,East,Very High Value,Long-Term Customer,75.4,84.0,74.0,76.7,High Priority Customer,106
C0276,2019-01-08,2024-12-29,44,67350598.6,1530695.42,2185,5.98,5.98,7.36,67350598.6,11258492.51,5.0,56292462.56,-11058136.04,0.84,Dealer,Manufacturing,Central,High Value,Long-Term Customer,73.2,85.6,76.4,76.64,High Priority Customer,107
C0297,2019-02-13,2024-07-01,34,73065015.6,2148971.05,2149,5.88,5.88,5.78,73065015.6,12418332.69,5.0,62091663.44,-10973352.16,0.85,Fleet Owner,Rental,South,Very High Value,Long-Term Customer,86.0,37.7,86.6,76.52,High Priority Customer,108
C0425,2019-01-17,2024-12-09,41,67882732.6,1655676.4,2176,5.96,5.96,6.88,67882732.6,11394378.71,5.0,56971893.57,-10910839.03,0.84,Dealer,Manufacturing,South,Very High Value,Long-Term Customer,75.2,76.8,77.6,76.24,High Priority Customer,109
C0102,2019-03-11,2024-10-24,34,71864051.2,2113648.56,2123,5.81,5.81,5.85,71864051.2,12363798.73,5.0,61818993.64,-10045057.56,0.86,Government,Infrastructure,East,Very High Value,Long-Term Customer,85.2,39.4,84.6,75.86,High Priority Customer,110
C0476,2019-01-13,2024-09-29,34,73746173.2,2169005.09,2180,5.97,5.97,5.7,73746173.2,12355866.86,5.0,61779334.31,-11966838.89,0.84,Fleet Owner,Infrastructure,North,Very High Value,Long-Term Customer,85.0,34.4,87.8,75.72,High Priority Customer,111
C0469,2019-01-04,2024-12-18,40,68502617.4,1712565.44,2189,5.99,5.99,6.67,68502617.4,11430142.08,5.0,57150710.38,-11351907.02,0.83,Government,Manufacturing,North,Very High Value,Long-Term Customer,75.6,71.0,79.0,75.7,High Priority Customer,112
C0247,2019-02-14,2024-11-13,39,67759559.60000001,1737424.61,2148,5.88,5.88,6.63,67759559.6,11521964.22,5.0,57609821.1,-10149738.5,0.85,Corporate,Logistics,East,Very High Value,Long-Term Customer,76.6,70.2,77.0,75.44,High Priority Customer,113
C0428,2019-01-25,2024-08-26,43,66337820.6,1542740.01,2168,5.94,5.94,7.24,66337820.6,11176148.05,5.0,55880740.25,-10457080.35,0.84,Retail,Construction,North,High Value,Long-Term Customer,71.4,84.2,74.8,74.98,High Priority Customer,114
C0448,2019-03-13,2024-12-11,36,68495840.4,1902662.23,2121,5.81,5.81,6.2,68495840.4,11795429.38,5.0,58977146.88,-9518693.52,0.86,Fleet Owner,Logistics,East,Very High Value,Long-Term Customer,80.0,55.8,78.8,74.8,High Priority Customer,115
C0176,2019-01-14,2024-08-07,42,66901722.800000004,1592898.16,2179,5.97,5.97,7.04,66901722.8,11214251.61,5.0,56071258.04,-10830464.76,0.84,Dealer,Logistics,South,High Value,Long-Term Customer,71.8,80.2,75.4,74.56,High Priority Customer,116
C0123,2019-01-16,2024-11-04,36,70019319.0,1944981.08,2177,5.96,5.96,6.04,70019319.0,11747614.27,5.0,58738071.35,-11281247.65,0.84,Corporate,Infrastructure,East,Very High Value,Long-Term Customer,79.6,49.2,82.6,74.42,High Priority Customer,117
C0377,2019-02-01,2024-12-07,37,68519191.2,1851870.03,2161,5.92,5.92,6.25,68519191.2,11581043.31,5.0,57905216.53,-10613974.67,0.85,Dealer,Logistics,West,Very High Value,Long-Term Customer,77.2,58.2,79.2,74.0,High Priority Customer,118
C0414,2019-02-16,2024-12-31,40,66316815.6,1657920.39,2146,5.88,5.88,6.81,66316815.6,11287146.74,5.0,56435733.69,-9881081.91,0.85,Dealer,Construction,South,High Value,Long-Term Customer,73.6,74.0,74.6,73.98,High Priority Customer,119
C0443,2019-03-27,2024-11-18,40,64951558.8,1623788.97,2107,5.77,5.77,6.93,64951558.8,11259400.5,5.0,56297002.5,-8654556.3,0.87,Dealer,Infrastructure,East,High Value,Long-Term Customer,73.4,78.0,72.0,73.9,High Priority Customer,120
C0016,2019-01-18,2024-12-18,35,70872336.2,2024923.89,2175,5.95,5.95,5.88,70872336.2,11901664.73,5.0,59508323.67,-11364012.53,0.84,Government,Rental,East,Very High Value,Long-Term Customer,81.2,40.8,83.6,73.84,High Priority Customer,121
C0009,2019-04-14,2024-11-04,34,68836324.8,2024597.79,2089,5.72,5.72,5.94,68836324.8,12035647.5,5.0,60178237.51,-8658087.29,0.87,Corporate,Rental,West,Very High Value,Long-Term Customer,82.4,43.8,79.6,73.84,High Priority Customer,122
C0395,2019-02-21,2024-12-20,44,64514679.8,1466242.72,2141,5.86,5.86,7.51,64514679.8,11006065.76,5.0,55030328.81,-9484350.99,0.85,Corporate,Manufacturing,East,High Value,Long-Term Customer,69.2,88.6,71.0,73.62,High Priority Customer,123
C0041,2019-01-11,2024-06-11,38,68044561.6,1790646.36,2182,5.97,5.97,6.36,68044561.6,11390135.71,5.0,56950678.56,-11093883.04,0.84,Government,Rental,South,High Value,Long-Term Customer,75.0,61.2,77.8,73.08,High Priority Customer,124
C0488,2019-03-01,2024-11-26,37,67251532.8,1817608.99,2133,5.84,5.84,6.34,67251532.8,11515997.35,5.0,57579986.77,-9671546.03,0.86,Government,Construction,South,Very High Value,Long-Term Customer,76.4,60.2,76.0,73.04,High Priority Customer,125
C0379,2019-03-29,2024-12-15,41,64194052.6,1565708.6,2105,5.76,5.76,7.11,64194052.6,11138659.25,5.0,55693296.23,-8500756.37,0.87,Retail,Mining,West,High Value,Long-Term Customer,71.0,82.4,70.2,73.04,High Priority Customer,126
C0193,2019-01-10,2024-11-30,38,67795348.0,1784088.11,2183,5.98,5.98,6.36,67795348.0,11343220.73,5.0,56716103.66,-11079244.34,0.84,Dealer,Infrastructure,West,High Value,Long-Term Customer,74.8,61.0,77.2,72.76,High Priority Customer,127
C0312,2019-04-16,2024-11-17,37,65437706.6,1768586.66,2087,5.71,5.71,6.48,65437706.6,11452382.53,5.0,57261912.64,-8175793.96,0.88,Government,Construction,West,Very High Value,Long-Term Customer,75.8,64.4,72.8,72.62,High Priority Customer,128
C0464,2019-01-18,2024-09-13,38,67405736.8,1773835.18,2175,5.95,5.95,6.38,67405736.8,11319515.11,5.0,56597575.55,-10808161.25,0.84,Corporate,Infrastructure,North,High Value,Long-Term Customer,74.2,62.2,76.6,72.52,High Priority Customer,129
C0141,2019-04-06,2024-11-15,36,66220737.2,1839464.92,2097,5.74,5.74,6.27,66220737.2,11534155.59,5.0,57670777.93,-8549959.27,0.87,Corporate,Rental,West,Very High Value,Long-Term Customer,77.0,58.6,74.2,72.48,High Priority Customer,130
C0341,2019-03-10,2024-10-07,36,66838579.4,1856627.21,2124,5.82,5.82,6.19,66838579.4,11493781.13,5.0,57468905.66,-9369673.74,0.86,Fleet Owner,Mining,North,Very High Value,Long-Term Customer,76.2,55.6,75.2,71.78,High Priority Customer,131
C0301,2019-01-13,2024-12-19,46,63821535.6,1387424.69,2180,5.97,5.97,7.71,63821535.6,10693034.81,5.0,53465174.03,-10356361.57,0.84,Dealer,Mining,East,High Value,Long-Term Customer,65.2,91.0,69.2,71.56,High Priority Customer,132
C0295,2019-03-07,2024-10-09,38,65390145.6,1720793.31,2127,5.82,5.82,6.53,65390145.6,11228843.76,5.0,56144218.81,-9245926.79,0.86,Corporate,Mining,East,High Value,Long-Term Customer,72.6,67.2,72.6,71.52,High Priority Customer,133
C0415,2019-03-21,2024-10-11,33,68592455.6,2078559.26,2113,5.79,5.79,5.7,68592455.6,11856788.65,5.0,59283943.23,-9308512.37,0.86,Government,Infrastructure,North East,Very High Value,Long-Term Customer,80.6,34.6,79.4,71.04,High Priority Customer,134
C0010,2019-01-23,2024-11-27,46,63051038.4,1370674.75,2170,5.94,5.94,7.74,63051038.4,10612622.94,5.0,53063114.69,-9987923.71,0.84,Dealer,Construction,South,High Value,Long-Term Customer,64.6,91.2,67.4,70.76,High Priority Customer,135
C0438,2019-06-17,2024-09-01,39,61720027.0,1582564.79,2025,5.54,5.54,7.03,61720027.0,11132464.13,5.0,55662320.65,-6057706.35,0.9,Corporate,Rental,East,High Value,Long-Term Customer,70.6,80.0,63.8,70.44,High Priority Customer,136
C0149,2019-02-28,2024-12-12,38,65235052.4,1716711.91,2134,5.84,5.84,6.5,65235052.4,11165465.27,5.0,55827326.36,-9407726.04,0.86,Government,Manufacturing,West,High Value,Long-Term Customer,71.2,65.5,72.4,70.42,High Priority Customer,137
C0369,2019-01-26,2024-12-13,40,64656844.2,1616421.1,2167,5.93,5.93,6.74,64656844.2,10897975.24,5.0,54489876.2,-10166968.0,0.84,Government,Manufacturing,West,High Value,Long-Term Customer,68.4,72.8,71.4,70.18,High Priority Customer,138
C0467,2019-01-02,2024-11-06,48,62880162.4,1310003.38,2191,6.0,6.0,8.0,62880162.4,10482418.67,5.0,52412093.37,-10468069.03,0.83,Retail,Construction,North,High Value,Long-Term Customer,61.6,94.4,67.0,69.78,High Priority Customer,139
C0471,2019-02-23,2024-11-27,37,65501994.2,1770324.17,2139,5.86,5.86,6.32,65501994.2,11184947.82,5.0,55924739.09,-9577255.11,0.85,Fleet Owner,Logistics,West,High Value,Long-Term Customer,71.6,59.8,73.4,69.78,High Priority Customer,140
C0168,2019-06-02,2024-12-18,34,64028787.0,1883199.62,2040,5.59,5.59,6.09,64028787.0,11463977.67,5.0,57319888.36,-6708898.64,0.9,Dealer,Infrastructure,West,Very High Value,Long-Term Customer,76.0,51.4,69.4,69.1,High Priority Customer,141
C0234,2019-01-09,2024-12-26,29,72295152.4,2492936.29,2184,5.98,5.98,4.85,72295152.4,12090569.79,5.0,60452848.93,-11842303.47,0.84,Corporate,Infrastructure,West,Very High Value,Long-Term Customer,83.0,8.2,85.8,68.88,High Priority Customer,142
C0293,2019-01-19,2024-09-25,36,66815451.4,1855984.76,2174,5.95,5.95,6.05,66815451.4,11225549.05,5.0,56127745.23,-10687706.17,0.84,Dealer,Logistics,West,High Value,Long-Term Customer,72.4,49.9,75.0,68.68,High Priority Customer,143
C0039,2019-04-17,2024-11-28,38,62706510.2,1650171.32,2086,5.71,5.71,6.65,62706510.2,10979651.41,5.0,54898257.07,-7808253.13,0.88,Fleet Owner,Rental,South,High Value,Long-Term Customer,68.8,70.6,66.4,68.44,High Priority Customer,144
C0264,2019-01-02,2024-11-02,36,67321592.8,1870044.24,2191,6.0,6.0,6.0,67321592.8,11222826.0,5.0,56114130.01,-11207462.79,0.83,Retail,Infrastructure,West,High Value,Long-Term Customer,72.2,45.6,76.2,68.08,High Priority Customer,145
C0166,2019-01-18,2024-12-08,32,69504759.6,2172023.74,2175,5.95,5.95,5.37,69504759.6,11672006.18,5.0,58360030.91,-11144728.69,0.84,Fleet Owner,Manufacturing,West,Very High Value,Long-Term Customer,78.6,21.4,81.6,68.06,High Priority Customer,146
C0004,2019-03-21,2024-12-31,46,60843242.8,1322679.19,2113,5.79,5.79,7.95,60843242.8,10517271.38,5.0,52586356.92,-8256885.88,0.86,Fleet Owner,Logistics,South,High Value,Long-Term Customer,61.8,93.8,61.0,67.96,High Priority Customer,147
C0152,2019-03-10,2024-11-18,40,62249804.2,1556245.1,2124,5.82,5.82,6.88,62249804.2,10704680.31,5.0,53523401.56,-8726402.64,0.86,Corporate,Manufacturing,South,High Value,Long-Term Customer,65.6,76.6,65.2,67.68,High Priority Customer,148
C0396,2019-01-14,2024-12-07,38,64506474.4,1697538.8,2179,5.97,5.97,6.37,64506474.4,10812753.45,5.0,54063767.27,-10442707.13,0.84,Government,Manufacturing,West,High Value,Long-Term Customer,67.8,61.6,70.8,67.46,High Priority Customer,149
C0128,2019-01-02,2024-12-18,33,69172996.2,2096151.4,2191,6.0,6.0,5.5,69172996.2,11531463.65,5.0,57657318.26,-11515677.94,0.83,Retail,Mining,West,Very High Value,Long-Term Customer,76.8,25.2,79.8,67.38,High Priority Customer,150
C0413,2019-02-06,2024-11-08,41,62380011.4,1521463.69,2156,5.9,5.9,6.95,62380011.4,10567856.76,5.0,52839283.78,-9540727.62,0.85,Fleet Owner,Manufacturing,South,High Value,Long-Term Customer,63.0,78.6,65.6,66.9,High Priority Customer,151
C0198,2019-03-27,2024-08-01,36,63577917.2,1766053.26,2107,5.77,5.77,6.24,63577917.2,11021278.72,5.0,55106393.59,-8471523.61,0.87,Government,Mining,West,High Value,Long-Term Customer,69.4,57.6,68.6,66.8,High Priority Customer,152
C0455,2019-04-27,2024-11-27,35,63287015.4,1808200.44,2076,5.68,5.68,6.16,63287015.4,11134673.59,5.0,55673367.95,-7613647.45,0.88,Retail,Logistics,Central,High Value,Long-Term Customer,70.8,53.6,67.8,66.46,High Priority Customer,153
C0101,2019-02-26,2024-10-10,38,62629058.6,1648133.12,2136,5.85,5.85,6.5,62629058.6,10709393.1,5.0,53546965.48,-9082093.12,0.85,Corporate,Logistics,South,High Value,Long-Term Customer,65.8,65.2,66.0,65.74,High Priority Customer,154
C0054,2019-01-31,2024-12-14,37,63424926.8,1714187.21,2162,5.92,5.92,6.25,63424926.8,10715057.59,5.0,53575287.96,-9849638.84,0.84,Fleet Owner,Manufacturing,South,High Value,Long-Term Customer,66.4,58.0,68.2,65.26,High Priority Customer,155
C0333,2019-01-09,2024-12-02,39,63220923.0,1621049.31,2184,5.98,5.98,6.52,63220923.0,10573004.64,5.0,52865023.18,-10355899.82,0.84,Corporate,Mining,South,High Value,Long-Term Customer,63.2,66.7,67.6,65.22,High Priority Customer,156
C0408,2019-07-06,2024-11-02,36,60127186.2,1670199.62,2006,5.49,5.49,6.55,60127186.2,10947883.73,5.0,54739418.64,-5387767.56,0.91,Government,Infrastructure,South,High Value,Long-Term Customer,68.6,67.8,57.8,65.2,High Priority Customer,157
C0273,2019-05-04,2024-12-31,37,60830001.0,1644054.08,2069,5.66,5.66,6.53,60830001.0,10738597.32,5.0,53692986.62,-7137014.38,0.88,Dealer,Manufacturing,East,High Value,Long-Term Customer,67.0,67.4,60.6,65.16,High Priority Customer,158
C0235,2019-05-08,2024-09-10,38,60478356.4,1591535.69,2065,5.65,5.65,6.72,60478356.4,10697200.81,5.0,53486004.06,-6992352.34,0.88,Fleet Owner,Mining,East,High Value,Long-Term Customer,65.4,72.4,59.6,65.06,High Priority Customer,159
C0302,2019-02-05,2024-12-24,36,63607092.0,1766863.67,2157,5.91,5.91,6.1,63607092.0,10770741.93,5.0,53853709.67,-9753382.33,0.85,Fleet Owner,Mining,West,High Value,Long-Term Customer,67.4,51.8,68.8,64.7,High Priority Customer,160
C0499,2019-01-18,2024-11-29,39,62785837.0,1609893.26,2175,5.95,5.95,6.55,62785837.0,10543690.56,5.0,52718452.79,-10067384.21,0.84,Corporate,Construction,East,High Value,Long-Term Customer,62.4,67.6,66.6,64.7,High Priority Customer,161
C0409,2019-01-19,2024-10-09,45,60821412.6,1351586.95,2174,5.95,5.95,7.56,60821412.6,10218500.9,5.0,51092504.49,-9728908.11,0.84,Government,Logistics,West,High Value,Long-Term Customer,57.4,89.4,60.4,64.7,High Priority Customer,162
C0327,2019-02-01,2024-12-06,43,61017008.6,1419000.2,2161,5.92,5.92,7.27,61017008.6,10313032.11,5.0,51565160.55,-9451848.05,0.85,Retail,Mining,West,High Value,Long-Term Customer,58.8,84.4,61.4,64.7,High Priority Customer,163
C0156,2019-01-14,2024-09-17,33,67117436.4,2033861.71,2179,5.97,5.97,5.53,67117436.4,11250410.12,5.0,56252050.59,-10865385.81,0.84,Government,Manufacturing,South,High Value,Long-Term Customer,72.8,27.9,75.6,64.66,High Priority Customer,164
C0230,2019-02-19,2024-10-31,38,62086661.8,1633859.52,2143,5.87,5.87,6.48,62086661.8,10581966.04,5.0,52909830.2,-9176831.6,0.85,Dealer,Infrastructure,North,High Value,Long-Term Customer,63.6,64.6,64.6,64.1,High Priority Customer,165
C0024,2019-01-22,2024-09-17,44,60658309.2,1378597.94,2171,5.94,5.94,7.4,60658309.2,10205180.76,5.0,51025903.81,-9632405.39,0.84,Dealer,Rental,South,High Value,Long-Term Customer,57.0,86.8,60.2,63.92,High Priority Customer,166
C0460,2019-04-06,2024-11-25,32,64634814.4,2019837.95,2097,5.74,5.74,5.57,64634814.4,11257923.68,5.0,56289618.41,-8345195.99,0.87,Dealer,Logistics,South,High Value,Long-Term Customer,73.0,29.6,71.2,63.78,High Priority Customer,167
C0269,2019-01-12,2024-11-22,41,61642030.4,1503464.16,2181,5.97,5.97,6.87,61642030.4,10323132.33,5.0,51615661.63,-10026368.77,0.84,Government,Mining,South,High Value,Long-Term Customer,59.2,75.8,63.4,63.78,High Priority Customer,168
C0329,2019-01-03,2024-12-26,36,64307436.8,1786317.69,2190,6.0,6.0,6.0,64307436.8,10725247.16,5.0,53626235.82,-10681200.98,0.83,Dealer,Infrastructure,Central,High Value,Long-Term Customer,66.6,45.8,70.6,63.64,High Priority Customer,169
C0310,2019-05-30,2024-11-07,39,59059490.6,1514345.91,2043,5.59,5.59,6.97,59059490.6,10558726.84,5.0,52793634.22,-6265856.38,0.89,Government,Infrastructure,East,High Value,Long-Term Customer,62.8,79.0,54.6,63.58,High Priority Customer,170
C0216,2019-01-27,2024-11-20,39,62009378.6,1589984.07,2166,5.93,5.93,6.58,62009378.6,10456567.65,5.0,52282838.26,-9726540.34,0.84,Government,Mining,East,High Value,Long-Term Customer,60.8,68.6,64.2,63.38,High Priority Customer,171
C0135,2019-03-09,2024-08-27,35,62791824.6,1794052.13,2125,5.82,5.82,6.02,62791824.6,10792806.56,5.0,53964032.79,-8827791.81,0.86,Retail,Rental,South,High Value,Long-Term Customer,67.6,47.0,66.8,63.24,High Priority Customer,172
C0261,2019-05-06,2024-12-06,33,62999554.6,1909077.41,2067,5.66,5.66,5.83,62999554.6,11132359.61,5.0,55661798.06,-7337756.54,0.88,Dealer,Manufacturing,North,High Value,Long-Term Customer,70.4,38.8,67.2,63.12,High Priority Customer,173
C0398,2019-09-10,2024-12-02,35,57843305.6,1652665.87,1940,5.31,5.31,6.59,57843305.6,10890344.01,5.0,54451720.03,-3391585.57,0.94,Government,Rental,South,High Value,Long-Term Customer,68.0,69.0,50.6,62.98,High Priority Customer,174
C0213,2019-02-26,2024-08-31,30,66248437.6,2208281.25,2136,5.85,5.85,5.13,66248437.6,11328296.74,5.0,56641483.69,-9606953.91,0.85,Fleet Owner,Rental,West,High Value,Long-Term Customer,74.6,14.8,74.4,62.58,High Priority Customer,175
C0172,2019-08-18,2024-11-27,37,57323600.2,1549286.49,1963,5.37,5.37,6.88,57323600.2,10666044.31,5.0,53330221.53,-3993378.67,0.93,Dealer,Manufacturing,South,High Value,Long-Term Customer,65.0,77.0,48.6,62.48,High Priority Customer,176
C0315,2019-01-09,2024-12-17,40,61457629.4,1536440.74,2184,5.98,5.98,6.69,61457629.4,10278113.16,5.0,51390565.79,-10067063.61,0.84,Dealer,Rental,West,High Value,Long-Term Customer,58.2,71.8,62.8,62.3,High Priority Customer,177
C0116,2019-01-08,2024-07-28,35,64081942.6,1830912.65,2185,5.98,5.98,5.85,64081942.6,10712095.9,5.0,53560479.48,-10521463.12,0.84,Dealer,Construction,North,High Value,Long-Term Customer,66.0,39.6,69.8,61.86,High Priority Customer,178
C0126,2019-03-05,2024-04-05,33,64059034.8,1941182.87,2129,5.83,5.83,5.66,64059034.8,10989930.7,5.0,54949653.5,-9109381.3,0.86,Dealer,Manufacturing,South,High Value,Long-Term Customer,69.0,32.4,69.6,61.86,High Priority Customer,179
C0161,2019-03-24,2024-11-17,37,60837361.2,1644253.01,2110,5.78,5.78,6.4,60837361.2,10531206.72,5.0,52656033.6,-8181327.6,0.87,Dealer,Mining,West,High Value,Long-Term Customer,62.0,63.0,60.8,61.84,High Priority Customer,180
C0211,2019-03-06,2024-11-20,42,59389779.2,1414042.36,2128,5.83,5.83,7.21,59389779.2,10193663.93,5.0,50968319.67,-8421459.53,0.86,Fleet Owner,Manufacturing,South,High Value,Long-Term Customer,56.4,83.4,55.8,61.62,High Priority Customer,181
C0021,2019-01-16,2024-10-01,45,59956738.4,1332371.96,2177,5.96,5.96,7.55,59956738.4,10059347.13,5.0,50296735.65,-9660002.75,0.84,Corporate,Mining,South,High Value,Long-Term Customer,53.2,89.2,57.2,61.6,High Priority Customer,182
C0390,2019-03-23,2024-11-09,32,64132451.0,2004139.09,2111,5.78,5.78,5.54,64132451.0,11096341.89,5.0,55481709.45,-8650741.55,0.87,Fleet Owner,Construction,North,High Value,Long-Term Customer,69.8,28.3,70.0,61.56,High Priority Customer,183
C0328,2019-01-03,2024-12-05,37,62646507.6,1693148.85,2190,6.0,6.0,6.17,62646507.6,10448236.03,5.0,52241180.14,-10405327.46,0.83,Government,Rental,East,High Value,Long-Term Customer,60.6,54.7,66.2,61.1,High Priority Customer,184
C0406,2019-02-25,2024-10-11,32,64818334.4,2025572.95,2137,5.85,5.85,5.47,64818334.4,11078566.51,5.0,55392832.57,-9425501.83,0.85,Dealer,Logistics,West,High Value,Long-Term Customer,69.6,24.1,71.6,61.1,High Priority Customer,185
C0249,2019-01-16,2024-09-03,35,63391180.8,1811176.59,2177,5.96,5.96,5.87,63391180.8,10635566.74,5.0,53177833.69,-10213347.11,0.84,Corporate,Construction,West,High Value,Long-Term Customer,64.8,40.6,68.0,60.92,High Priority Customer,186
C0447,2019-05-16,2024-12-23,33,61334243.8,1858613.45,2057,5.63,5.63,5.86,61334243.8,10890779.07,5.0,54453895.35,-6880348.45,0.89,Fleet Owner,Rental,East,High Value,Long-Term Customer,68.2,40.1,62.4,60.84,High Priority Customer,187
C0340,2019-01-05,2024-12-04,35,63532821.6,1815223.47,2188,5.99,5.99,5.84,63532821.6,10605741.81,5.0,53028709.07,-10504112.53,0.83,Government,Mining,South,High Value,Long-Term Customer,64.4,39.2,68.4,60.56,High Priority Customer,188
C0263,2019-03-06,2024-11-01,35,61677496.4,1762214.18,2128,5.83,5.83,6.01,61677496.4,10586327.8,5.0,52931639.0,-8745857.4,0.86,Government,Rental,South,High Value,Long-Term Customer,64.0,46.2,63.6,60.32,High Priority Customer,189
C0410,2019-03-03,2024-11-27,39,59804309.8,1533443.84,2131,5.83,5.83,6.68,59804309.8,10250363.28,5.0,51251816.41,-8552493.39,0.86,Corporate,Mining,South,High Value,Long-Term Customer,57.8,71.2,57.0,60.24,High Priority Customer,190
C0130,2019-02-17,2024-11-16,39,60017312.8,1538905.46,2145,5.87,5.87,6.64,60017312.8,10219731.24,5.0,51098656.18,-8918656.62,0.85,Government,Mining,West,High Value,Long-Term Customer,57.6,70.4,57.6,60.16,High Priority Customer,191
C0381,2019-07-06,2024-11-17,29,62038399.0,2139255.14,2006,5.49,5.49,5.28,62038399.0,11295874.99,5.0,56479374.96,-5559024.04,0.91,Corporate,Mining,South,High Value,Long-Term Customer,73.8,19.2,64.4,60.06,High Priority Customer,192
C0491,2019-03-27,2024-07-04,27,65215944.4,2415405.35,2107,5.77,5.77,4.68,65215944.4,11305231.94,5.0,56526159.69,-8689784.71,0.87,Dealer,Infrastructure,South,High Value,Long-Term Customer,74.0,6.4,72.2,59.94,Medium Priority Customer,193
C0105,2019-05-25,2024-11-26,41,57202879.8,1395192.19,2048,5.61,5.61,7.31,57202879.8,10201831.96,5.0,51009159.78,-6193720.02,0.89,Government,Logistics,North,High Value,Long-Term Customer,56.8,84.8,48.2,59.82,Medium Priority Customer,194
C0140,2019-03-18,2024-11-24,37,60136648.6,1625314.83,2116,5.79,5.79,6.39,60136648.6,10380392.68,5.0,51901963.38,-8234685.22,0.86,Retail,Logistics,West,High Value,Long-Term Customer,59.6,62.4,58.0,59.68,Medium Priority Customer,195
C0162,2019-07-05,2024-10-14,28,62233145.6,2222612.34,2007,5.49,5.49,5.1,62233145.6,11325688.31,5.0,56628441.53,-5604704.07,0.91,Retail,Mining,East,High Value,Long-Term Customer,74.4,13.4,65.0,59.38,Medium Priority Customer,196
C0191,2019-02-03,2024-12-12,29,65787839.8,2268546.2,2159,5.91,5.91,4.91,65787839.8,11129693.6,5.0,55648468.01,-10139371.79,0.85,Corporate,Manufacturing,South,High Value,Long-Term Customer,70.2,9.8,73.8,59.2,Medium Priority Customer,197
C0319,2019-05-16,2024-12-08,33,60426895.0,1831118.03,2057,5.63,5.63,5.86,60426895.0,10729666.21,5.0,53648331.06,-6778563.94,0.89,Dealer,Mining,South,High Value,Long-Term Customer,66.8,40.1,59.2,59.18,Medium Priority Customer,198
C0228,2019-03-27,2024-09-10,34,61132479.4,1798014.1,2107,5.77,5.77,5.89,61132479.4,10597360.28,5.0,52986801.38,-8145678.02,0.87,Government,Construction,South,High Value,Long-Term Customer,64.2,41.8,62.0,59.06,Medium Priority Customer,199
C0318,2019-01-08,2024-10-17,36,62202116.0,1727836.56,2185,5.98,5.98,6.02,62202116.0,10397859.44,5.0,51989297.18,-10212818.82,0.84,Corporate,Logistics,North,High Value,Long-Term Customer,60.2,47.4,64.8,59.02,Medium Priority Customer,200
C0358,2019-04-17,2024-10-01,36,59405501.6,1650152.82,2086,5.71,5.71,6.3,59405501.6,10401658.42,5.0,52008292.09,-7397209.51,0.88,Government,Infrastructure,West,High Value,Long-Term Customer,60.4,59.4,56.0,58.88,Medium Priority Customer,201
C0335,2019-01-31,2024-11-03,38,60351028.0,1588184.95,2162,5.92,5.92,6.42,60351028.0,10195750.68,5.0,50978753.42,-9372274.58,0.84,Government,Infrastructure,North East,High Value,Long-Term Customer,56.6,63.4,58.8,58.62,Medium Priority Customer,202
C0106,2019-04-07,2024-11-12,39,58339475.8,1495883.99,2096,5.74,5.74,6.8,58339475.8,10166266.0,5.0,50831330.0,-7508145.8,0.87,Dealer,Infrastructure,Central,High Value,Long-Term Customer,55.8,73.6,53.2,58.58,Medium Priority Customer,203
C0492,2019-02-04,2024-11-05,35,61798115.2,1765660.43,2158,5.91,5.91,5.92,61798115.2,10459574.41,5.0,52297872.05,-9500243.15,0.85,Dealer,Rental,East,High Value,Long-Term Customer,61.0,43.2,64.0,58.34,Medium Priority Customer,204
C0189,2019-03-03,2024-11-11,35,61121980.8,1746342.31,2131,5.83,5.83,6.0,61121980.8,10476209.99,5.0,52381049.95,-8740930.85,0.86,Government,Manufacturing,South,High Value,Long-Term Customer,61.4,45.4,61.8,58.32,Medium Priority Customer,205
C0268,2019-01-21,2024-10-07,32,63709103.6,1990909.49,2172,5.95,5.95,5.38,63709103.6,10713512.93,5.0,53567564.66,-10141538.94,0.84,Government,Mining,West,High Value,Long-Term Customer,66.2,21.9,69.0,58.18,Medium Priority Customer,206
C0498,2019-03-01,2024-08-19,28,64864362.8,2316584.39,2133,5.84,5.84,4.79,64864362.8,11107223.87,5.0,55536119.35,-9328243.45,0.86,Fleet Owner,Construction,East,High Value,Long-Term Customer,70.0,7.9,71.8,58.12,Medium Priority Customer,207
C0481,2019-01-03,2024-12-31,39,60397194.2,1548646.01,2190,6.0,6.0,6.5,60397194.2,10073093.69,5.0,50365468.45,-10031725.75,0.83,Corporate,Logistics,South,High Value,Long-Term Customer,54.4,65.9,59.0,58.08,Medium Priority Customer,208
C0217,2019-01-19,2024-12-18,36,61360958.2,1704471.06,2174,5.95,5.95,6.05,61360958.2,10309149.03,5.0,51545745.13,-9815213.07,0.84,Corporate,Infrastructure,North,High Value,Long-Term Customer,58.6,49.9,62.6,58.06,Medium Priority Customer,209
C0365,2019-01-04,2024-09-15,39,60336743.2,1547095.98,2189,5.99,5.99,6.51,60336743.2,10067608.7,5.0,50338043.52,-9998699.68,0.83,Government,Manufacturing,East,High Value,Long-Term Customer,54.2,66.2,58.6,57.92,Medium Priority Customer,210
C0477,2019-06-12,2024-10-13,36,57746038.6,1604056.63,2030,5.56,5.56,6.48,57746038.6,10390020.0,5.0,51950100.0,-5795938.6,0.9,Government,Construction,West,High Value,Long-Term Customer,59.8,64.9,50.0,57.88,Medium Priority Customer,211
C0236,2019-03-21,2024-10-25,41,57861179.0,1411248.27,2113,5.79,5.79,7.09,57861179.0,10001796.32,5.0,50008981.61,-7852197.39,0.86,Corporate,Mining,West,High Value,Long-Term Customer,52.4,81.8,50.8,57.8,Medium Priority Customer,212
C0280,2019-01-12,2024-11-05,42,59078520.8,1406631.45,2181,5.97,5.97,7.03,59078520.8,9893823.81,5.0,49469119.03,-9609401.77,0.84,Corporate,Construction,West,High Value,Long-Term Customer,50.4,79.8,54.8,57.6,Medium Priority Customer,213
C0138,2019-01-10,2024-12-25,34,62582651.4,1840666.22,2183,5.98,5.98,5.69,62582651.4,10471055.16,5.0,52355275.82,-10227375.58,0.84,Corporate,Mining,South,High Value,Long-Term Customer,61.2,34.0,65.8,57.14,Medium Priority Customer,214
C0219,2019-01-09,2024-12-21,39,59976015.0,1537846.54,2184,5.98,5.98,6.52,59976015.0,10030329.43,5.0,50151647.16,-9824367.84,0.84,Government,Manufacturing,West,High Value,Long-Term Customer,53.0,66.7,57.4,57.06,Medium Priority Customer,215
C0017,2019-01-31,2024-12-21,39,59194497.0,1517807.62,2162,5.92,5.92,6.59,59194497.0,10000365.42,5.0,50001827.08,-9192669.92,0.84,Government,Infrastructure,South,High Value,Long-Term Customer,52.0,68.8,55.2,56.32,Medium Priority Customer,216
C0015,2019-02-18,2024-11-16,34,61028370.8,1794952.08,2144,5.87,5.87,5.79,61028370.8,10396740.87,5.0,51983704.37,-9044666.43,0.85,Government,Rental,West,High Value,Long-Term Customer,60.0,38.2,61.6,56.12,Medium Priority Customer,217
C0085,2019-01-01,2024-09-20,37,60463527.2,1634149.38,2192,6.0,6.0,6.17,60463527.2,10074955.89,5.0,50374779.45,-10088747.75,0.83,Retail,Mining,South,High Value,Long-Term Customer,54.6,54.0,59.4,55.92,Medium Priority Customer,218
C0056,2019-01-08,2024-11-10,36,60885469.8,1691263.05,2185,5.98,5.98,6.02,60885469.8,10177765.6,5.0,50888828.02,-9996641.78,0.84,Dealer,Mining,North,High Value,Long-Term Customer,56.0,47.4,61.2,55.84,Medium Priority Customer,219
C0433,2019-09-11,2024-05-27,31,57020323.4,1839365.27,1939,5.31,5.31,5.84,57020323.4,10740935.08,5.0,53704675.4,-3315648.0,0.94,Dealer,Infrastructure,North,High Value,Long-Term Customer,67.2,39.0,47.4,55.62,Medium Priority Customer,220
C0026,2019-01-09,2024-12-29,36,60554977.0,1682082.69,2184,5.98,5.98,6.02,60554977.0,10127154.46,5.0,50635772.32,-9919204.68,0.84,Fleet Owner,Mining,North,High Value,Long-Term Customer,55.6,47.9,60.0,55.38,Medium Priority Customer,221
C0251,2019-01-09,2024-07-06,36,60544705.8,1681797.38,2184,5.98,5.98,6.02,60544705.8,10125436.72,5.0,50627183.59,-9917522.21,0.84,Dealer,Mining,North,High Value,Long-Term Customer,55.4,47.9,59.8,55.22,Medium Priority Customer,222
C0051,2019-02-15,2024-11-15,36,59420710.4,1650575.29,2147,5.88,5.88,6.12,59420710.4,10108716.57,5.0,50543582.84,-8877127.56,0.85,Retail,Infrastructure,North,High Value,Long-Term Customer,55.2,52.9,56.2,55.04,Medium Priority Customer,223
C0399,2019-01-03,2024-12-25,39,59287998.0,1520205.08,2190,6.0,6.0,6.5,59287998.0,9888101.04,5.0,49440505.18,-9847492.82,0.83,Fleet Owner,Rental,South,High Value,Long-Term Customer,50.2,65.9,55.6,54.96,Medium Priority Customer,224
C0158,2019-03-03,2024-09-26,36,58875735.2,1635437.09,2131,5.83,5.83,6.17,58875735.2,10091207.08,5.0,50456035.39,-8419699.81,0.86,Corporate,Infrastructure,East,High Value,Long-Term Customer,55.0,54.4,53.8,54.52,Medium Priority Customer,225
C0419,2019-03-05,2024-09-30,31,61514207.2,1984329.26,2129,5.83,5.83,5.32,61514207.2,10553341.56,5.0,52766707.8,-8747499.4,0.86,Fleet Owner,Logistics,West,High Value,Long-Term Customer,62.6,20.0,63.2,54.26,Medium Priority Customer,226
C0068,2019-03-11,2024-12-06,39,57372766.4,1471096.57,2123,5.81,5.81,6.71,57372766.4,9870656.11,5.0,49353280.56,-8019485.84,0.86,Retail,Mining,North,Medium Value,Long-Term Customer,50.0,72.0,49.2,54.16,Medium Priority Customer,227
C0290,2019-03-04,2024-11-15,40,57372288.2,1434307.2,2130,5.83,5.83,6.86,57372288.2,9838135.34,5.0,49190676.68,-8181611.52,0.86,Corporate,Construction,West,Medium Value,Long-Term Customer,48.6,75.6,49.0,54.12,Medium Priority Customer,228
C0286,2019-01-06,2024-12-29,36,60273490.2,1674263.62,2187,5.99,5.99,6.01,60273490.2,10066251.62,5.0,50331258.11,-9942232.09,0.84,Dealer,Construction,South,High Value,Long-Term Customer,53.8,46.5,58.4,53.72,Medium Priority Customer,229
C0453,2019-05-25,2024-12-01,31,59284873.8,1912415.28,2048,5.61,5.61,5.53,59284873.8,10573144.61,5.0,52865723.04,-6419150.76,0.89,Dealer,Mining,East,High Value,Long-Term Customer,63.4,26.9,55.4,53.7,Medium Priority Customer,230
C0175,2019-01-24,2024-11-01,36,59434888.8,1650969.13,2169,5.94,5.94,6.06,59434888.8,10008572.21,5.0,50042861.07,-9392027.73,0.84,Fleet Owner,Rental,East,High Value,Long-Term Customer,52.8,50.6,56.4,53.44,Medium Priority Customer,231
C0184,2019-03-12,2024-11-28,29,61479056.4,2119967.46,2122,5.81,5.81,4.99,61479056.4,10582104.31,5.0,52910521.56,-8568534.84,0.86,Retail,Rental,South,High Value,Long-Term Customer,63.8,10.8,63.0,52.96,Medium Priority Customer,232
C0424,2019-03-22,2024-09-23,35,58183379.4,1662382.27,2112,5.78,5.78,6.05,58183379.4,10062253.47,5.0,50311267.34,-7872112.06,0.86,Retail,Construction,West,High Value,Long-Term Customer,53.4,50.2,52.4,52.46,Medium Priority Customer,233
C0080,2019-02-20,2024-11-03,42,56541324.2,1346222.0,2142,5.86,5.86,7.16,56541324.2,9641325.24,5.0,48206626.2,-8334698.0,0.85,Retail,Mining,South,Medium Value,Long-Term Customer,44.6,82.9,44.8,52.32,Medium Priority Customer,234
C0222,2019-01-30,2024-12-13,41,57177978.6,1394584.84,2163,5.92,5.92,6.92,57177978.6,9655227.32,5.0,48276136.58,-8901842.02,0.84,Fleet Owner,Logistics,North,Medium Value,Long-Term Customer,44.8,77.4,47.8,52.22,Medium Priority Customer,235
C0065,2019-01-07,2024-12-12,36,59751563.6,1659765.66,2186,5.98,5.98,6.02,59751563.6,9983649.87,5.0,49918249.33,-9833314.27,0.84,Corporate,Mining,West,High Value,Long-Term Customer,51.6,46.8,56.8,52.2,Medium Priority Customer,236
C0258,2019-02-04,2024-10-10,28,62250978.4,2223249.23,2158,5.91,5.91,4.74,62250978.4,10536223.29,5.0,52681116.45,-9569861.95,0.85,Corporate,Mining,South,High Value,Long-Term Customer,62.2,7.2,65.4,52.16,Medium Priority Customer,237
C0029,2019-01-16,2024-06-30,38,58176890.6,1530970.81,2177,5.96,5.96,6.38,58176890.6,9760730.04,5.0,48803650.19,-9373240.41,0.84,Dealer,Construction,South,Medium Value,Long-Term Customer,47.6,62.0,52.2,51.86,Medium Priority Customer,238
C0259,2019-02-02,2024-12-13,33,60202150.6,1824307.59,2160,5.91,5.91,5.58,60202150.6,10180016.44,5.0,50900082.19,-9302068.41,0.85,Fleet Owner,Logistics,South,High Value,Long-Term Customer,56.2,30.2,58.2,51.6,Medium Priority Customer,239
C0417,2019-12-18,2024-09-11,32,51984530.4,1624516.58,1841,5.04,5.04,6.35,51984530.4,10313606.59,5.0,51568032.94,-416497.46,0.99,Fleet Owner,Mining,East,High Value,Long-Term Customer,59.0,60.6,33.0,51.52,Medium Priority Customer,240
C0260,2019-08-24,2024-09-05,32,55524668.6,1735145.89,1957,5.36,5.36,5.97,55524668.6,10362997.04,5.0,51814985.2,-3709683.4,0.93,Dealer,Logistics,South,High Value,Long-Term Customer,59.4,44.8,42.4,51.38,Medium Priority Customer,241
C0099,2019-01-10,2024-12-26,44,56469516.0,1283398.09,2183,5.98,5.98,7.36,56469516.0,9448232.12,5.0,47241160.6,-9228355.4,0.84,Fleet Owner,Rental,South,Medium Value,Long-Term Customer,41.2,85.8,44.6,51.14,Medium Priority Customer,242
C0055,2019-04-01,2024-12-11,32,59056095.2,1845502.98,2102,5.75,5.75,5.56,59056095.2,10261769.16,5.0,51308845.79,-7747249.41,0.87,Dealer,Construction,North,High Value,Long-Term Customer,58.0,29.0,54.4,51.12,Medium Priority Customer,243
C0314,2019-01-22,2024-09-26,36,58625243.800000004,1628478.99,2171,5.94,5.94,6.06,58625243.8,9863136.94,5.0,49315684.7,-9309559.1,0.84,Retail,Logistics,East,Medium Value,Long-Term Customer,49.8,50.4,53.4,51.0,Medium Priority Customer,244
C0011,2019-01-03,2024-11-22,41,57187490.8,1394816.85,2190,6.0,6.0,6.84,57187490.8,9537776.72,5.0,47688883.6,-9498607.2,0.83,Retail,Infrastructure,West,Medium Value,Long-Term Customer,43.0,75.0,48.0,50.9,Medium Priority Customer,245
C0093,2019-02-13,2024-12-01,36,57944235.8,1609562.11,2149,5.88,5.88,6.12,57944235.8,9848363.02,5.0,49241815.09,-8702420.71,0.85,Dealer,Manufacturing,South,Medium Value,Long-Term Customer,49.2,52.4,51.8,50.62,Medium Priority Customer,246
C0190,2019-05-15,2024-12-29,35,56351528.4,1610043.67,2058,5.63,5.63,6.21,56351528.4,10001164.11,5.0,50005820.57,-6345707.83,0.89,Retail,Manufacturing,North,High Value,Long-Term Customer,52.2,56.0,44.2,50.56,Medium Priority Customer,247
C0058,2019-01-23,2024-12-24,40,56831525.0,1420788.12,2170,5.94,5.94,6.73,56831525.0,9565767.05,5.0,47828835.27,-9002689.73,0.84,Retail,Infrastructure,West,Medium Value,Long-Term Customer,44.0,72.6,46.6,50.5,Medium Priority Customer,248
C0146,2019-01-20,2024-12-31,30,61245406.2,2041513.54,2173,5.95,5.95,5.04,61245406.2,10294470.6,5.0,51472353.0,-9773053.2,0.84,Retail,Mining,West,High Value,Long-Term Customer,58.4,12.7,62.2,50.4,Medium Priority Customer,249
C0449,2019-07-19,2024-11-19,32,55700286.8,1740633.96,1993,5.46,5.46,5.86,55700286.8,10207992.85,5.0,51039964.26,-4660322.54,0.92,Fleet Owner,Logistics,West,High Value,Long-Term Customer,57.2,40.4,43.2,49.64,Medium Priority Customer,250
C0296,2019-01-02,2024-11-07,40,56944680.8,1423617.02,2191,6.0,6.0,6.67,56944680.8,9492945.99,5.0,47464729.95,-9479950.85,0.83,Corporate,Manufacturing,East,Medium Value,Long-Term Customer,42.4,70.8,47.0,49.46,Medium Priority Customer,251
C0232,2019-01-24,2024-12-29,37,57544368.0,1555253.19,2169,5.94,5.94,6.23,57544368.0,9690216.88,5.0,48451084.4,-9093283.6,0.84,Government,Mining,South,Medium Value,Long-Term Customer,46.0,57.0,49.4,49.22,Medium Priority Customer,252
C0401,2019-01-11,2024-10-25,36,58231157.8,1617532.16,2182,5.97,5.97,6.03,58231157.8,9747447.47,5.0,48737237.37,-9493920.43,0.84,Government,Logistics,North East,Medium Value,Long-Term Customer,46.8,48.6,52.8,48.96,Medium Priority Customer,253
C0285,2019-02-11,2024-12-05,47,54036327.8,1149709.1,2151,5.89,5.89,7.98,54036327.8,9175624.7,5.0,45878123.5,-8158204.3,0.85,Government,Infrastructure,West,Medium Value,Long-Term Customer,36.4,94.2,37.6,48.32,Medium Priority Customer,254
C0131,2019-02-21,2024-06-14,32,59008448.8,1844014.02,2141,5.86,5.86,5.46,59008448.8,10066714.58,5.0,50333572.92,-8674875.88,0.85,Corporate,Rental,South,High Value,Long-Term Customer,54.0,23.7,54.2,48.0,Medium Priority Customer,255
C0461,2019-02-27,2024-10-31,36,56714684.2,1575407.89,2135,5.85,5.85,6.16,56714684.2,9702594.1,5.0,48512970.5,-8201713.7,0.86,Corporate,Infrastructure,North,Medium Value,Long-Term Customer,46.2,53.8,46.0,47.66,Medium Priority Customer,256
C0227,2019-02-13,2024-10-24,34,57926647.6,1703724.93,2149,5.88,5.88,5.78,57926647.6,9845373.68,5.0,49226868.39,-8699779.21,0.85,Fleet Owner,Infrastructure,East,Medium Value,Long-Term Customer,49.0,37.7,51.6,47.52,Medium Priority Customer,257
C0088,2019-01-26,2024-08-06,36,57330201.8,1592505.61,2167,5.93,5.93,6.07,57330201.8,9663062.39,5.0,48315311.97,-9014889.83,0.84,Corporate,Infrastructure,West,Medium Value,Long-Term Customer,45.2,51.0,48.8,47.44,Medium Priority Customer,258
C0022,2019-01-13,2024-11-06,38,56759064.0,1493659.58,2180,5.97,5.97,6.37,56759064.0,9509746.85,5.0,47548734.23,-9210329.77,0.84,Retail,Infrastructure,South,Medium Value,Long-Term Customer,42.6,61.4,46.2,47.44,Medium Priority Customer,259
C0038,2019-01-08,2024-11-29,36,57808311.2,1605786.42,2185,5.98,5.98,6.02,57808311.2,9663380.17,5.0,48316900.84,-9491410.36,0.84,Fleet Owner,Rental,North,Medium Value,Long-Term Customer,45.4,47.4,50.4,47.3,Medium Priority Customer,260
C0064,2019-03-21,2024-10-18,32,57893888.0,1809184.0,2113,5.79,5.79,5.53,57893888.0,10007450.35,5.0,50037251.76,-7856636.24,0.86,Corporate,Manufacturing,North,High Value,Long-Term Customer,52.6,27.6,51.4,47.24,Medium Priority Customer,261
C0426,2019-02-20,2024-12-03,35,57207251.0,1634492.89,2142,5.86,5.86,5.97,57207251.0,9754877.88,5.0,48774389.42,-8432861.58,0.85,Dealer,Infrastructure,North East,Medium Value,Long-Term Customer,47.4,44.6,48.4,47.14,Medium Priority Customer,262
C0173,2019-03-29,2024-10-18,31,57999777.4,1870960.56,2105,5.76,5.76,5.38,57999777.4,10063856.86,5.0,50319284.31,-7680493.09,0.87,Retail,Logistics,South,High Value,Long-Term Customer,53.6,21.6,52.0,46.72,Medium Priority Customer,263
C0077,2019-02-05,2024-12-16,34,57865492.6,1701926.25,2157,5.91,5.91,5.76,57865492.6,9798503.09,5.0,48992515.47,-8872977.13,0.85,Corporate,Mining,North,Medium Value,Long-Term Customer,48.0,36.8,51.0,46.66,Medium Priority Customer,264
C0124,2019-01-11,2024-11-04,42,54870405.8,1306438.23,2182,5.97,5.97,7.03,54870405.8,9184883.46,5.0,45924417.32,-8945988.48,0.84,Dealer,Construction,West,Medium Value,Long-Term Customer,37.0,79.6,40.6,46.6,Medium Priority Customer,265
C0027,2019-03-25,2024-12-26,39,54309976.4,1392563.5,2109,5.77,5.77,6.75,54309976.4,9405746.27,5.0,47028731.34,-7281245.06,0.87,Fleet Owner,Logistics,West,Medium Value,Long-Term Customer,40.8,73.0,38.6,46.58,Medium Priority Customer,266
C0040,2019-02-23,2024-12-21,43,53757984.6,1250185.69,2139,5.86,5.86,7.34,53757984.6,9179571.7,5.0,45897858.52,-7860126.08,0.85,Government,Logistics,North,Medium Value,Long-Term Customer,36.8,85.4,37.0,46.58,Medium Priority Customer,267
C0047,2019-04-06,2024-08-25,30,57880918.0,1929363.93,2097,5.74,5.74,5.23,57880918.0,10081547.59,5.0,50407737.96,-7473180.04,0.87,Corporate,Rental,West,High Value,Long-Term Customer,54.8,17.4,51.2,46.24,Medium Priority Customer,268
C0436,2019-02-01,2024-12-15,34,57784314.2,1699538.65,2161,5.92,5.92,5.75,57784314.2,9766645.42,5.0,48833227.12,-8951087.08,0.85,Fleet Owner,Logistics,East,Medium Value,Long-Term Customer,47.8,36.0,50.2,46.16,Medium Priority Customer,269
C0188,2019-03-04,2024-12-27,39,54387524.8,1394551.92,2130,5.83,5.83,6.69,54387524.8,9326311.47,5.0,46631557.35,-7755967.45,0.86,Corporate,Logistics,West,Medium Value,Long-Term Customer,40.0,71.6,38.8,45.96,Medium Priority Customer,270
C0098,2019-03-14,2024-12-18,35,56088743.0,1602535.51,2120,5.8,5.8,6.03,56088743.0,9663402.54,5.0,48317012.69,-7771730.31,0.86,Corporate,Mining,East,Medium Value,Long-Term Customer,45.6,49.0,43.6,45.68,Medium Priority Customer,271
C0354,2019-01-06,2024-12-25,37,56690884.8,1532186.08,2187,5.99,5.99,6.18,56690884.8,9467922.12,5.0,47339610.59,-9351274.21,0.84,Corporate,Logistics,South,Medium Value,Long-Term Customer,41.8,55.2,45.8,45.68,Medium Priority Customer,272
C0287,2019-03-22,2024-11-27,36,55179366.6,1532760.18,2112,5.78,5.78,6.23,55179366.6,9542738.47,5.0,47713692.35,-7465674.25,0.86,Dealer,Manufacturing,South,Medium Value,Long-Term Customer,43.2,56.8,41.4,45.38,Medium Priority Customer,273
C0397,2019-02-11,2024-11-22,36,56279511.4,1563319.76,2151,5.89,5.89,6.11,56279511.4,9556527.91,5.0,47782639.56,-8496871.84,0.85,Fleet Owner,Mining,West,Medium Value,Long-Term Customer,43.4,52.2,44.0,45.34,Medium Priority Customer,274
C0030,2019-01-30,2024-09-02,32,58263942.8,1820748.21,2163,5.92,5.92,5.4,58263942.8,9838606.15,5.0,49193030.76,-9070912.04,0.84,Corporate,Construction,South,Medium Value,Long-Term Customer,48.8,22.9,53.0,44.88,Medium Priority Customer,275
C0493,2019-02-18,2024-11-22,38,54684935.199999996,1439077.24,2144,5.87,5.87,6.47,54684935.2,9316078.63,5.0,46580393.15,-8104542.05,0.85,Retail,Construction,South,Medium Value,Long-Term Customer,39.8,64.2,40.2,44.8,Medium Priority Customer,276
C0086,2019-01-12,2024-11-22,29,59655682.6,2057092.5,2181,5.97,5.97,4.86,59655682.6,9990480.55,5.0,49952402.73,-9703279.87,0.84,Retail,Construction,West,High Value,Long-Term Customer,51.8,8.6,56.6,44.6,Medium Priority Customer,277
C0450,2019-01-15,2024-09-12,38,55345960.4,1456472.64,2178,5.96,5.96,6.37,55345960.4,9281502.31,5.0,46407511.56,-8938448.84,0.84,Fleet Owner,Construction,East,Medium Value,Long-Term Customer,39.4,61.8,41.6,44.54,Medium Priority Customer,278
C0052,2019-02-12,2024-12-11,35,56612172.2,1617490.63,2150,5.89,5.89,5.95,56612172.2,9617486.46,5.0,48087432.32,-8524739.88,0.85,Government,Manufacturing,North East,Medium Value,Long-Term Customer,44.2,44.0,45.4,44.52,Medium Priority Customer,279
C0073,2019-03-23,2024-11-12,32,56970903.6,1780340.74,2111,5.78,5.78,5.54,56970903.6,9857234.74,5.0,49286173.71,-7684729.89,0.87,Corporate,Rental,North,Medium Value,Long-Term Customer,49.4,28.3,47.2,44.52,Medium Priority Customer,280
C0081,2019-01-03,2024-12-23,37,56355210.0,1523113.78,2190,6.0,6.0,6.17,56355210.0,9398968.24,5.0,46994841.22,-9360368.78,0.83,Corporate,Rental,West,Medium Value,Long-Term Customer,40.4,54.7,44.4,44.46,Medium Priority Customer,281
C0355,2019-01-03,2024-12-18,32,58903770.4,1840742.82,2190,6.0,6.0,5.34,58903770.4,9824019.24,5.0,49120096.21,-9783674.19,0.83,Government,Infrastructure,South,Medium Value,Long-Term Customer,48.4,20.2,54.0,44.44,Medium Priority Customer,282
C0346,2019-01-21,2024-11-15,39,54686860.8,1402227.2,2172,5.95,5.95,6.56,54686860.8,9196305.67,5.0,45981528.33,-8705332.47,0.84,Retail,Construction,East,Medium Value,Long-Term Customer,37.4,68.0,40.4,44.42,Medium Priority Customer,283
C0220,2019-01-19,2024-11-06,43,53467975.0,1243441.28,2174,5.95,5.95,7.22,53467975.0,8983062.5,5.0,44915312.49,-8552662.51,0.84,Government,Infrastructure,Central,Medium Value,Long-Term Customer,33.6,83.8,35.8,44.3,Medium Priority Customer,284
C0472,2019-04-29,2024-11-23,34,54888819.4,1614377.04,2074,5.68,5.68,5.99,54888819.4,9666413.35,5.0,48332066.75,-6556752.65,0.88,Dealer,Manufacturing,South,Medium Value,Long-Term Customer,45.8,45.2,41.0,44.24,Medium Priority Customer,285
C0458,2019-07-09,2024-12-28,38,50799400.6,1336826.33,2003,5.48,5.48,6.93,50799400.6,9263345.52,5.0,46316727.58,-4482673.02,0.91,Dealer,Manufacturing,West,Medium Value,Long-Term Customer,38.6,77.8,30.8,44.1,Medium Priority Customer,286
C0067,2019-05-29,2024-12-30,31,55575120.6,1792745.83,2044,5.6,5.6,5.54,55575120.6,9930926.03,5.0,49654630.13,-5920490.47,0.89,Retail,Manufacturing,West,High Value,Long-Term Customer,51.0,28.6,42.8,44.06,Medium Priority Customer,287
C0111,2019-04-09,2024-12-16,33,55916542.2,1694440.67,2094,5.73,5.73,5.76,55916542.2,9753351.02,5.0,48766755.11,-7149787.09,0.87,Corporate,Construction,South,Medium Value,Long-Term Customer,47.2,36.6,43.4,43.94,Medium Priority Customer,288
C0090,2019-03-16,2024-10-22,43,51915256.6,1207331.55,2118,5.8,5.8,7.42,51915256.6,8952808.06,5.0,44764040.3,-7151216.3,0.86,Government,Infrastructure,North,Medium Value,Long-Term Customer,33.4,87.2,32.6,43.92,Medium Priority Customer,289
C0407,2019-02-01,2024-12-25,38,54609453.4,1437090.88,2161,5.92,5.92,6.42,54609453.4,9230033.71,5.0,46150168.57,-8459284.83,0.85,Dealer,Logistics,South,Medium Value,Long-Term Customer,37.8,63.6,39.6,43.5,Medium Priority Customer,290
C0427,2019-02-07,2024-11-26,41,53149424.199999996,1296327.42,2155,5.9,5.9,6.95,53149424.2,9008272.48,5.0,45041362.39,-8108061.81,0.85,Corporate,Mining,West,Medium Value,Long-Term Customer,34.2,78.8,35.2,43.42,Medium Priority Customer,291
C0485,2019-01-14,2024-10-01,28,59146123.8,2112361.56,2179,5.97,5.97,4.69,59146123.8,9914236.68,5.0,49571183.38,-9574940.42,0.84,Fleet Owner,Rental,West,High Value,Long-Term Customer,50.8,6.8,55.0,43.26,Medium Priority Customer,292
C0274,2019-01-08,2024-06-27,39,54639688.2,1401017.65,2185,5.98,5.98,6.52,54639688.2,9133705.32,5.0,45668526.58,-8971161.62,0.84,Dealer,Mining,North,Medium Value,Long-Term Customer,36.0,66.4,39.8,43.22,Medium Priority Customer,293
C0330,2019-02-12,2024-08-10,38,54285450.6,1428564.49,2150,5.89,5.89,6.46,54285450.6,9222214.34,5.0,46111071.7,-8174378.9,0.85,Retail,Infrastructure,East,Medium Value,Long-Term Customer,37.6,64.0,38.4,43.12,Medium Priority Customer,294
C0023,2019-01-05,2024-12-27,32,58217713.2,1819303.54,2188,5.99,5.99,5.34,58217713.2,9718473.38,5.0,48592366.88,-9625346.32,0.83,Corporate,Mining,South,Medium Value,Long-Term Customer,46.4,20.5,52.6,43.08,Medium Priority Customer,295
C0256,2019-01-03,2024-09-19,30,58794725.4,1959824.18,2190,6.0,6.0,5.0,58794725.4,9805832.63,5.0,49029163.13,-9765562.27,0.83,Corporate,Infrastructure,North East,Medium Value,Long-Term Customer,48.2,11.3,53.6,42.44,Medium Priority Customer,296
C0181,2019-04-13,2024-12-15,36,53087081.0,1474641.14,2090,5.72,5.72,6.29,53087081.0,9277538.92,5.0,46387694.58,-6699386.42,0.87,Government,Construction,West,Medium Value,Long-Term Customer,39.2,59.0,35.0,41.9,Medium Priority Customer,297
C0445,2019-04-04,2024-12-28,28,57177744.4,2042062.3,2099,5.75,5.75,4.87,57177744.4,9949581.3,5.0,49747906.48,-7429837.92,0.87,Government,Mining,East,High Value,Long-Term Customer,51.2,9.0,47.6,41.68,Medium Priority Customer,298
C0349,2019-01-31,2024-10-19,33,56613876.0,1715572.0,2162,5.92,5.92,5.58,56613876.0,9564393.25,5.0,47821966.26,-8791909.74,0.84,Corporate,Rental,West,Medium Value,Long-Term Customer,43.8,29.8,45.6,41.54,Medium Priority Customer,299
C0321,2019-01-04,2024-06-28,38,54558976.4,1435762.54,2189,5.99,5.99,6.34,54558976.4,9103547.8,5.0,45517738.99,-9041237.41,0.83,Retail,Logistics,South,Medium Value,Long-Term Customer,35.0,60.4,39.2,41.34,Medium Priority Customer,300
C0095,2019-05-21,2024-12-26,29,55610118.2,1917590.28,2052,5.62,5.62,5.16,55610118.2,9898438.44,5.0,49492192.18,-6117926.02,0.89,Fleet Owner,Logistics,West,High Value,Long-Term Customer,50.6,15.4,43.0,41.28,Medium Priority Customer,301
C0157,2019-02-15,2024-12-30,34,55572804.4,1634494.25,2147,5.88,5.88,5.78,55572804.4,9454106.57,5.0,47270532.85,-8302271.55,0.85,Dealer,Infrastructure,North,Medium Value,Long-Term Customer,41.4,38.0,42.6,41.08,Medium Priority Customer,302
C0362,2019-02-26,2024-10-11,37,53495189.2,1445815.92,2136,5.85,5.85,6.33,53495189.2,9147527.09,5.0,45737635.43,-7757553.77,0.85,Corporate,Rental,West,Medium Value,Long-Term Customer,36.2,60.0,36.0,40.9,Medium Priority Customer,303
C0360,2019-05-25,2024-11-17,31,54662201.0,1763296.81,2048,5.61,5.61,5.53,54662201.0,9748715.29,5.0,48743576.45,-5918624.55,0.89,Dealer,Construction,West,Medium Value,Long-Term Customer,47.0,26.9,40.0,40.88,Medium Priority Customer,304
C0367,2019-02-28,2024-11-04,27,57592654.8,2133061.29,2134,5.84,5.84,4.62,57592654.8,9857411.98,5.0,49287059.9,-8305594.9,0.86,Fleet Owner,Logistics,South,Medium Value,Long-Term Customer,49.6,4.8,49.6,40.64,Medium Priority Customer,305
C0393,2019-03-27,2024-12-18,39,51240981.8,1313871.33,2107,5.77,5.77,6.76,51240981.8,8882661.89,5.0,44413309.45,-6827672.35,0.87,Retail,Rental,East,Medium Value,Long-Term Customer,32.4,73.2,31.4,40.26,Medium Priority Customer,306
C0059,2019-01-21,2024-12-20,32,56859509.4,1776859.67,2172,5.95,5.95,5.38,56859509.4,9561664.74,5.0,47808323.68,-9051185.72,0.84,Retail,Manufacturing,South,Medium Value,Long-Term Customer,43.6,21.9,46.8,40.22,Medium Priority Customer,307
C0370,2019-02-18,2024-12-18,36,53881174.6,1496699.29,2144,5.87,5.87,6.13,53881174.6,9179150.66,5.0,45895753.32,-7985421.28,0.85,Corporate,Infrastructure,East,Medium Value,Long-Term Customer,36.6,53.2,37.4,40.16,Medium Priority Customer,308
C0195,2019-02-15,2024-12-28,31,56797913.6,1832190.76,2147,5.88,5.88,5.27,56797913.6,9662523.49,5.0,48312617.47,-8485296.13,0.85,Fleet Owner,Logistics,East,Medium Value,Long-Term Customer,45.0,18.6,46.4,40.14,Medium Priority Customer,309
C0457,2019-01-13,2024-11-15,33,56578805.4,1714509.25,2180,5.97,5.97,5.53,56578805.4,9479545.26,5.0,47397726.31,-9181079.09,0.84,Retail,Manufacturing,East,Medium Value,Long-Term Customer,42.0,27.4,45.2,40.04,Medium Priority Customer,310
C0463,2019-01-10,2024-08-22,35,55370560.0,1582016.0,2183,5.98,5.98,5.86,55370560.0,9264359.62,5.0,46321798.08,-9048761.92,0.84,Dealer,Mining,West,Medium Value,Long-Term Customer,38.8,39.8,42.2,40.02,Medium Priority Customer,311
C0148,2019-01-28,2024-12-09,35,54884128.4,1568117.95,2165,5.93,5.93,5.9,54884128.4,9259320.05,5.0,46296600.23,-8587528.17,0.84,Government,Construction,South,Medium Value,Long-Term Customer,38.2,42.6,40.8,39.86,Standard Priority Customer,312
C0072,2019-06-15,2024-12-23,26,55369763.0,2129606.27,2027,5.55,5.55,4.69,55369763.0,9977210.62,5.0,49886053.12,-5483709.88,0.9,Government,Logistics,West,High Value,Long-Term Customer,51.4,6.6,42.0,39.62,Standard Priority Customer,313
C0171,2019-04-27,2024-10-19,30,55348450.2,1844948.34,2076,5.68,5.68,5.28,55348450.2,9737967.94,5.0,48689839.68,-6658610.52,0.88,Fleet Owner,Construction,South,Medium Value,Long-Term Customer,46.6,18.8,41.8,39.6,Standard Priority Customer,314
C0224,2019-01-30,2024-10-31,36,54050072.4,1501390.9,2163,5.92,5.92,6.08,54050072.4,9127040.66,5.0,45635203.29,-8414869.11,0.84,Retail,Manufacturing,East,Medium Value,Long-Term Customer,35.8,51.2,38.0,39.54,Standard Priority Customer,315
C0012,2019-01-28,2024-10-10,37,53404468.4,1443364.01,2165,5.93,5.93,6.24,53404468.4,9009691.49,5.0,45048457.47,-8356010.93,0.84,Fleet Owner,Logistics,South,Medium Value,Long-Term Customer,34.4,57.8,35.6,39.44,Standard Priority Customer,316
C0320,2019-04-01,2024-12-30,34,53574056.6,1575707.55,2102,5.75,5.75,5.91,53574056.6,9309193.23,5.0,46545966.16,-7028090.44,0.87,Retail,Construction,North,Medium Value,Long-Term Customer,39.6,42.8,36.8,39.4,Standard Priority Customer,317
C0035,2019-01-07,2024-11-12,38,53340276.800000004,1403691.49,2186,5.98,5.98,6.35,53340276.8,8912413.59,5.0,44562067.94,-8778208.86,0.84,Dealer,Infrastructure,Central,Medium Value,Long-Term Customer,33.0,60.8,35.4,39.28,Standard Priority Customer,318
C0245,2019-01-01,2024-11-30,33,56554752.6,1713780.38,2192,6.0,6.0,5.5,56554752.6,9423642.06,5.0,47118210.28,-9436542.32,0.83,Dealer,Logistics,South,Medium Value,Long-Term Customer,41.0,25.0,45.0,39.0,Standard Priority Customer,319
C0001,2019-01-26,2024-11-15,34,55019747.4,1618227.86,2167,5.93,5.93,5.73,55019747.4,9273633.01,5.0,46368165.06,-8651582.34,0.84,Retail,Construction,East,Medium Value,Long-Term Customer,39.0,35.6,41.2,38.98,Standard Priority Customer,320
C0203,2019-02-25,2024-11-19,35,53777085.6,1536488.16,2137,5.85,5.85,5.98,53777085.6,9191427.48,5.0,45957137.38,-7819948.22,0.85,Government,Manufacturing,West,Medium Value,Long-Term Customer,37.2,45.0,37.2,38.76,Standard Priority Customer,321
C0363,2019-05-10,2024-11-07,32,53560072.2,1673752.26,2063,5.65,5.65,5.67,53560072.2,9482703.04,5.0,47413515.2,-6146557.0,0.89,Fleet Owner,Logistics,South,Medium Value,Long-Term Customer,42.2,32.8,36.6,38.64,Standard Priority Customer,322
C0357,2019-01-05,2024-11-17,28,57734552.2,2061948.29,2188,5.99,5.99,4.67,57734552.2,9637817.73,5.0,48189088.64,-9545463.56,0.83,Corporate,Mining,West,Medium Value,Long-Term Customer,44.4,6.2,49.8,38.38,Standard Priority Customer,323
C0345,2019-02-21,2024-11-20,40,50444735.6,1261118.39,2141,5.86,5.86,6.82,50444735.6,8605763.51,5.0,43028817.56,-7415918.04,0.85,Retail,Infrastructure,West,Medium Value,Long-Term Customer,29.0,74.7,29.6,38.32,Standard Priority Customer,324
C0372,2019-02-15,2024-07-10,36,52822436.0,1467289.89,2147,5.88,5.88,6.12,52822436.0,8986210.88,5.0,44931054.38,-7891381.62,0.85,Government,Logistics,South,Medium Value,Long-Term Customer,33.8,52.9,34.6,37.86,Standard Priority Customer,325
C0223,2019-03-01,2024-10-15,33,54079206.6,1638763.84,2133,5.84,5.84,5.65,54079206.6,9260398.6,5.0,46301992.99,-7777213.61,0.86,Corporate,Logistics,West,Medium Value,Long-Term Customer,38.4,32.2,38.2,37.1,Standard Priority Customer,326
C0364,2019-03-14,2024-11-18,32,54408370.8,1700261.59,2120,5.8,5.8,5.51,54408370.8,9373895.02,5.0,46869475.08,-7538895.72,0.86,Government,Infrastructure,East,Medium Value,Long-Term Customer,40.2,26.4,39.0,37.08,Standard Priority Customer,327
C0400,2019-04-06,2024-10-23,35,51694363.6,1476981.82,2097,5.74,5.74,6.1,51694363.6,9003989.65,5.0,45019948.27,-6674415.33,0.87,Government,Infrastructure,North,Medium Value,Long-Term Customer,34.0,52.0,32.2,37.06,Standard Priority Customer,328
C0278,2019-08-12,2024-12-03,38,47107787.2,1239678.61,1969,5.39,5.39,7.05,47107787.2,8738506.49,5.0,43692532.44,-3415254.76,0.93,Fleet Owner,Logistics,West,Medium Value,Long-Term Customer,29.8,80.8,19.6,36.94,Standard Priority Customer,329
C0087,2019-01-22,2024-12-17,39,50370513.4,1291551.63,2171,5.94,5.94,6.56,50370513.4,8474357.45,5.0,42371787.24,-7998726.16,0.84,Government,Logistics,South,Medium Value,Long-Term Customer,26.2,68.2,28.8,35.38,Standard Priority Customer,330
C0074,2019-01-10,2024-12-31,39,50426138.6,1292977.91,2183,5.98,5.98,6.53,50426138.6,8437080.68,5.0,42185403.4,-8240735.2,0.84,Fleet Owner,Infrastructure,East,Medium Value,Long-Term Customer,25.6,67.0,29.4,35.02,Standard Priority Customer,331
C0434,2019-01-05,2024-10-26,33,54575670.2,1653808.19,2188,5.99,5.99,5.51,54575670.2,9110495.22,5.0,45552476.1,-9023194.1,0.83,Corporate,Mining,Central,Medium Value,Long-Term Customer,35.2,26.1,39.4,34.64,Standard Priority Customer,332
C0376,2019-07-01,2024-11-24,29,52106248.6,1796767.19,2011,5.51,5.51,5.27,52106248.6,9463852.46,5.0,47319262.31,-4786986.29,0.91,Retail,Construction,North,Medium Value,Long-Term Customer,41.6,18.4,33.6,34.56,Standard Priority Customer,333
C0348,2019-04-15,2024-10-24,34,50897650.4,1496989.72,2088,5.72,5.72,5.95,50897650.4,8903432.38,5.0,44517161.9,-6380488.5,0.87,Retail,Logistics,North,Medium Value,Long-Term Customer,32.8,44.3,31.0,34.56,Standard Priority Customer,334
C0324,2019-01-24,2024-08-24,35,52335374.8,1495296.42,2169,5.94,5.94,5.89,52335374.8,8813045.48,5.0,44065227.4,-8270147.4,0.84,Corporate,Mining,South,Medium Value,Long-Term Customer,31.2,41.6,34.0,34.12,Standard Priority Customer,335
C0050,2019-01-11,2024-12-14,27,56151044.8,2079668.33,2182,5.97,5.97,4.52,56151044.8,9399252.57,5.0,46996262.86,-9154781.94,0.84,Dealer,Mining,East,Medium Value,Long-Term Customer,40.6,3.4,43.8,34.12,Standard Priority Customer,336
C0202,2019-09-19,2024-09-21,28,50389917.2,1799639.9,1931,5.29,5.29,5.3,50389917.2,9531288.07,5.0,47656440.33,-2733476.87,0.95,Government,Logistics,North,Medium Value,Long-Term Customer,42.8,19.6,29.2,34.08,Standard Priority Customer,337
C0442,2019-01-28,2024-10-20,33,53527848.6,1622056.02,2165,5.93,5.93,5.57,53527848.6,9030506.56,5.0,45152532.8,-8375315.8,0.84,Dealer,Logistics,East,Medium Value,Long-Term Customer,34.6,29.2,36.4,34.06,Standard Priority Customer,338
C0066,2019-01-29,2024-10-11,32,54037060.800000004,1688658.15,2164,5.92,5.92,5.4,54037060.8,9120626.83,5.0,45603134.14,-8433926.66,0.84,Retail,Manufacturing,Central,Medium Value,Long-Term Customer,35.4,22.6,37.8,33.56,Standard Priority Customer,339
C0031,2019-04-11,2024-08-13,34,50500841.8,1485318.88,2092,5.73,5.73,5.94,50500841.8,8817128.33,5.0,44085641.65,-6415200.15,0.87,Government,Mining,East,Medium Value,Long-Term Customer,31.4,43.6,29.8,33.36,Standard Priority Customer,340
C0497,2019-06-12,2024-11-02,30,51439335.2,1714644.51,2030,5.56,5.56,5.4,51439335.2,9255279.4,5.0,46276397.0,-5162938.2,0.9,Government,Logistics,South,Medium Value,Long-Term Customer,38.0,22.4,31.8,33.02,Standard Priority Customer,341
C0446,2019-02-03,2024-10-16,34,52035543.6,1530457.16,2159,5.91,5.91,5.75,52035543.6,8803141.41,5.0,44015707.04,-8019836.56,0.85,Retail,Logistics,South,Medium Value,Long-Term Customer,30.4,36.4,33.4,32.5,Standard Priority Customer,342
C0338,2019-02-01,2024-11-23,33,52210070.0,1582123.33,2161,5.92,5.92,5.58,52210070.0,8824492.4,5.0,44122461.98,-8087608.02,0.85,Corporate,Rental,West,Medium Value,Long-Term Customer,31.6,30.0,33.8,31.94,Standard Priority Customer,343
C0486,2019-01-01,2024-10-07,34,52620254.4,1547654.54,2192,6.0,6.0,5.67,52620254.4,8768041.93,5.0,43840209.67,-8780044.73,0.83,Government,Manufacturing,West,Medium Value,Long-Term Customer,30.0,32.6,34.4,31.84,Standard Priority Customer,344
C0163,2019-06-02,2024-08-05,38,46377823.0,1220469.03,2040,5.59,5.59,6.8,46377823.0,8303676.4,5.0,41518381.99,-4859441.01,0.9,Dealer,Logistics,West,Low Value,Long-Term Customer,23.6,73.8,17.4,31.78,Standard Priority Customer,345
C0132,2019-02-22,2024-10-01,37,49004629.4,1324449.44,2140,5.86,5.86,6.32,49004629.4,8363991.07,5.0,41819955.35,-7184674.05,0.85,Corporate,Construction,Central,Low Value,Long-Term Customer,24.2,59.6,25.6,31.7,Standard Priority Customer,346
C0210,2019-02-20,2024-11-26,30,53509817.8,1783660.59,2142,5.86,5.86,5.12,53509817.8,9124398.2,5.0,45621991.02,-7887826.78,0.85,Retail,Infrastructure,West,Medium Value,Long-Term Customer,35.6,13.8,36.2,31.42,Standard Priority Customer,347
C0432,2019-01-26,2024-10-04,37,49310040.800000004,1332703.81,2167,5.93,5.93,6.24,49310040.8,8311256.3,5.0,41556281.5,-7753759.3,0.84,Fleet Owner,Mining,South,Low Value,Long-Term Customer,24.0,57.3,26.2,31.32,Standard Priority Customer,348
C0096,2019-01-02,2024-12-30,34,51986858.4,1529025.25,2191,6.0,6.0,5.67,51986858.4,8666453.69,5.0,43332268.44,-8654589.96,0.83,Corporate,Construction,South,Medium Value,Long-Term Customer,29.4,33.2,33.2,31.3,Standard Priority Customer,349
C0205,2019-02-07,2024-11-15,33,51965845.0,1574722.58,2155,5.9,5.9,5.59,51965845.0,8807668.16,5.0,44038340.8,-7927504.2,0.85,Retail,Construction,North,Medium Value,Long-Term Customer,30.6,30.4,32.8,31.22,Standard Priority Customer,350
C0451,2019-01-07,2024-07-06,37,49725150.4,1343922.98,2186,5.98,5.98,6.18,49725150.4,8308376.57,5.0,41541882.85,-8183267.55,0.84,Government,Manufacturing,East,Low Value,Long-Term Customer,23.8,55.4,27.2,31.14,Standard Priority Customer,351
C0266,2019-01-22,2024-09-24,35,50717014.0,1449057.54,2171,5.94,5.94,5.89,50717014.0,8532652.86,5.0,42663264.31,-8053749.69,0.84,Fleet Owner,Rental,South,Medium Value,Long-Term Customer,27.4,41.4,30.4,31.1,Standard Priority Customer,352
C0075,2019-04-17,2024-10-20,33,50186853.4,1520813.74,2086,5.71,5.71,5.78,50186853.4,8787511.12,5.0,43937555.62,-6249297.78,0.88,Retail,Mining,South,Medium Value,Long-Term Customer,30.2,37.3,27.8,30.9,Standard Priority Customer,353
C0325,2019-03-03,2024-11-09,30,52920013.4,1764000.45,2131,5.83,5.83,5.14,52920013.4,9070405.86,5.0,45352029.32,-7567984.08,0.86,Corporate,Rental,East,Medium Value,Long-Term Customer,34.8,15.0,34.8,30.84,Standard Priority Customer,354
C0323,2019-01-11,2024-12-22,36,50291498.8,1396986.08,2182,5.97,5.97,6.03,50291498.8,8418409.69,5.0,42092048.43,-8199450.37,0.84,Government,Manufacturing,West,Medium Value,Long-Term Customer,25.2,48.6,28.2,30.78,Standard Priority Customer,355
C0378,2019-01-19,2024-11-16,35,50644577.199999996,1446987.92,2174,5.95,5.95,5.88,50644577.2,8508708.29,5.0,42543541.45,-8101035.75,0.84,Retail,Manufacturing,North,Medium Value,Long-Term Customer,26.8,41.1,30.2,30.68,Standard Priority Customer,356
C0289,2019-02-07,2024-10-29,35,50221149.2,1434889.98,2155,5.9,5.9,5.93,50221149.2,8511960.44,5.0,42559802.19,-7661347.01,0.85,Corporate,Logistics,South,Medium Value,Long-Term Customer,27.2,43.4,28.0,30.68,Standard Priority Customer,357
C0361,2019-01-15,2024-09-26,32,52532617.8,1641644.31,2178,5.96,5.96,5.37,52532617.8,8809705.53,5.0,44048527.67,-8484090.13,0.84,Government,Logistics,South,Medium Value,Long-Term Customer,30.8,21.0,34.2,29.86,Standard Priority Customer,358
C0231,2019-02-21,2024-11-08,32,51646725.4,1613960.17,2141,5.86,5.86,5.46,51646725.4,8810820.39,5.0,44054101.94,-7592623.46,0.85,Government,Infrastructure,West,Medium Value,Long-Term Customer,31.0,23.7,32.0,29.84,Standard Priority Customer,359
C0036,2019-06-26,2024-12-18,31,48929201.8,1578361.35,2016,5.52,5.52,5.62,48929201.8,8864777.26,5.0,44323886.3,-4605315.5,0.91,Fleet Owner,Construction,East,Medium Value,Long-Term Customer,32.2,31.2,25.0,29.84,Standard Priority Customer,360
C0018,2019-06-10,2024-11-14,31,49286607.8,1589890.57,2032,5.56,5.56,5.57,49286607.8,8859219.24,5.0,44296096.21,-4990511.59,0.9,Retail,Construction,West,Medium Value,Long-Term Customer,32.0,29.4,26.0,29.68,Standard Priority Customer,361
C0100,2019-01-25,2024-09-10,38,48373950.0,1272998.68,2168,5.94,5.94,6.4,48373950.0,8149716.44,5.0,40748582.19,-7625367.81,0.84,Government,Construction,North,Low Value,Long-Term Customer,19.8,62.8,24.0,29.66,Standard Priority Customer,362
C0043,2019-04-04,2024-06-14,36,47644638.800000004,1323462.19,2099,5.75,5.75,6.26,47644638.8,8290711.92,5.0,41453559.6,-6191079.2,0.87,Corporate,Construction,South,Low Value,Long-Term Customer,23.0,58.4,21.2,29.54,Standard Priority Customer,363
C0368,2019-02-17,2024-11-01,31,51837532.8,1672178.48,2145,5.87,5.87,5.28,51837532.8,8826880.59,5.0,44134402.93,-7703129.87,0.85,Fleet Owner,Construction,South,Medium Value,Long-Term Customer,31.8,19.0,32.4,29.42,Standard Priority Customer,364
C0470,2019-01-25,2024-09-27,36,49194933.2,1366525.92,2168,5.94,5.94,6.07,49194933.2,8288030.14,5.0,41440150.72,-7754782.48,0.84,Government,Mining,South,Low Value,Long-Term Customer,22.8,50.8,25.8,29.3,Standard Priority Customer,365
C0239,2019-10-11,2024-10-27,32,44962159.0,1405067.47,1909,5.23,5.23,6.12,44962159.0,8602634.14,5.0,43013170.7,-1948988.3,0.96,Government,Logistics,South,Medium Value,Long-Term Customer,28.8,52.6,14.2,29.18,Standard Priority Customer,366
C0308,2019-02-19,2024-12-12,33,50359329.6,1526040.29,2143,5.87,5.87,5.62,50359329.6,8583175.52,5.0,42915877.59,-7443452.01,0.85,Retail,Mining,North,Medium Value,Long-Term Customer,28.2,31.6,28.6,29.0,Standard Priority Customer,367
C0496,2019-02-17,2024-12-27,37,48190097.0,1302435.05,2145,5.87,5.87,6.3,48190097.0,8205796.24,5.0,41028981.19,-7161115.81,0.85,Government,Infrastructure,East,Low Value,Long-Term Customer,20.6,59.2,22.4,28.86,Standard Priority Customer,368
C0252,2019-08-03,2024-10-07,34,45321304.6,1332979.55,1978,5.42,5.42,6.28,45321304.6,8368860.72,5.0,41844303.6,-3477001.0,0.92,Retail,Construction,South,Low Value,Long-Term Customer,24.4,58.8,15.0,28.46,Standard Priority Customer,369
C0159,2019-02-02,2024-12-26,34,49934036.2,1468648.12,2160,5.91,5.91,5.75,49934036.2,8443706.82,5.0,42218534.08,-7715502.12,0.85,Dealer,Construction,South,Medium Value,Long-Term Customer,25.8,36.2,27.6,28.42,Standard Priority Customer,370
C0133,2019-03-27,2024-04-07,29,51247358.0,1767150.28,2107,5.77,5.77,5.03,51247358.0,8883767.21,5.0,44418836.05,-6828521.95,0.87,Government,Mining,South,Medium Value,Long-Term Customer,32.6,12.2,31.6,28.22,Standard Priority Customer,371
C0439,2019-03-21,2024-12-22,36,47576062.0,1321557.28,2113,5.79,5.79,6.22,47576062.0,8223926.48,5.0,41119632.38,-6456429.62,0.86,Dealer,Construction,South,Low Value,Long-Term Customer,21.2,56.6,21.0,28.22,Standard Priority Customer,372
C0037,2019-06-12,2024-10-25,36,45505928.0,1264053.56,2030,5.56,5.56,6.48,45505928.0,8187704.53,5.0,40938522.67,-4567405.33,0.9,Corporate,Construction,West,Low Value,Long-Term Customer,20.4,64.9,15.4,27.8,Standard Priority Customer,373
C0405,2019-01-30,2024-06-25,32,50787823.0,1587119.47,2163,5.92,5.92,5.4,50787823.0,8576168.45,5.0,42880842.23,-7906980.77,0.84,Corporate,Infrastructure,West,Medium Value,Long-Term Customer,28.0,22.9,30.6,27.76,Standard Priority Customer,374
C0057,2019-03-20,2024-12-04,32,49701788.6,1553180.89,2114,5.79,5.79,5.53,49701788.6,8587312.34,5.0,42936561.7,-6765226.9,0.86,Retail,Logistics,East,Medium Value,Long-Term Customer,28.4,27.2,27.0,27.74,Standard Priority Customer,375
C0386,2019-04-23,2024-11-04,32,48819152.6,1525598.52,2080,5.69,5.69,5.62,48819152.6,8572690.14,5.0,42863450.69,-5955701.91,0.88,Retail,Construction,North,Medium Value,Long-Term Customer,27.8,31.4,24.8,27.62,Standard Priority Customer,376
C0120,2019-01-02,2024-11-15,34,50313583.0,1479811.26,2191,6.0,6.0,5.67,50313583.0,8387510.81,5.0,41937554.06,-8376028.94,0.83,Fleet Owner,Construction,South,Low Value,Long-Term Customer,24.8,33.2,28.4,27.56,Standard Priority Customer,377
C0465,2019-03-12,2024-12-12,35,48083241.6,1373806.9,2122,5.81,5.81,6.02,48083241.6,8276344.95,5.0,41381724.77,-6701516.83,0.86,Fleet Owner,Mining,South,Low Value,Long-Term Customer,22.4,48.2,21.8,27.38,Standard Priority Customer,378
C0233,2019-05-29,2024-10-21,28,49889164.0,1781755.86,2044,5.6,5.6,5.0,49889164.0,8914881.19,5.0,44574405.95,-5314758.05,0.89,Government,Logistics,East,Medium Value,Long-Term Customer,33.2,11.3,27.4,27.08,Standard Priority Customer,379
C0444,2019-02-25,2024-01-08,30,50928809.0,1697626.97,2137,5.85,5.85,5.13,50928809.0,8704608.09,5.0,43523040.45,-7405768.55,0.85,Dealer,Manufacturing,South,Medium Value,Long-Term Customer,29.6,14.5,31.2,27.06,Standard Priority Customer,380
C0194,2019-04-15,2024-12-26,33,48202752.8,1460689.48,2088,5.72,5.72,5.77,48202752.8,8432018.9,5.0,42160094.49,-6042658.31,0.87,Fleet Owner,Construction,South,Medium Value,Long-Term Customer,25.4,37.0,22.8,26.94,Standard Priority Customer,381
C0048,2019-04-05,2024-09-12,31,49413459.2,1593982.55,2098,5.74,5.74,5.4,49413459.2,8602605.33,5.0,43013026.63,-6400432.57,0.87,Dealer,Mining,South,Medium Value,Long-Term Customer,28.6,22.2,26.6,26.72,Standard Priority Customer,382
C0008,2019-03-04,2024-07-16,34,48368868.0,1422613.76,2130,5.83,5.83,5.83,48368868.0,8294238.98,5.0,41471194.92,-6897673.08,0.86,Corporate,Logistics,West,Low Value,Long-Term Customer,23.4,38.6,23.8,26.56,Standard Priority Customer,383
C0044,2019-01-05,2024-11-17,34,49589458.0,1458513.47,2188,5.99,5.99,5.68,49589458.0,8278130.5,5.0,41390652.5,-8198805.5,0.83,Government,Mining,West,Low Value,Long-Term Customer,22.6,33.8,26.8,26.1,Standard Priority Customer,384
C0305,2019-05-16,2024-11-27,31,48238808.800000004,1556090.61,2057,5.63,5.63,5.5,48238808.8,8565495.83,5.0,42827479.13,-5411329.67,0.89,Fleet Owner,Logistics,North,Medium Value,Long-Term Customer,27.6,25.8,23.4,25.98,Standard Priority Customer,385
C0136,2019-03-23,2024-11-13,37,45774176.2,1237139.9,2111,5.78,5.78,6.4,45774176.2,7919951.61,5.0,39599758.07,-6174418.13,0.87,Dealer,Mining,West,Low Value,Long-Term Customer,17.2,62.6,15.8,25.86,Standard Priority Customer,386
C0313,2019-05-28,2024-09-02,30,48205237.4,1606841.25,2045,5.6,5.6,5.36,48205237.4,8609761.84,5.0,43048809.19,-5156428.21,0.89,Corporate,Mining,West,Medium Value,Long-Term Customer,29.2,20.8,23.0,25.66,Standard Priority Customer,387
C0214,2019-01-12,2024-12-26,31,50612095.0,1632648.23,2181,5.97,5.97,5.19,50612095.0,8475959.51,5.0,42379797.57,-8232297.43,0.84,Corporate,Rental,West,Medium Value,Long-Term Customer,26.4,16.3,30.0,25.46,Standard Priority Customer,388
C0003,2019-04-05,2024-10-30,38,44728031.8,1177053.47,2098,5.74,5.74,6.62,44728031.8,7786898.77,5.0,38934493.84,-5793537.96,0.87,Government,Logistics,West,Low Value,Long-Term Customer,13.8,69.8,13.6,24.94,Standard Priority Customer,389
C0089,2019-01-02,2024-11-14,37,47111014.0,1273270.65,2191,6.0,6.0,6.17,47111014.0,7853627.51,5.0,39268137.53,-7842876.47,0.83,Corporate,Rental,West,Low Value,Long-Term Customer,15.4,54.2,19.8,24.48,Standard Priority Customer,390
C0480,2019-01-24,2024-11-24,34,48525468.6,1427219.66,2169,5.94,5.94,5.73,48525468.6,8171474.14,5.0,40857370.69,-7668097.91,0.84,Government,Infrastructure,West,Low Value,Long-Term Customer,20.2,35.3,24.4,24.48,Standard Priority Customer,391
C0167,2019-01-03,2024-12-28,31,50383279.4,1625267.08,2190,6.0,6.0,5.17,50383279.4,8402964.75,5.0,42014823.75,-8368455.65,0.83,Retail,Mining,West,Low Value,Long-Term Customer,25.0,15.8,29.0,24.36,Standard Priority Customer,392
C0114,2019-02-09,2024-09-27,33,48515792.8,1470175.54,2153,5.89,5.89,5.6,48515792.8,8230558.9,5.0,41152794.52,-7362998.28,0.85,Retail,Mining,East,Low Value,Long-Term Customer,21.8,30.8,24.2,24.32,Standard Priority Customer,393
C0389,2019-04-04,2024-11-25,30,48796477.0,1626549.23,2099,5.75,5.75,5.22,48796477.0,8491144.94,5.0,42455724.69,-6340752.31,0.87,Retail,Mining,West,Medium Value,Long-Term Customer,26.6,17.0,24.6,24.08,Standard Priority Customer,394
C0185,2019-03-25,2024-09-16,33,47500335.2,1439404.1,2109,5.77,5.77,5.72,47500335.2,8226409.4,5.0,41132047.02,-6368288.18,0.87,Dealer,Logistics,West,Low Value,Long-Term Customer,21.6,34.8,20.8,24.0,Standard Priority Customer,395
C0033,2019-03-05,2024-12-12,30,49354094.2,1645136.47,2129,5.83,5.83,5.15,49354094.2,8467159.66,5.0,42335798.28,-7018295.92,0.86,Government,Mining,South,Medium Value,Long-Term Customer,26.0,15.2,26.4,23.96,Standard Priority Customer,396
C0199,2019-01-19,2024-10-21,33,48930073.4,1482729.5,2174,5.95,5.95,5.54,48930073.4,8220657.46,5.0,41103287.28,-7826786.12,0.84,Government,Mining,West,Low Value,Long-Term Customer,21.0,28.8,25.2,23.82,Standard Priority Customer,397
C0277,2019-05-28,2024-09-14,36,43668914.6,1213025.41,2045,5.6,5.6,6.43,43668914.6,7799545.75,5.0,38997728.75,-4671185.85,0.89,Dealer,Logistics,West,Low Value,Long-Term Customer,14.2,63.8,11.6,23.34,Standard Priority Customer,398
C0299,2019-01-24,2024-08-30,34,48095055.8,1414560.46,2169,5.94,5.94,5.73,48095055.8,8098994.53,5.0,40494972.64,-7600083.16,0.84,Retail,Logistics,South,Low Value,Long-Term Customer,19.0,35.3,22.0,23.16,Standard Priority Customer,399
C0494,2019-02-25,2024-11-28,32,48287535.6,1508985.49,2137,5.85,5.85,5.47,48287535.6,8253169.11,5.0,41265845.53,-7021690.07,0.85,Corporate,Construction,East,Low Value,Long-Term Customer,22.0,24.1,23.6,22.9,Standard Priority Customer,400
C0092,2019-01-17,2024-07-30,36,46760586.8,1298905.19,2176,5.96,5.96,6.04,46760586.8,7848945.0,5.0,39244725.02,-7515861.78,0.84,Fleet Owner,Logistics,West,Low Value,Long-Term Customer,15.2,49.6,17.8,22.86,Standard Priority Customer,401
C0416,2019-01-05,2024-10-20,37,46006682.0,1243423.84,2188,5.99,5.99,6.18,46006682.0,7680045.98,5.0,38400229.89,-7606452.11,0.83,Dealer,Manufacturing,South,Low Value,Long-Term Customer,12.4,55.0,16.2,22.06,Standard Priority Customer,402
C0155,2019-11-15,2024-12-17,31,41576324.2,1341171.75,1874,5.13,5.13,6.04,41576324.2,8103389.76,5.0,40516948.81,-1059375.39,0.97,Fleet Owner,Mining,East,Low Value,Long-Term Customer,19.2,49.4,8.2,21.94,Standard Priority Customer,403
C0127,2019-03-01,2024-06-25,28,48960650.8,1748594.67,2133,5.84,5.84,4.79,48960650.8,8383908.91,5.0,41919544.55,-7041106.25,0.86,Government,Construction,East,Low Value,Long-Term Customer,24.6,7.9,25.4,21.5,Standard Priority Customer,404
C0121,2019-01-22,2024-12-01,34,47029566.199999996,1383222.54,2171,5.94,5.94,5.72,47029566.2,7912275.01,5.0,39561375.07,-7468191.13,0.84,Government,Construction,West,Low Value,Long-Term Customer,17.0,35.0,19.0,21.2,Standard Priority Customer,405
C0187,2019-05-02,2024-11-08,30,46901016.0,1563367.2,2071,5.67,5.67,5.29,46901016.0,8271654.32,5.0,41358271.59,-5542744.41,0.88,Retail,Rental,North,Low Value,Long-Term Customer,22.2,19.4,18.4,20.5,Standard Priority Customer,406
C0387,2019-01-02,2024-10-26,34,47133318.0,1386274.06,2191,6.0,6.0,5.67,47133318.0,7857345.69,5.0,39286728.43,-7846589.57,0.83,Dealer,Infrastructure,East,Low Value,Long-Term Customer,15.6,33.2,20.0,20.44,Standard Priority Customer,407
C0164,2019-01-11,2024-11-13,36,45625652.8,1267379.24,2182,5.97,5.97,6.03,45625652.8,7637382.99,5.0,38186914.95,-7438737.85,0.84,Government,Construction,North,Low Value,Long-Term Customer,12.0,48.6,15.6,20.4,Standard Priority Customer,408
C0281,2019-07-26,2024-06-25,26,46282268.6,1780087.25,1986,5.44,5.44,4.78,46282268.6,8511882.48,5.0,42559412.4,-3722856.2,0.92,Government,Logistics,South,Medium Value,Long-Term Customer,27.0,7.4,17.0,20.08,Standard Priority Customer,409
C0112,2019-02-27,2024-12-01,33,46248326.6,1401464.44,2135,5.85,5.85,5.65,46248326.6,7912038.08,5.0,39560190.38,-6688136.22,0.86,Fleet Owner,Mining,South,Low Value,Long-Term Customer,16.8,31.8,16.8,19.8,Standard Priority Customer,410
C0391,2019-01-14,2024-11-30,33,47080496.4,1426681.71,2179,5.97,5.97,5.53,47080496.4,7891762.88,5.0,39458814.39,-7621682.01,0.84,Government,Construction,West,Low Value,Long-Term Customer,16.2,27.9,19.4,19.5,Standard Priority Customer,411
C0218,2019-02-02,2024-10-16,36,44324901.0,1231247.25,2160,5.91,5.91,6.09,44324901.0,7495217.63,5.0,37476088.17,-6848812.83,0.85,Fleet Owner,Construction,West,Low Value,Long-Term Customer,10.8,51.6,12.2,19.38,Standard Priority Customer,412
C0243,2019-11-20,2024-12-10,28,42431751.6,1515419.7,1869,5.12,5.12,5.47,42431751.6,8292240.38,5.0,41461201.9,-970549.7,0.98,Government,Construction,North,Low Value,Long-Term Customer,23.2,24.4,9.4,19.3,Standard Priority Customer,413
C0351,2019-03-29,2024-09-12,34,44776790.6,1316964.43,2105,5.76,5.76,5.9,44776790.6,7769464.5,5.0,38847322.49,-5929468.11,0.87,Corporate,Rental,East,Low Value,Long-Term Customer,13.2,42.4,13.8,19.22,Standard Priority Customer,414
C0418,2019-03-18,2024-11-14,30,47167025.6,1572234.19,2116,5.79,5.79,5.18,47167025.6,8141661.67,5.0,40708308.37,-6458717.23,0.86,Government,Mining,West,Low Value,Long-Term Customer,19.6,16.0,20.2,19.06,Standard Priority Customer,415
C0122,2019-01-12,2024-11-05,31,48051119.4,1550036.11,2181,5.97,5.97,5.19,48051119.4,8047075.36,5.0,40235376.8,-7815742.6,0.84,Dealer,Rental,North East,Low Value,Long-Term Customer,18.4,16.3,21.6,18.94,Standard Priority Customer,416
C0020,2019-01-26,2024-10-17,37,42586254.6,1150979.85,2167,5.93,5.93,6.24,42586254.6,7177955.46,5.0,35889777.32,-6696477.28,0.84,Dealer,Logistics,East,Low Value,Long-Term Customer,8.8,57.3,10.2,18.92,Standard Priority Customer,417
C0474,2019-01-11,2024-11-07,30,48230361.0,1607678.7,2182,5.97,5.97,5.02,48230361.0,8073391.09,5.0,40366955.44,-7863405.56,0.84,Government,Logistics,West,Low Value,Long-Term Customer,18.8,12.0,23.2,18.76,Standard Priority Customer,418
C0019,2019-01-19,2024-12-10,37,42528118.4,1149408.61,2174,5.95,5.95,6.22,42528118.4,7145076.01,5.0,35725380.05,-6802738.35,0.84,Government,Logistics,East,Low Value,Long-Term Customer,8.4,56.4,9.8,18.42,Standard Priority Customer,419
C0265,2019-02-19,2024-09-27,29,47931619.6,1652814.47,2143,5.87,5.87,4.94,47931619.6,8169399.93,5.0,40846999.67,-7084619.93,0.85,Retail,Mining,West,Low Value,Long-Term Customer,20.0,10.0,21.4,18.42,Standard Priority Customer,420
C0316,2019-03-08,2024-09-22,33,45390754.0,1375477.39,2126,5.82,5.82,5.67,45390754.0,7798199.86,5.0,38990999.29,-6399754.71,0.86,Dealer,Manufacturing,East,Low Value,Long-Term Customer,14.0,33.6,15.2,18.28,Standard Priority Customer,421
C0079,2019-01-25,2024-11-28,31,47175266.2,1521782.78,2168,5.94,5.94,5.22,47175266.2,7947770.29,5.0,39738851.43,-7436414.77,0.84,Retail,Rental,North,Low Value,Long-Term Customer,17.4,17.2,20.4,18.26,Standard Priority Customer,422
C0431,2019-06-09,2024-07-05,28,45787279.2,1635259.97,2033,5.57,5.57,5.03,45787279.2,8226170.06,5.0,41130850.29,-4656428.91,0.9,Government,Logistics,West,Low Value,Long-Term Customer,21.4,12.4,16.0,17.98,Standard Priority Customer,423
C0147,2019-07-21,2024-12-22,30,44007572.2,1466919.07,1991,5.45,5.45,5.5,44007572.2,8073212.33,5.0,40366061.64,-3641510.56,0.92,Dealer,Rental,North,Low Value,Long-Term Customer,18.6,25.4,12.0,17.98,Standard Priority Customer,424
C0298,2019-01-05,2024-11-20,33,46771231.0,1417310.03,2188,5.99,5.99,5.51,46771231.0,7807674.64,5.0,39038373.22,-7732857.78,0.83,Fleet Owner,Construction,South,Low Value,Long-Term Customer,14.4,26.1,18.0,17.82,Standard Priority Customer,425
C0332,2019-01-19,2024-11-11,35,44566684.4,1273333.84,2174,5.95,5.95,5.88,44566684.4,7487571.98,5.0,37437859.88,-7128824.52,0.84,Corporate,Mining,South,Low Value,Long-Term Customer,10.6,41.1,13.2,17.48,Standard Priority Customer,426
C0423,2019-02-25,2024-11-09,30,46894840.4,1563161.35,2137,5.85,5.85,5.13,46894840.4,8015133.58,5.0,40075667.89,-6819172.51,0.85,Dealer,Infrastructure,South,Low Value,Long-Term Customer,18.0,14.5,18.2,17.36,Standard Priority Customer,427
C0441,2019-01-17,2024-10-19,31,47045233.8,1517588.19,2176,5.96,5.96,5.2,47045233.8,7896724.1,5.0,39483620.51,-7561613.29,0.84,Dealer,Construction,North,Low Value,Long-Term Customer,16.4,16.6,19.2,17.28,Standard Priority Customer,428
C0484,2019-01-30,2024-11-10,27,48200851.6,1785216.73,2163,5.92,5.92,4.56,48200851.6,8139325.5,5.0,40696627.48,-7504224.12,0.84,Fleet Owner,Mining,West,Low Value,Long-Term Customer,19.4,4.0,22.6,17.28,Standard Priority Customer,429
C0097,2019-03-22,2024-12-16,26,47499351.2,1826898.12,2112,5.78,5.78,4.5,47499351.2,8214553.99,5.0,41072769.95,-6426581.25,0.86,Corporate,Construction,West,Low Value,Long-Term Customer,20.8,2.6,20.6,17.1,Standard Priority Customer,430
C0344,2019-01-04,2024-06-17,28,48151864.0,1719709.43,2189,5.99,5.99,4.67,48151864.0,8034476.17,5.0,40172380.83,-7979483.17,0.83,Fleet Owner,Mining,West,Low Value,Long-Term Customer,18.2,6.0,22.2,16.96,Standard Priority Customer,431
C0402,2019-01-25,2024-07-12,35,43498305.199999996,1242808.72,2168,5.94,5.94,5.9,43498305.2,7328300.73,5.0,36641503.63,-6856801.57,0.84,Fleet Owner,Rental,South,Low Value,Long-Term Customer,9.8,42.0,11.4,16.72,Standard Priority Customer,432
C0179,2019-05-20,2024-07-21,32,43222736.0,1350710.5,2053,5.62,5.62,5.69,43222736.0,7689773.17,5.0,38448865.86,-4773870.14,0.89,Government,Infrastructure,South,Low Value,Long-Term Customer,12.6,34.2,10.8,16.38,Standard Priority Customer,433
C0104,2019-04-06,2024-12-30,34,42120081.4,1238825.92,2097,5.74,5.74,5.92,42120081.4,7336366.11,5.0,36681830.55,-5438250.85,0.87,Fleet Owner,Infrastructure,South,Low Value,Long-Term Customer,10.0,43.0,9.2,16.36,Standard Priority Customer,434
C0382,2019-04-17,2024-11-19,33,42929317.0,1300888.39,2086,5.71,5.71,5.78,42929317.0,7516746.42,5.0,37583732.11,-5345584.89,0.88,Retail,Manufacturing,South,Low Value,Long-Term Customer,11.2,37.3,10.6,16.24,Standard Priority Customer,435
C0267,2019-03-07,2024-03-25,29,46440405.199999996,1601393.28,2127,5.82,5.82,4.98,46440405.2,7974780.44,5.0,39873902.21,-6566502.99,0.86,Fleet Owner,Infrastructure,South,Low Value,Long-Term Customer,17.6,10.6,17.6,16.2,Standard Priority Customer,436
C0208,2019-01-20,2024-12-30,30,46904115.8,1563470.53,2173,5.95,5.95,5.04,46904115.8,7883906.26,5.0,39419531.28,-7484584.52,0.84,Fleet Owner,Logistics,North,Low Value,Long-Term Customer,16.0,12.7,18.6,16.12,Standard Priority Customer,437
C0404,2019-02-10,2024-12-26,31,46035794.4,1485025.63,2152,5.89,5.89,5.26,46035794.4,7813463.71,5.0,39067318.55,-6968475.85,0.85,Government,Mining,West,Low Value,Long-Term Customer,14.6,18.0,16.4,15.82,Standard Priority Customer,438
C0094,2019-01-18,2024-09-20,31,46343009.2,1494935.78,2175,5.95,5.95,5.21,46343009.2,7782429.48,5.0,38912147.38,-7430861.82,0.84,Corporate,Logistics,West,Low Value,Long-Term Customer,13.6,16.8,17.2,15.32,Standard Priority Customer,439
C0412,2019-04-20,2024-05-28,32,43246987.6,1351468.36,2083,5.7,5.7,5.61,43246987.6,7583275.19,5.0,37916375.95,-5330611.65,0.88,Corporate,Infrastructure,East,Low Value,Long-Term Customer,11.6,31.0,11.0,15.3,Standard Priority Customer,440
C0283,2019-04-14,2024-09-04,31,44490975.8,1435192.77,2089,5.72,5.72,5.42,44490975.8,7778999.0,5.0,38894995.0,-5595980.8,0.87,Retail,Logistics,North,Low Value,Long-Term Customer,13.4,23.4,13.0,15.28,Standard Priority Customer,441
C0437,2019-02-09,2024-12-21,30,46199550.2,1539985.01,2153,5.89,5.89,5.09,46199550.2,7837615.29,5.0,39188076.43,-7011473.77,0.85,Dealer,Mining,West,Low Value,Long-Term Customer,14.8,13.2,16.6,15.02,Standard Priority Customer,442
C0053,2019-05-16,2024-09-18,27,45016037.4,1667260.64,2057,5.63,5.63,4.79,45016037.4,7993246.31,5.0,39966231.55,-5049805.85,0.89,Fleet Owner,Construction,North,Low Value,Long-Term Customer,17.8,7.6,14.4,14.74,Standard Priority Customer,443
C0452,2019-03-05,2024-12-27,35,40090449.2,1145441.41,2129,5.83,5.83,6.0,40090449.2,6877894.11,5.0,34389470.57,-5700978.63,0.86,Fleet Owner,Mining,South,Low Value,Long-Term Customer,6.4,46.0,6.8,14.44,Standard Priority Customer,444
C0226,2019-01-22,2024-09-28,26,47025541.0,1808674.65,2171,5.94,5.94,4.37,47025541.0,7911597.81,5.0,39557989.06,-7467551.94,0.84,Dealer,Logistics,West,Low Value,Long-Term Customer,16.6,1.4,18.8,14.22,Standard Priority Customer,445
C0212,2019-02-01,2024-08-23,31,45262151.0,1460069.39,2161,5.92,5.92,5.24,45262151.0,7650162.26,5.0,38250811.32,-7011339.68,0.85,Retail,Infrastructure,North East,Low Value,Long-Term Customer,12.2,17.8,14.8,14.1,Standard Priority Customer,446
C0115,2019-05-07,2024-11-28,29,44357793.6,1529579.09,2066,5.66,5.66,5.13,44357793.6,7842054.27,5.0,39210271.33,-5147522.27,0.88,Fleet Owner,Mining,South,Low Value,Long-Term Customer,15.0,14.2,12.4,14.06,Standard Priority Customer,447
C0229,2019-05-15,2024-11-29,28,44419985.8,1586428.06,2058,5.63,5.63,4.97,44419985.8,7883576.2,5.0,39417880.99,-5002104.81,0.89,Government,Mining,East,Low Value,Long-Term Customer,15.8,10.2,12.6,13.72,Standard Priority Customer,448
C0350,2019-05-03,2024-11-25,32,41227777.0,1288368.03,2070,5.67,5.67,5.65,41227777.0,7274611.38,5.0,36373056.88,-4854720.12,0.88,Dealer,Logistics,North East,Low Value,Long-Term Customer,9.6,32.0,7.8,13.54,Standard Priority Customer,449
C0150,2019-07-12,2024-11-09,30,41608958.8,1386965.29,2000,5.48,5.48,5.48,41608958.8,7598836.1,5.0,37994180.5,-3614778.3,0.91,Fleet Owner,Manufacturing,West,Low Value,Long-Term Customer,11.8,24.6,8.4,13.34,Standard Priority Customer,450
C0336,2019-04-29,2024-09-26,33,39095696.4,1184718.07,2074,5.68,5.68,5.81,39095696.4,6885102.75,5.0,34425513.77,-4670182.63,0.88,Government,Rental,East,Low Value,Long-Term Customer,6.8,38.4,5.6,12.76,Standard Priority Customer,451
C0454,2019-02-08,2024-11-14,33,41820500.6,1267287.9,2154,5.9,5.9,5.6,41820500.6,7091428.9,5.0,35457144.49,-6363356.11,0.85,Government,Mining,West,Low Value,Long-Term Customer,7.8,30.6,8.6,12.6,Standard Priority Customer,452
C0248,2019-01-10,2024-12-04,30,45208412.0,1506947.07,2183,5.98,5.98,5.02,45208412.0,7564073.51,5.0,37820367.57,-7388044.43,0.84,Fleet Owner,Rental,West,Low Value,Long-Term Customer,11.4,11.8,14.6,12.44,Standard Priority Customer,453
C0317,2019-01-17,2024-12-25,32,43291415.2,1352856.72,2176,5.96,5.96,5.37,43291415.2,7266631.16,5.0,36333155.79,-6958259.41,0.84,Corporate,Manufacturing,South,Low Value,Long-Term Customer,9.4,21.2,11.2,12.3,Standard Priority Customer,454
C0430,2019-03-08,2024-10-11,27,44879330.8,1662197.44,2126,5.82,5.82,4.64,44879330.8,7710336.58,5.0,38551682.91,-6327647.89,0.86,Retail,Manufacturing,West,Low Value,Long-Term Customer,13.0,5.4,14.0,11.78,Standard Priority Customer,455
C0204,2019-05-20,2024-12-08,31,39880662.0,1286472.97,2053,5.62,5.62,5.52,39880662.0,7095183.53,5.0,35475917.67,-4404744.33,0.89,Retail,Rental,South,Low Value,Long-Term Customer,8.0,26.6,6.6,11.3,Standard Priority Customer,456
C0078,2019-01-31,2024-06-22,31,42565724.6,1373087.89,2162,5.92,5.92,5.24,42565724.6,7191087.38,5.0,35955436.89,-6610287.71,0.84,Dealer,Rental,South,Low Value,Long-Term Customer,9.0,17.6,10.0,11.02,Standard Priority Customer,457
C0118,2019-02-03,2024-12-10,32,41835680.2,1307365.01,2159,5.91,5.91,5.41,41835680.2,7077573.97,5.0,35387869.83,-6447810.37,0.85,Retail,Rental,South,Low Value,Long-Term Customer,7.2,23.2,8.8,10.88,Standard Priority Customer,458
C0034,2019-01-05,2024-10-06,32,42477752.2,1327429.76,2188,5.99,5.99,5.34,42477752.2,7090950.18,5.0,35454750.89,-7023001.31,0.83,Government,Construction,West,Low Value,Long-Term Customer,7.6,20.5,9.6,10.78,Standard Priority Customer,459
C0143,2019-01-11,2024-08-02,27,44644618.2,1653504.38,2182,5.97,5.97,4.52,44644618.2,7473165.35,5.0,37365826.76,-7278791.44,0.84,Corporate,Infrastructure,South,Low Value,Long-Term Customer,10.4,3.4,13.4,9.9,Standard Priority Customer,460
C0137,2019-06-13,2024-06-10,21,42806442.6,2038402.03,2029,5.56,5.56,3.78,42806442.6,7705792.59,5.0,38528962.94,-4277479.66,0.9,Dealer,Infrastructure,South,Low Value,Long-Term Customer,12.8,0.2,10.4,9.56,Standard Priority Customer,461
C0500,2019-01-06,2024-12-07,27,44474866.6,1647217.28,2187,5.99,5.99,4.51,44474866.6,7427729.78,5.0,37138648.89,-7336217.71,0.84,Corporate,Infrastructure,East,Low Value,Long-Term Customer,10.2,3.0,12.8,9.54,Standard Priority Customer,462
C0366,2019-03-09,2024-10-26,26,43711261.800000004,1681202.38,2125,5.82,5.82,4.47,43711261.8,7513194.53,5.0,37565972.64,-6145289.16,0.86,Corporate,Logistics,East,Low Value,Long-Term Customer,11.0,2.4,11.8,9.52,Standard Priority Customer,463
C0145,2019-04-01,2024-12-29,33,34445949.4,1043816.65,2102,5.75,5.75,5.73,34445949.4,5985434.36,5.0,29927171.78,-4518777.62,0.87,Retail,Construction,West,Low Value,Long-Term Customer,2.4,35.8,2.4,9.08,Standard Priority Customer,464
C0322,2019-04-10,2024-12-10,28,40996678.0,1464167.07,2093,5.73,5.73,4.89,40996678.0,7154341.44,5.0,35771707.21,-5224970.79,0.87,Government,Construction,West,Low Value,Long-Term Customer,8.6,9.4,7.6,8.46,Standard Priority Customer,465
C0352,2019-02-23,2024-11-11,30,40262666.2,1342088.87,2139,5.86,5.86,5.12,40262666.2,6875146.72,5.0,34375733.59,-5886932.61,0.85,Corporate,Mining,South,Low Value,Long-Term Customer,6.2,14.0,7.2,8.06,Standard Priority Customer,466
C0007,2019-05-08,2024-11-03,31,36509378.2,1177721.88,2065,5.65,5.65,5.48,36509378.2,6457651.52,5.0,32288257.6,-4221120.6,0.88,Corporate,Manufacturing,West,Low Value,Long-Term Customer,4.2,24.8,3.0,7.96,Standard Priority Customer,467
C0334,2019-01-03,2024-08-24,33,37526956.6,1137180.5,2190,6.0,6.0,5.5,37526956.6,6258776.67,5.0,31293883.33,-6233073.27,0.83,Corporate,Mining,South,Low Value,Long-Term Customer,3.2,25.6,3.8,7.86,Standard Priority Customer,468
C0182,2019-03-03,2024-08-03,29,40856091.0,1408830.72,2131,5.83,5.83,4.97,40856091.0,7002668.81,5.0,35013344.06,-5842746.94,0.86,Dealer,Infrastructure,East,Low Value,Long-Term Customer,7.0,10.4,7.4,7.8,Standard Priority Customer,469
C0473,2019-03-04,2024-11-15,26,42018356.8,1616090.65,2130,5.83,5.83,4.46,42018356.8,7205260.48,5.0,36026302.4,-5992054.4,0.86,Government,Rental,South,Low Value,Long-Term Customer,9.2,2.0,9.0,7.7,Standard Priority Customer,470
C0392,2019-02-11,2024-12-12,31,38571708.8,1244248.67,2151,5.89,5.89,5.26,38571708.8,6549659.06,5.0,32748295.3,-5823413.5,0.85,Fleet Owner,Logistics,East,Low Value,Long-Term Customer,5.0,18.2,4.8,7.58,Standard Priority Customer,471
C0309,2019-03-04,2024-12-17,31,38065991.6,1227935.21,2130,5.83,5.83,5.32,38065991.6,6527513.35,5.0,32637566.74,-5428424.86,0.86,Government,Manufacturing,West,Low Value,Long-Term Customer,4.6,19.8,4.4,7.58,Standard Priority Customer,472
C0014,2019-03-05,2024-12-21,27,41523847.6,1537920.28,2129,5.83,5.83,4.63,41523847.6,7123807.11,5.0,35619035.55,-5904812.05,0.86,Fleet Owner,Construction,East,Low Value,Long-Term Customer,8.2,5.2,8.0,7.54,Standard Priority Customer,473
C0117,2019-01-01,2024-08-12,31,38951277.4,1256492.82,2192,6.0,6.0,5.17,38951277.4,6490398.75,5.0,32451993.77,-6499283.63,0.83,Government,Mining,North East,Low Value,Long-Term Customer,4.4,15.6,5.2,6.88,Standard Priority Customer,474
C0091,2019-01-09,2024-09-07,30,39090471.8,1303015.73,2184,5.98,5.98,5.02,39090471.8,6537451.84,5.0,32687259.21,-6403212.59,0.84,Retail,Construction,South,Low Value,Long-Term Customer,4.8,11.6,5.4,6.34,Standard Priority Customer,475
C0339,2019-05-01,2024-08-16,24,40193008.4,1674708.68,2072,5.67,5.67,4.23,40193008.4,7085181.62,5.0,35425908.1,-4767100.3,0.88,Fleet Owner,Logistics,South,Low Value,Long-Term Customer,7.4,0.8,7.0,5.96,Standard Priority Customer,476
C0388,2019-03-21,2024-12-12,27,39389408.6,1458866.99,2113,5.79,5.79,4.67,39389408.6,6808793.89,5.0,34043969.45,-5345439.15,0.86,Fleet Owner,Infrastructure,West,Low Value,Long-Term Customer,6.0,5.7,5.8,5.88,Standard Priority Customer,477
C0151,2019-03-03,2024-11-28,27,39556960.6,1465072.61,2131,5.83,5.83,4.63,39556960.6,6779999.93,5.0,33899999.67,-5656960.93,0.86,Government,Infrastructure,East,Low Value,Long-Term Customer,5.6,5.0,6.2,5.66,Standard Priority Customer,478
C0144,2019-04-02,2024-08-23,25,39589546.2,1583581.85,2101,5.75,5.75,4.35,39589546.2,6882475.84,5.0,34412379.22,-5177166.98,0.87,Fleet Owner,Construction,West,Low Value,Long-Term Customer,6.6,1.2,6.4,5.46,Standard Priority Customer,479
C0170,2019-03-21,2024-12-20,27,38882680.4,1440099.27,2113,5.79,5.79,4.67,38882680.4,6721201.62,5.0,33606008.08,-5276672.32,0.86,Government,Construction,South,Low Value,Long-Term Customer,5.2,5.7,5.0,5.24,Standard Priority Customer,480
C0139,2019-03-13,2024-10-31,29,37337910.0,1287514.14,2121,5.81,5.81,4.99,37337910.0,6429831.04,5.0,32149155.18,-5188754.82,0.86,Government,Mining,West,Low Value,Long-Term Customer,3.8,11.0,3.6,5.18,Standard Priority Customer,481
C0487,2019-03-08,2024-03-18,26,39512216.0,1519700.62,2126,5.82,5.82,4.47,39512216.0,6788258.18,5.0,33941290.91,-5570925.09,0.86,Dealer,Mining,South,Low Value,Long-Term Customer,5.8,2.2,6.0,5.14,Standard Priority Customer,482
C0028,2019-01-22,2024-11-13,29,38208624.0,1317538.76,2171,5.94,5.94,4.88,38208624.0,6428235.8,5.0,32141178.99,-6067445.01,0.84,Retail,Infrastructure,South,Low Value,Long-Term Customer,3.6,9.2,4.6,5.02,Standard Priority Customer,483
C0238,2019-01-22,2024-03-25,30,36717219.2,1223907.31,2171,5.94,5.94,5.05,36717219.2,6177321.19,5.0,30886605.97,-5830613.23,0.84,Corporate,Construction,South,Low Value,Long-Term Customer,2.6,13.0,3.4,4.92,Standard Priority Customer,484
C0271,2019-06-05,2024-11-26,24,37757473.800000004,1573228.08,2037,5.58,5.58,4.3,37757473.8,6770209.77,5.0,33851048.86,-3906424.94,0.9,Corporate,Infrastructure,South,Low Value,Long-Term Customer,5.4,1.0,4.2,4.16,Standard Priority Customer,485
C0177,2019-04-01,2024-12-25,28,35762840.4,1277244.3,2102,5.75,5.75,4.87,35762840.4,6214261.4,5.0,31071306.98,-4691533.42,0.87,Dealer,Construction,West,Low Value,Long-Term Customer,2.8,8.8,2.8,4.0,Standard Priority Customer,486
C0125,2019-02-17,2024-12-09,30,31904862.6,1063495.42,2145,5.87,5.87,5.11,31904862.6,5432751.08,5.0,27163755.4,-4741107.2,0.85,Government,Mining,West,Low Value,Long-Term Customer,1.6,13.6,1.4,3.94,Standard Priority Customer,487
C0061,2019-01-29,2024-09-08,29,33890240.0,1168628.97,2164,5.92,5.92,4.89,33890240.0,5720152.57,5.0,28600762.85,-5289477.15,0.84,Dealer,Construction,West,Low Value,Long-Term Customer,2.2,9.6,2.2,3.68,Standard Priority Customer,488
C0479,2019-02-22,2024-10-08,26,37716131.0,1450620.42,2140,5.86,5.86,4.44,37716131.0,6437297.59,5.0,32186487.96,-5529643.04,0.85,Retail,Construction,West,Low Value,Long-Term Customer,4.0,1.6,4.0,3.52,Standard Priority Customer,489
C0279,2019-05-12,2024-11-12,26,35292218.0,1357393.0,2061,5.64,5.64,4.61,35292218.0,6254479.68,5.0,31272398.41,-4019819.59,0.89,Dealer,Rental,West,Low Value,Long-Term Customer,3.0,4.4,2.6,3.16,Standard Priority Customer,490
C0262,2019-02-26,2024-12-04,26,36628894.0,1408803.62,2136,5.85,5.85,4.45,36628894.0,6263437.98,5.0,31317189.92,-5311704.08,0.85,Corporate,Logistics,North,Low Value,Long-Term Customer,3.4,1.8,3.2,3.02,Standard Priority Customer,491
C0303,2019-04-05,2024-12-01,27,32465859.599999998,1202439.24,2098,5.74,5.74,4.7,32465859.6,5652123.56,5.0,28260617.78,-4205241.82,0.87,Corporate,Mining,West,Low Value,Long-Term Customer,2.0,7.0,2.0,3.0,Standard Priority Customer,492
C0183,2019-02-03,2024-12-05,27,32313901.0,1196811.15,2159,5.91,5.91,4.57,32313901.0,5466721.79,5.0,27333608.94,-4980292.06,0.85,Government,Mining,West,Low Value,Long-Term Customer,1.8,4.2,1.8,2.28,Standard Priority Customer,493
C0174,2019-01-11,2024-12-03,29,29793255.0,1027353.62,2182,5.97,5.97,4.85,29793255.0,4987161.5,5.0,24935807.49,-4857447.51,0.84,Government,Mining,West,Low Value,Long-Term Customer,0.4,8.4,0.4,2.0,Standard Priority Customer,494
C0456,2019-02-23,2024-10-16,27,31514609.0,1167207.74,2139,5.86,5.86,4.61,31514609.0,5381351.54,5.0,26906757.68,-4607851.32,0.85,Corporate,Mining,North,Low Value,Long-Term Customer,1.4,4.6,1.2,1.98,Standard Priority Customer,495
C0353,2019-01-16,2024-10-08,27,31979908.6,1184441.06,2177,5.96,5.96,4.53,31979908.6,5365485.35,5.0,26827426.77,-5152481.83,0.84,Dealer,Manufacturing,North,Low Value,Long-Term Customer,1.2,3.8,1.6,1.84,Standard Priority Customer,496
C0292,2019-01-11,2024-04-28,27,30979627.8,1147393.62,2182,5.97,5.97,4.52,30979627.8,5185751.17,5.0,25928755.85,-5050871.95,0.84,Corporate,Rental,Central,Low Value,Long-Term Customer,0.8,3.4,0.8,1.32,Standard Priority Customer,497
C0180,2019-01-04,2024-12-10,27,30093537.8,1114575.47,2189,5.99,5.99,4.51,30093537.8,5021317.81,5.0,25106589.04,-4986948.76,0.83,Fleet Owner,Logistics,South,Low Value,Long-Term Customer,0.6,2.8,0.6,1.04,Standard Priority Customer,498
C0108,2019-01-03,2024-12-29,24,31126705.0,1296946.04,2190,6.0,6.0,4.0,31126705.0,5191337.44,5.0,25956687.22,-5170017.78,0.83,Corporate,Rental,North,Low Value,Long-Term Customer,1.0,0.4,1.0,0.88,Standard Priority Customer,499
C0347,2019-03-04,2024-12-03,24,22536660.4,939027.52,2130,5.83,5.83,4.12,22536660.4,3864561.13,5.0,19322805.66,-3213854.74,0.86,Retail,Mining,North,Low Value,Long-Term Customer,0.2,0.6,0.2,0.28,Standard Priority Customer,500
