customer_id,customer_type,industry_segment,region,credit_limit,customer_rating,first_purchase_date,last_purchase_date,customer_tenure_days,recency_days,delivered_order_count,total_revenue,average_order_value,recency_segment,frequency_segment,monetary_segment,recency_score,frequency_score,monetary_score,retention_score,churn_risk_score,churn_risk_class,retention_class,retention_priority_score,retention_priority_rank
C0491,Dealer,Infrastructure,South,312699,1,2019-03-27,2024-07-04,2107,181,27,65215944.4,2415405.348148148,Churning Customer,Medium Frequency,Medium-High Value,30,5.1,72.2,34.33,65.67,Medium Churn Risk,Weakly Retained,39.58,1
C0297,Fleet Owner,Rental,South,333899,3,2019-02-13,2024-07-01,2149,184,34,73065015.6,2148971.0470588235,Churning Customer,High Frequency,High Value,30,39.900000000000006,86.6,46.62,53.38,Medium Churn Risk,Moderately Retained,36.05,2
C0433,Dealer,Infrastructure,North,448175,3,2019-09-11,2024-05-27,1939,219,31,57020323.4,1839365.270967742,Churning Customer,High Frequency,Medium-Low Value,30,21.0,47.4,32.1,67.9,Medium Churn Risk,Weakly Retained,35.78,3
C0131,Corporate,Rental,South,215893,2,2019-02-21,2024-06-14,2141,201,32,59008448.8,1844014.025,Churning Customer,High Frequency,Medium-High Value,30,27.1,54.2,35.33,64.67,Medium Churn Risk,Weakly Retained,35.27,4
C0133,Government,Mining,South,1144779,1,2019-03-27,2024-04-07,2107,269,29,51247358.0,1767150.2758620689,Churning Customer,Medium Frequency,Medium-Low Value,30,11.5,31.6,25.78,74.22,High Churn Risk,Weakly Retained,35.15,5
C0126,Dealer,Manufacturing,South,473103,4,2019-03-05,2024-04-05,2129,271,33,64059034.8,1941182.8727272726,Churning Customer,High Frequency,Medium-High Value,30,33.5,69.6,40.78,59.22,Medium Churn Risk,Moderately Retained,35.06,6
C0127,Government,Construction,East,1030275,1,2019-03-01,2024-06-25,2133,190,28,48960650.8,1748594.6714285712,Churning Customer,Medium Frequency,Medium-Low Value,30,8.4,25.4,23.45,76.55,High Churn Risk,Weakly Retained,34.64,7
C0444,Dealer,Manufacturing,South,403967,1,2019-02-25,2024-01-08,2137,359,30,50928809.0,1697626.9666666666,Churning Customer,High Frequency,Medium-Low Value,30,15.6,31.2,26.7,73.3,High Churn Risk,Weakly Retained,34.5,8
C0344,Fleet Owner,Mining,West,508890,2,2019-01-04,2024-06-17,2189,198,28,48151864.0,1719709.4285714286,Churning Customer,Medium Frequency,Low Value,30,8.4,22.2,22.65,77.35,High Churn Risk,Weakly Retained,34.42,9
C0281,Government,Logistics,South,1088567,4,2019-07-26,2024-06-25,1986,190,26,46282268.6,1780087.2538461538,Churning Customer,Medium Frequency,Low Value,30,2.3,17.0,19.82,80.18,High Churn Risk,Weakly Retained,34.3,10
C0267,Fleet Owner,Infrastructure,South,253236,3,2019-03-07,2024-03-25,2127,282,29,46440405.199999996,1601393.2827586206,Churning Customer,Medium Frequency,Low Value,30,11.5,17.599999999999998,22.28,77.72,High Churn Risk,Weakly Retained,33.36,11
C0110,Dealer,Logistics,Central,107758,5,2019-01-25,2024-06-21,2168,194,42,90807306.0,2162078.714285714,Churning Customer,Very High Frequency,High Value,30,83.1,98.6,60.42,39.58,Low Churn Risk,Strongly Retained,33.22,12
C0405,Corporate,Infrastructure,West,216557,3,2019-01-30,2024-06-25,2163,190,32,50787823.0,1587119.46875,Churning Customer,High Frequency,Medium-Low Value,30,27.1,30.599999999999998,29.42,70.58,High Churn Risk,Weakly Retained,33.13,13
C0137,Dealer,Infrastructure,South,257346,5,2019-06-13,2024-06-10,2029,205,21,42806442.6,2038402.0285714287,Churning Customer,Medium Frequency,Low Value,30,0.2,10.4,17.65,82.35,High Churn Risk,Weakly Retained,32.58,14
C0421,Retail,Construction,South,35710,3,2019-04-06,2024-06-21,2097,194,38,69466242.8,1828059.0210526315,Churning Customer,High Frequency,High Value,30,66.10000000000001,81.39999999999999,51.88,48.12,Low Churn Risk,Moderately Retained,30.89,15
C0041,Government,Rental,South,592802,5,2019-01-11,2024-06-11,2182,204,38,68044561.6,1790646.3578947366,Churning Customer,High Frequency,High Value,30,66.10000000000001,77.8,50.98,49.02,Low Churn Risk,Moderately Retained,30.83,16
C0078,Dealer,Rental,South,166204,1,2019-01-31,2024-06-22,2162,193,31,42565724.6,1373087.8903225807,Churning Customer,High Frequency,Low Value,30,21.0,10.0,22.75,77.25,High Churn Risk,Weakly Retained,30.39,17
C0487,Dealer,Mining,South,346606,1,2019-03-08,2024-03-18,2126,289,26,39512216.0,1519700.6153846155,Churning Customer,Medium Frequency,Low Value,30,2.3,6.0,17.08,82.92,High Churn Risk,Weakly Retained,30.28,18
C0412,Corporate,Infrastructure,East,699539,3,2019-04-20,2024-05-28,2083,218,32,43246987.6,1351468.3625,Churning Customer,High Frequency,Low Value,30,27.1,11.0,24.52,75.48,High Churn Risk,Weakly Retained,30.17,19
C0498,Fleet Owner,Construction,East,502514,3,2019-03-01,2024-08-19,2133,135,28,64864362.8,2316584.3857142855,At Risk Customer,Medium Frequency,Medium-High Value,60,8.4,71.8,50.05,49.95,Low Churn Risk,Moderately Retained,29.94,20
C0029,Dealer,Construction,South,403949,1,2019-01-16,2024-06-30,2177,185,38,58176890.6,1530970.805263158,Churning Customer,High Frequency,Medium-High Value,30,66.10000000000001,52.2,44.58,55.42,Medium Churn Risk,Moderately Retained,29.8,21
C0485,Fleet Owner,Rental,West,581553,1,2019-01-14,2024-10-01,2179,92,28,59146123.8,2112361.564285714,At Risk Customer,Medium Frequency,Medium-High Value,60,8.4,55.00000000000001,45.85,54.15,Medium Churn Risk,Moderately Retained,29.6,22
C0321,Retail,Logistics,South,33291,2,2019-01-04,2024-06-28,2189,187,38,54558976.4,1435762.5368421052,Churning Customer,High Frequency,Medium-Low Value,30,66.10000000000001,39.2,41.32,58.68,Medium Churn Risk,Moderately Retained,29.59,23
C0043,Corporate,Construction,South,387054,4,2019-04-04,2024-06-14,2099,201,36,47644638.800000004,1323462.188888889,Churning Customer,High Frequency,Low Value,30,53.300000000000004,21.2,33.62,66.38,Medium Churn Risk,Weakly Retained,29.23,24
C0213,Fleet Owner,Rental,West,192184,4,2019-02-26,2024-08-31,2136,123,30,66248437.6,2208281.2533333334,At Risk Customer,High Frequency,Medium-High Value,60,15.6,74.4,52.5,47.5,Low Churn Risk,Moderately Retained,29.08,25
C0274,Dealer,Mining,North,463140,3,2019-01-08,2024-06-27,2185,188,39,54639688.2,1401017.6461538463,Churning Customer,High Frequency,Medium-Low Value,30,71.7,39.800000000000004,42.88,57.12,Medium Churn Risk,Moderately Retained,28.84,26
C0256,Corporate,Infrastructure,North East,930018,4,2019-01-03,2024-09-19,2190,104,30,58794725.4,1959824.18,At Risk Customer,High Frequency,Medium-High Value,60,15.6,53.6,47.3,52.7,Medium Churn Risk,Moderately Retained,28.64,27
C0047,Corporate,Rental,West,425838,5,2019-04-06,2024-08-25,2097,129,30,57880918.0,1929363.9333333333,At Risk Customer,High Frequency,Medium-High Value,60,15.6,51.2,46.7,53.3,Medium Churn Risk,Moderately Retained,28.51,28
C0202,Government,Logistics,North,1402130,4,2019-09-19,2024-09-21,1931,102,28,50389917.2,1799639.9000000001,At Risk Customer,Medium Frequency,Medium-Low Value,60,8.4,29.2,39.4,60.6,Medium Churn Risk,Weakly Retained,28.22,29
C0226,Dealer,Logistics,West,400547,5,2019-01-22,2024-09-28,2171,95,26,47025541.0,1808674.6538461538,At Risk Customer,Medium Frequency,Low Value,60,2.3,18.8,35.28,64.72,Medium Churn Risk,Weakly Retained,28.13,30
C0419,Fleet Owner,Logistics,West,344338,1,2019-03-05,2024-09-30,2129,93,31,61514207.2,1984329.2645161292,At Risk Customer,High Frequency,Medium-High Value,60,21.0,63.2,51.05,48.95,Low Churn Risk,Moderately Retained,27.83,31
C0265,Retail,Mining,West,18495,1,2019-02-19,2024-09-27,2143,96,29,47931619.6,1652814.4689655174,At Risk Customer,Medium Frequency,Low Value,60,11.5,21.4,38.22,61.78,Medium Churn Risk,Weakly Retained,27.37,32
C0238,Corporate,Construction,South,299342,5,2019-01-22,2024-03-25,2171,282,30,36717219.2,1223907.3066666669,Churning Customer,High Frequency,Low Value,30,15.6,3.4000000000000004,19.75,80.25,High Churn Risk,Weakly Retained,27.23,33
C0053,Fleet Owner,Construction,North,406292,5,2019-05-16,2024-09-18,2057,105,27,45016037.4,1667260.6444444444,At Risk Customer,Medium Frequency,Low Value,60,5.1,14.399999999999999,34.88,65.12,Medium Churn Risk,Weakly Retained,27.09,34
C0431,Government,Logistics,West,1284393,5,2019-06-09,2024-07-05,2033,180,28,45787279.2,1635259.9714285715,At Risk Customer,Medium Frequency,Low Value,60,8.4,16.0,36.1,63.9,Medium Churn Risk,Weakly Retained,27.04,35
C0260,Dealer,Logistics,South,127019,5,2019-08-24,2024-09-05,1957,118,32,55524668.6,1735145.89375,At Risk Customer,High Frequency,Medium-Low Value,60,27.1,42.4,47.38,52.62,Medium Churn Risk,Moderately Retained,27.0,36
C0143,Corporate,Infrastructure,South,915191,3,2019-01-11,2024-08-02,2182,152,27,44644618.2,1653504.3777777778,At Risk Customer,Medium Frequency,Low Value,60,5.1,13.4,34.62,65.38,Medium Churn Risk,Weakly Retained,26.98,37
C0030,Corporate,Construction,South,501072,5,2019-01-30,2024-09-02,2163,121,32,58263942.8,1820748.2125,At Risk Customer,High Frequency,Medium-High Value,60,27.1,53.0,50.02,49.98,Low Churn Risk,Moderately Retained,26.91,38
C0313,Corporate,Mining,West,821603,1,2019-05-28,2024-09-02,2045,121,30,48205237.4,1606841.2466666666,At Risk Customer,High Frequency,Low Value,60,15.6,23.0,39.65,60.35,Medium Churn Risk,Weakly Retained,26.89,39
C0361,Government,Logistics,South,623046,5,2019-01-15,2024-09-26,2178,97,32,52532617.8,1641644.30625,At Risk Customer,High Frequency,Medium-Low Value,60,27.1,34.2,45.32,54.68,Medium Churn Risk,Moderately Retained,26.55,40
C0048,Dealer,Mining,South,424609,3,2019-04-05,2024-09-12,2098,111,31,49413459.2,1593982.5548387098,At Risk Customer,High Frequency,Medium-Low Value,60,21.0,26.6,41.9,58.1,Medium Churn Risk,Moderately Retained,26.53,41
C0156,Government,Manufacturing,South,1032586,5,2019-01-14,2024-09-17,2179,106,33,67117436.4,2033861.7090909092,At Risk Customer,High Frequency,High Value,60,33.5,75.6,57.28,42.72,Low Churn Risk,Moderately Retained,26.5,42
C0417,Fleet Owner,Mining,East,587793,3,2019-12-18,2024-09-11,1841,112,32,51984530.4,1624516.575,At Risk Customer,High Frequency,Medium-Low Value,60,27.1,33.0,45.02,54.98,Medium Churn Risk,Moderately Retained,26.41,43
C0476,Fleet Owner,Infrastructure,North,209985,3,2019-01-13,2024-09-29,2180,94,34,73746173.2,2169005.094117647,At Risk Customer,High Frequency,High Value,60,39.900000000000006,87.8,61.92,38.08,Low Churn Risk,Strongly Retained,25.95,44
C0337,Corporate,Manufacturing,North,713111,2,2019-04-15,2024-08-25,2088,129,34,73457151.8,2160504.464705882,At Risk Customer,High Frequency,High Value,60,39.900000000000006,87.4,61.82,38.18,Low Churn Risk,Strongly Retained,25.92,45
C0094,Corporate,Logistics,West,206889,4,2019-01-18,2024-09-20,2175,103,31,46343009.2,1494935.7806451614,At Risk Customer,High Frequency,Low Value,60,21.0,17.2,39.55,60.45,Medium Churn Risk,Weakly Retained,25.89,46
C0212,Retail,Infrastructure,North East,24433,4,2019-02-01,2024-08-23,2161,131,31,45262151.0,1460069.3870967743,At Risk Customer,High Frequency,Low Value,60,21.0,14.799999999999999,38.95,61.05,Medium Churn Risk,Weakly Retained,25.54,47
C0283,Retail,Logistics,North,11744,1,2019-04-14,2024-09-04,2089,119,31,44490975.8,1435192.7677419353,At Risk Customer,High Frequency,Low Value,60,21.0,13.0,38.5,61.5,Medium Churn Risk,Weakly Retained,25.29,48
C0339,Fleet Owner,Logistics,South,121781,2,2019-05-01,2024-08-16,2072,138,24,40193008.4,1674708.6833333333,At Risk Customer,Medium Frequency,Low Value,60,0.7000000000000001,7.000000000000001,31.92,68.08,Medium Churn Risk,Weakly Retained,25.29,49
C0228,Government,Construction,South,1026411,3,2019-03-27,2024-09-10,2107,113,34,61132479.4,1798014.0999999999,At Risk Customer,High Frequency,Medium-High Value,60,39.900000000000006,62.0,55.48,44.52,Low Churn Risk,Moderately Retained,25.15,50
C0114,Retail,Mining,East,42285,4,2019-02-09,2024-09-27,2153,96,33,48515792.8,1470175.5393939393,At Risk Customer,High Frequency,Low Value,60,33.5,24.2,44.42,55.58,Medium Churn Risk,Moderately Retained,24.92,51
C0144,Fleet Owner,Construction,West,578368,2,2019-04-02,2024-08-23,2101,131,25,39589546.2,1583581.8480000002,At Risk Customer,Medium Frequency,Low Value,60,1.2,6.4,31.9,68.1,Medium Churn Risk,Weakly Retained,24.92,52
C0185,Dealer,Logistics,West,210864,5,2019-03-25,2024-09-16,2109,107,33,47500335.2,1439404.0969696972,At Risk Customer,High Frequency,Low Value,60,33.5,20.8,43.58,56.42,Medium Churn Risk,Moderately Retained,24.77,53
C0367,Fleet Owner,Logistics,South,747445,2,2019-02-28,2024-11-04,2134,58,27,57592654.8,2133061.288888889,Recent Customer,Medium Frequency,Medium-Low Value,80,5.1,49.6,53.68,46.32,Low Churn Risk,Moderately Retained,24.66,54
C0182,Dealer,Infrastructure,East,298476,5,2019-03-03,2024-08-03,2131,151,29,40856091.0,1408830.7241379311,At Risk Customer,Medium Frequency,Low Value,60,11.5,7.3999999999999995,34.72,65.28,Medium Churn Risk,Weakly Retained,24.65,55
C0463,Dealer,Mining,West,325255,4,2019-01-10,2024-08-22,2183,132,35,55370560.0,1582016.0,At Risk Customer,High Frequency,Medium-Low Value,60,45.9,42.199999999999996,52.02,47.98,Low Churn Risk,Moderately Retained,24.55,56
C0031,Government,Mining,East,661950,4,2019-04-11,2024-08-13,2092,141,34,50500841.8,1485318.8764705881,At Risk Customer,High Frequency,Medium-Low Value,60,39.900000000000006,29.799999999999997,47.42,52.58,Medium Churn Risk,Moderately Retained,24.54,57
C0424,Retail,Construction,West,28345,4,2019-03-22,2024-09-23,2112,100,35,58183379.4,1662382.2685714285,At Risk Customer,High Frequency,Medium-High Value,60,45.9,52.400000000000006,54.58,45.42,Low Churn Risk,Moderately Retained,24.42,58
C0116,Dealer,Construction,North,480944,1,2019-01-08,2024-07-28,2185,157,35,64081942.6,1830912.6457142858,At Risk Customer,High Frequency,Medium-High Value,60,45.9,69.8,58.92,41.08,Low Churn Risk,Moderately Retained,24.33,59
C0249,Corporate,Construction,West,817572,4,2019-01-16,2024-09-03,2177,120,35,63391180.8,1811176.5942857142,At Risk Customer,High Frequency,Medium-High Value,60,45.9,68.0,58.48,41.52,Low Churn Risk,Moderately Retained,24.33,60
C0135,Retail,Rental,South,21372,2,2019-03-09,2024-08-27,2125,127,35,62791824.6,1794052.1314285714,At Risk Customer,High Frequency,Medium-High Value,60,45.9,66.8,58.18,41.82,Low Churn Risk,Moderately Retained,24.27,61
C0316,Dealer,Manufacturing,East,254996,4,2019-03-08,2024-09-22,2126,101,33,45390754.0,1375477.393939394,At Risk Customer,High Frequency,Low Value,60,33.5,15.2,42.18,57.82,Medium Churn Risk,Moderately Retained,24.26,62
C0357,Corporate,Mining,West,573217,2,2019-01-05,2024-11-17,2188,45,28,57734552.2,2061948.2928571429,Recent Customer,Medium Frequency,Medium-Low Value,80,8.4,49.8,54.55,45.45,Low Churn Risk,Moderately Retained,24.25,63
C0299,Retail,Logistics,South,36717,1,2019-01-24,2024-08-30,2169,124,34,48095055.8,1414560.4647058824,At Risk Customer,High Frequency,Low Value,60,39.900000000000006,22.0,45.48,54.52,Medium Churn Risk,Moderately Retained,24.23,64
C0324,Corporate,Mining,South,384819,5,2019-01-24,2024-08-24,2169,130,35,52335374.8,1495296.4228571428,At Risk Customer,High Frequency,Medium-Low Value,60,45.9,34.0,49.98,50.02,Medium Churn Risk,Moderately Retained,24.19,65
C0008,Corporate,Logistics,West,941092,1,2019-03-04,2024-07-16,2130,169,34,48368868.0,1422613.7647058824,At Risk Customer,High Frequency,Low Value,60,39.900000000000006,23.799999999999997,45.92,54.08,Medium Churn Risk,Moderately Retained,24.18,66
C0179,Government,Infrastructure,South,630635,3,2019-05-20,2024-07-21,2053,164,32,43222736.0,1350710.5,At Risk Customer,High Frequency,Low Value,60,27.1,10.8,39.48,60.52,Medium Churn Risk,Weakly Retained,24.18,67
C0162,Retail,Mining,East,21937,4,2019-07-05,2024-10-14,2007,79,28,62233145.6,2222612.342857143,Recent Customer,Medium Frequency,Medium-High Value,80,8.4,65.0,58.35,41.65,Low Churn Risk,Moderately Retained,23.96,68
C0292,Corporate,Rental,Central,627266,2,2019-01-11,2024-04-28,2182,248,27,30979627.8,1147393.6222222222,Churning Customer,Medium Frequency,Low Value,30,5.1,0.8,16.47,83.53,High Churn Risk,Weakly Retained,23.92,69
C0258,Corporate,Mining,South,299133,2,2019-02-04,2024-10-10,2158,83,28,62250978.4,2223249.2285714285,Recent Customer,Medium Frequency,Medium-High Value,80,8.4,65.4,58.45,41.55,Low Churn Risk,Moderately Retained,23.9,70
C0266,Fleet Owner,Rental,South,196336,4,2019-01-22,2024-09-24,2171,99,35,50717014.0,1449057.5428571429,At Risk Customer,High Frequency,Medium-Low Value,60,45.9,30.4,49.08,50.92,Medium Churn Risk,Moderately Retained,23.87,71
C0086,Retail,Construction,West,32547,3,2019-01-12,2024-11-22,2181,40,29,59655682.6,2057092.5034482758,Recent Customer,Medium Frequency,Medium-High Value,80,11.5,56.599999999999994,57.02,42.98,Low Churn Risk,Moderately Retained,23.7,72
C0484,Fleet Owner,Mining,West,773172,1,2019-01-30,2024-11-10,2163,52,27,48200851.6,1785216.725925926,Recent Customer,Medium Frequency,Low Value,80,5.1,22.6,46.92,53.08,Medium Churn Risk,Moderately Retained,23.65,73
C0088,Corporate,Infrastructure,West,516553,1,2019-01-26,2024-08-06,2167,148,36,57330201.8,1592505.6055555556,At Risk Customer,High Frequency,Medium-Low Value,60,53.300000000000004,48.8,55.53,44.47,Low Churn Risk,Moderately Retained,23.56,74
C0233,Government,Logistics,East,1146772,3,2019-05-29,2024-10-21,2044,72,28,49889164.0,1781755.857142857,Recent Customer,Medium Frequency,Medium-Low Value,80,8.4,27.400000000000002,48.95,51.05,Medium Churn Risk,Moderately Retained,23.54,75
C0158,Corporate,Infrastructure,East,516521,2,2019-03-03,2024-09-26,2131,97,36,58875735.2,1635437.088888889,At Risk Customer,High Frequency,Medium-High Value,60,53.300000000000004,53.800000000000004,56.78,43.22,Low Churn Risk,Moderately Retained,23.52,76
C0381,Corporate,Mining,South,571520,4,2019-07-06,2024-11-17,2006,45,29,62038399.0,2139255.1379310344,Recent Customer,Medium Frequency,Medium-High Value,80,11.5,64.4,58.98,41.02,Low Churn Risk,Moderately Retained,23.52,77
C0184,Retail,Rental,South,47652,3,2019-03-12,2024-11-28,2122,34,29,61479056.4,2119967.4620689657,Recent Customer,Medium Frequency,Medium-High Value,80,11.5,63.0,58.62,41.38,Low Churn Risk,Moderately Retained,23.51,78
C0314,Retail,Logistics,East,10952,1,2019-01-22,2024-09-26,2171,97,36,58625243.800000004,1628478.9944444445,At Risk Customer,High Frequency,Medium-High Value,60,53.300000000000004,53.400000000000006,56.68,43.32,Low Churn Risk,Moderately Retained,23.47,79
C0376,Retail,Construction,North,37739,5,2019-07-01,2024-11-24,2011,38,29,52106248.6,1796767.1931034483,Recent Customer,Medium Frequency,Medium-Low Value,80,11.5,33.6,51.28,48.72,Low Churn Risk,Moderately Retained,23.46,80
C0372,Government,Logistics,South,778200,4,2019-02-15,2024-07-10,2147,175,36,52822436.0,1467289.888888889,At Risk Customer,High Frequency,Medium-Low Value,60,53.300000000000004,34.599999999999994,51.98,48.02,Low Churn Risk,Moderately Retained,23.44,81
C0358,Government,Infrastructure,West,1086668,4,2019-04-17,2024-10-01,2086,92,36,59405501.6,1650152.8222222223,At Risk Customer,High Frequency,Medium-High Value,60,53.300000000000004,56.00000000000001,57.32,42.68,Low Churn Risk,Moderately Retained,23.43,82
C0293,Dealer,Logistics,West,304956,3,2019-01-19,2024-09-25,2174,98,36,66815451.4,1855984.7611111111,At Risk Customer,High Frequency,Medium-High Value,60,53.300000000000004,75.0,62.08,37.92,Low Churn Risk,Strongly Retained,23.42,83
C0351,Corporate,Rental,East,483031,1,2019-03-29,2024-09-12,2105,111,34,44776790.6,1316964.4294117647,At Risk Customer,High Frequency,Low Value,60,39.900000000000006,13.8,43.42,56.58,Medium Churn Risk,Moderately Retained,23.41,84
C0091,Retail,Construction,South,48920,2,2019-01-09,2024-09-07,2184,116,30,39090471.8,1303015.7266666666,At Risk Customer,High Frequency,Low Value,60,15.6,5.4,35.25,64.75,Medium Churn Risk,Weakly Retained,23.39,85
C0171,Fleet Owner,Construction,South,687863,3,2019-04-27,2024-10-19,2076,74,30,55348450.2,1844948.34,Recent Customer,High Frequency,Medium-Low Value,80,15.6,41.8,54.35,45.65,Low Churn Risk,Moderately Retained,23.35,86
C0251,Dealer,Mining,North,325375,4,2019-01-09,2024-07-06,2184,179,36,60544705.8,1681797.3833333333,At Risk Customer,High Frequency,Medium-High Value,60,53.300000000000004,59.8,58.28,41.72,Low Churn Risk,Moderately Retained,23.34,87
C0210,Retail,Infrastructure,West,11789,2,2019-02-20,2024-11-26,2142,36,30,53509817.8,1783660.5933333333,Recent Customer,High Frequency,Medium-Low Value,80,15.6,36.199999999999996,52.95,47.05,Low Churn Risk,Moderately Retained,23.27,88
C0198,Government,Mining,West,1493816,2,2019-03-27,2024-08-01,2107,153,36,63577917.2,1766053.2555555557,At Risk Customer,High Frequency,Medium-High Value,60,53.300000000000004,68.60000000000001,60.48,39.52,Low Churn Risk,Strongly Retained,23.22,89
C0325,Corporate,Rental,East,811959,3,2019-03-03,2024-11-09,2131,53,30,52920013.4,1764000.4466666665,Recent Customer,High Frequency,Medium-Low Value,80,15.6,34.8,52.6,47.4,Low Churn Risk,Moderately Retained,23.18,90
C0430,Retail,Manufacturing,West,10552,5,2019-03-08,2024-10-11,2126,82,27,44879330.8,1662197.437037037,Recent Customer,Medium Frequency,Low Value,80,5.1,14.000000000000002,44.78,55.22,Medium Churn Risk,Moderately Retained,22.9,91
C0497,Government,Logistics,South,764082,3,2019-06-12,2024-11-02,2030,60,30,51439335.2,1714644.5066666668,Recent Customer,High Frequency,Medium-Low Value,80,15.6,31.8,51.85,48.15,Low Churn Risk,Moderately Retained,22.89,92
C0117,Government,Mining,North East,856033,3,2019-01-01,2024-08-12,2192,142,31,38951277.4,1256492.8193548387,At Risk Customer,High Frequency,Low Value,60,21.0,5.2,36.55,63.45,Medium Churn Risk,Weakly Retained,22.84,93
C0470,Government,Mining,South,1219925,1,2019-01-25,2024-09-27,2168,96,36,49194933.2,1366525.9222222222,At Risk Customer,High Frequency,Medium-Low Value,60,53.300000000000004,25.8,49.78,50.22,Medium Churn Risk,Moderately Retained,22.83,94
C0366,Corporate,Logistics,East,429866,4,2019-03-09,2024-10-26,2125,67,26,43711261.800000004,1681202.376923077,Recent Customer,Medium Frequency,Low Value,80,2.3,11.799999999999999,43.53,56.47,Medium Churn Risk,Moderately Retained,22.81,95
C0360,Dealer,Construction,West,433677,5,2019-05-25,2024-11-17,2048,45,31,54662201.0,1763296.8064516129,Recent Customer,High Frequency,Medium-Low Value,80,21.0,40.0,55.25,44.75,Low Churn Risk,Moderately Retained,22.61,96
C0092,Fleet Owner,Logistics,West,532908,2,2019-01-17,2024-07-30,2176,155,36,46760586.8,1298905.1888888888,At Risk Customer,High Frequency,Low Value,60,53.300000000000004,17.8,47.78,52.22,Medium Churn Risk,Moderately Retained,22.57,97
C0389,Retail,Mining,West,34342,5,2019-04-04,2024-11-25,2099,37,30,48796477.0,1626549.2333333334,Recent Customer,High Frequency,Low Value,80,15.6,24.6,50.05,49.95,Low Churn Risk,Moderately Retained,22.53,98
C0229,Government,Mining,East,543686,3,2019-05-15,2024-11-29,2058,33,28,44419985.8,1586428.0642857142,Recent Customer,Medium Frequency,Low Value,80,8.4,12.6,45.25,54.75,Medium Churn Risk,Moderately Retained,22.48,99
C0474,Government,Logistics,West,697497,3,2019-01-11,2024-11-07,2182,55,30,48230361.0,1607678.7,Recent Customer,High Frequency,Low Value,80,15.6,23.200000000000003,49.7,50.3,Medium Churn Risk,Moderately Retained,22.42,100
C0453,Dealer,Mining,East,158610,3,2019-05-25,2024-12-01,2048,31,31,59284873.8,1912415.2838709676,Recent Customer,High Frequency,Medium-High Value,80,21.0,55.400000000000006,59.1,40.9,Low Churn Risk,Moderately Retained,22.41,101
C0173,Retail,Logistics,South,22198,1,2019-03-29,2024-10-18,2105,75,31,57999777.4,1870960.5612903226,Recent Customer,High Frequency,Medium-High Value,80,21.0,52.0,58.25,41.75,Low Churn Risk,Moderately Retained,22.38,102
C0402,Fleet Owner,Rental,South,599112,1,2019-01-25,2024-07-12,2168,173,35,43498305.199999996,1242808.72,At Risk Customer,High Frequency,Low Value,60,45.9,11.4,44.32,55.68,Medium Churn Risk,Moderately Retained,22.38,103
C0085,Retail,Mining,South,18145,4,2019-01-01,2024-09-20,2192,103,37,60463527.2,1634149.3837837838,At Risk Customer,High Frequency,Medium-High Value,60,60.6,59.4,60.0,40.0,Low Churn Risk,Strongly Retained,22.35,104
C0368,Fleet Owner,Construction,South,234723,1,2019-02-17,2024-11-01,2145,61,31,51837532.8,1672178.4774193547,Recent Customer,High Frequency,Medium-Low Value,80,21.0,32.4,53.35,46.65,Low Churn Risk,Moderately Retained,22.35,105
C0423,Dealer,Infrastructure,South,234222,3,2019-02-25,2024-11-09,2137,53,30,46894840.4,1563161.3466666667,Recent Customer,High Frequency,Low Value,80,15.6,18.2,48.45,51.55,Medium Churn Risk,Moderately Retained,22.34,106
C0187,Retail,Rental,North,42105,1,2019-05-02,2024-11-08,2071,54,30,46901016.0,1563367.2,Recent Customer,High Frequency,Low Value,80,15.6,18.4,48.5,51.5,Medium Churn Risk,Moderately Retained,22.32,107
C0418,Government,Mining,West,1185942,4,2019-03-18,2024-11-14,2116,48,30,47167025.6,1572234.1866666668,Recent Customer,High Frequency,Low Value,80,15.6,20.200000000000003,48.95,51.05,Medium Churn Risk,Moderately Retained,22.25,108
C0385,Corporate,Manufacturing,West,406137,2,2019-07-27,2024-09-23,1985,100,37,67435700.6,1822586.5027027025,At Risk Customer,High Frequency,High Value,60,60.6,76.8,64.35,35.65,Low Churn Risk,Strongly Retained,22.22,109
C0473,Government,Rental,South,1339337,3,2019-03-04,2024-11-15,2130,47,26,42018356.8,1616090.646153846,Recent Customer,Medium Frequency,Low Value,80,2.3,9.0,42.82,57.18,Medium Churn Risk,Moderately Retained,22.21,110
C0115,Fleet Owner,Mining,South,666395,5,2019-05-07,2024-11-28,2066,34,29,44357793.6,1529579.0896551725,Recent Customer,Medium Frequency,Low Value,80,11.5,12.4,45.98,54.02,Medium Churn Risk,Moderately Retained,22.15,111
C0451,Government,Manufacturing,East,1083798,3,2019-01-07,2024-07-06,2186,179,37,49725150.4,1343922.9837837839,At Risk Customer,High Frequency,Medium-Low Value,60,60.6,27.200000000000003,51.95,48.05,Low Churn Risk,Moderately Retained,22.08,112
C0450,Fleet Owner,Construction,East,139226,5,2019-01-15,2024-09-12,2178,111,38,55345960.4,1456472.6421052632,At Risk Customer,High Frequency,Medium-Low Value,60,66.10000000000001,41.6,56.92,43.08,Low Churn Risk,Moderately Retained,22.04,113
C0330,Retail,Infrastructure,East,41835,3,2019-02-12,2024-08-10,2150,144,38,54285450.6,1428564.4894736842,At Risk Customer,High Frequency,Medium-Low Value,60,66.10000000000001,38.4,56.13,43.87,Low Churn Risk,Moderately Retained,22.01,114
C0018,Retail,Construction,West,49835,2,2019-06-10,2024-11-14,2032,48,31,49286607.8,1589890.5741935482,Recent Customer,High Frequency,Medium-Low Value,80,21.0,26.0,51.75,48.25,Low Churn Risk,Moderately Retained,21.98,115
C0132,Corporate,Construction,Central,604969,2,2019-02-22,2024-10-01,2140,92,37,49004629.4,1324449.4432432433,At Risk Customer,High Frequency,Medium-Low Value,60,60.6,25.6,51.55,48.45,Low Churn Risk,Moderately Retained,21.94,116
C0122,Dealer,Rental,North East,351917,2,2019-01-12,2024-11-05,2181,57,31,48051119.4,1550036.1096774193,Recent Customer,High Frequency,Low Value,80,21.0,21.6,50.65,49.35,Low Churn Risk,Moderately Retained,21.92,117
C0066,Retail,Manufacturing,Central,37976,1,2019-01-29,2024-10-11,2164,82,32,54037060.800000004,1688658.1500000001,Recent Customer,High Frequency,Medium-Low Value,80,27.1,37.8,56.22,43.78,Low Churn Risk,Moderately Retained,21.86,118
C0364,Government,Infrastructure,East,615436,5,2019-03-14,2024-11-18,2120,44,32,54408370.8,1700261.5875,Recent Customer,High Frequency,Medium-Low Value,80,27.1,39.0,56.52,43.48,Low Churn Risk,Moderately Retained,21.86,119
C0449,Fleet Owner,Logistics,West,359802,3,2019-07-19,2024-11-19,1993,43,32,55700286.8,1740633.9625,Recent Customer,High Frequency,Medium-Low Value,80,27.1,43.2,57.58,42.42,Low Churn Risk,Moderately Retained,21.84,120
C0363,Fleet Owner,Logistics,South,384777,5,2019-05-10,2024-11-07,2063,55,32,53560072.2,1673752.25625,Recent Customer,High Frequency,Medium-Low Value,80,27.1,36.6,55.92,44.08,Low Churn Risk,Moderately Retained,21.82,121
C0073,Corporate,Rental,North,740385,4,2019-03-23,2024-11-12,2111,50,32,56970903.6,1780340.7375,Recent Customer,High Frequency,Medium-Low Value,80,27.1,47.199999999999996,58.58,41.42,Low Churn Risk,Moderately Retained,21.81,122
C0305,Fleet Owner,Logistics,North,702965,3,2019-05-16,2024-11-27,2057,35,31,48238808.800000004,1556090.6064516131,Recent Customer,High Frequency,Low Value,80,21.0,23.400000000000002,51.1,48.9,Low Churn Risk,Moderately Retained,21.8,123
C0336,Government,Rental,East,1317175,5,2019-04-29,2024-09-26,2074,97,33,39095696.4,1184718.0727272728,At Risk Customer,High Frequency,Low Value,60,33.5,5.6000000000000005,39.78,60.22,Medium Churn Risk,Weakly Retained,21.76,124
C0441,Dealer,Construction,North,261833,2,2019-01-17,2024-10-19,2176,74,31,47045233.8,1517588.187096774,Recent Customer,High Frequency,Low Value,80,21.0,19.2,50.05,49.95,Low Churn Risk,Moderately Retained,21.72,125
C0277,Dealer,Logistics,West,430878,1,2019-05-28,2024-09-14,2045,109,36,43668914.6,1213025.4055555556,At Risk Customer,High Frequency,Low Value,60,53.300000000000004,11.600000000000001,46.22,53.78,Medium Churn Risk,Moderately Retained,21.71,126
C0079,Retail,Rental,North,28890,5,2019-01-25,2024-11-28,2168,34,31,47175266.2,1521782.7806451614,Recent Customer,High Frequency,Low Value,80,21.0,20.4,50.35,49.65,Low Churn Risk,Moderately Retained,21.65,127
C0064,Corporate,Manufacturing,North,577111,3,2019-03-21,2024-10-18,2113,75,32,57893888.0,1809184.0,Recent Customer,High Frequency,Medium-High Value,80,27.1,51.4,59.62,40.38,Low Churn Risk,Moderately Retained,21.61,128
C0231,Government,Infrastructure,West,903218,4,2019-02-21,2024-11-08,2141,54,32,51646725.4,1613960.16875,Recent Customer,High Frequency,Medium-Low Value,80,27.1,32.0,54.78,45.22,Low Churn Risk,Moderately Retained,21.58,129
C0235,Fleet Owner,Mining,East,417861,5,2019-05-08,2024-09-10,2065,113,38,60478356.4,1591535.694736842,At Risk Customer,High Frequency,Medium-High Value,60,66.10000000000001,59.599999999999994,61.42,38.58,Low Churn Risk,Strongly Retained,21.56,130
C0464,Corporate,Infrastructure,North,703261,1,2019-01-18,2024-09-13,2175,110,38,67405736.8,1773835.1789473684,At Risk Customer,High Frequency,High Value,60,66.10000000000001,76.6,65.68,34.32,Low Churn Risk,Strongly Retained,21.38,131
C0025,Corporate,Infrastructure,West,738335,2,2019-01-29,2024-08-18,2164,136,38,70349653.0,1851306.6578947369,At Risk Customer,High Frequency,High Value,60,66.10000000000001,82.8,67.23,32.77,Low Churn Risk,Strongly Retained,21.31,132
C0373,Corporate,Manufacturing,South,502349,3,2019-04-03,2024-09-02,2100,121,38,69753317.8,1835613.6263157893,At Risk Customer,High Frequency,High Value,60,66.10000000000001,82.0,67.03,32.97,Low Churn Risk,Strongly Retained,21.25,133
C0100,Government,Construction,North,504876,3,2019-01-25,2024-09-10,2168,113,38,48373950.0,1272998.6842105263,At Risk Customer,High Frequency,Low Value,60,66.10000000000001,24.0,52.53,47.47,Low Churn Risk,Moderately Retained,21.22,134
C0386,Retail,Construction,North,31717,4,2019-04-23,2024-11-04,2080,58,32,48819152.6,1525598.51875,Recent Customer,High Frequency,Low Value,80,27.1,24.8,52.98,47.02,Low Churn Risk,Moderately Retained,21.22,135
C0268,Government,Mining,West,1168032,3,2019-01-21,2024-10-07,2172,86,32,63709103.6,1990909.4875,Recent Customer,High Frequency,Medium-High Value,80,27.1,69.0,64.03,35.97,Low Churn Risk,Strongly Retained,21.18,136
C0390,Fleet Owner,Construction,North,220350,3,2019-03-23,2024-11-09,2111,53,32,64132451.0,2004139.09375,Recent Customer,High Frequency,Medium-High Value,80,27.1,70.0,64.28,35.72,Low Churn Risk,Strongly Retained,21.17,137
C0406,Dealer,Logistics,West,229106,3,2019-02-25,2024-10-11,2137,82,32,64818334.4,2025572.95,Recent Customer,High Frequency,Medium-High Value,80,27.1,71.6,64.68,35.32,Low Churn Risk,Strongly Retained,21.16,138
C0460,Dealer,Logistics,South,143749,1,2019-04-06,2024-11-25,2097,37,32,64634814.4,2019837.95,Recent Customer,High Frequency,Medium-High Value,80,27.1,71.2,64.58,35.42,Low Churn Risk,Strongly Retained,21.16,139
C0494,Corporate,Construction,East,704926,2,2019-02-25,2024-11-28,2137,34,32,48287535.6,1508985.4875,Recent Customer,High Frequency,Low Value,80,27.1,23.599999999999998,52.68,47.32,Low Churn Risk,Moderately Retained,21.12,140
C0245,Dealer,Logistics,South,204820,2,2019-01-01,2024-11-30,2192,32,33,56554752.6,1713780.3818181818,Recent Customer,High Frequency,Medium-Low Value,80,33.5,45.0,59.62,40.38,Low Churn Risk,Moderately Retained,21.11,141
C0457,Retail,Manufacturing,East,16374,4,2019-01-13,2024-11-15,2180,47,33,56578805.4,1714509.2545454544,Recent Customer,High Frequency,Medium-Low Value,80,33.5,45.2,59.68,40.32,Low Churn Risk,Moderately Retained,21.08,142
C0434,Corporate,Mining,Central,437713,4,2019-01-05,2024-10-26,2188,67,33,54575670.2,1653808.187878788,Recent Customer,High Frequency,Medium-Low Value,80,33.5,39.4,58.22,41.78,Low Churn Risk,Moderately Retained,21.07,143
C0163,Dealer,Logistics,West,492794,5,2019-06-02,2024-08-05,2040,149,38,46377823.0,1220469.0263157894,At Risk Customer,High Frequency,Low Value,60,66.10000000000001,17.4,50.88,49.12,Low Churn Risk,Moderately Retained,21.05,144
C0334,Corporate,Mining,South,681229,5,2019-01-03,2024-08-24,2190,130,33,37526956.6,1137180.5030303032,At Risk Customer,High Frequency,Low Value,60,33.5,3.8,39.33,60.67,Medium Churn Risk,Weakly Retained,21.04,145
C0349,Corporate,Rental,West,505172,1,2019-01-31,2024-10-19,2162,74,33,56613876.0,1715572.0,Recent Customer,High Frequency,Medium-Low Value,80,33.5,45.6,59.78,40.22,Low Churn Risk,Moderately Retained,21.04,146
C0442,Dealer,Logistics,East,440207,3,2019-01-28,2024-10-20,2165,73,33,53527848.6,1622056.0181818183,Recent Customer,High Frequency,Medium-Low Value,80,33.5,36.4,57.48,42.52,Low Churn Risk,Moderately Retained,21.04,147
C0223,Corporate,Logistics,West,681810,1,2019-03-01,2024-10-15,2133,78,33,54079206.6,1638763.8363636364,Recent Customer,High Frequency,Medium-Low Value,80,33.5,38.2,57.92,42.08,Low Churn Risk,Moderately Retained,21.03,148
C0151,Government,Infrastructure,East,1163117,5,2019-03-03,2024-11-28,2131,34,27,39556960.6,1465072.6148148149,Recent Customer,Medium Frequency,Low Value,80,5.1,6.2,42.82,57.18,Medium Churn Risk,Moderately Retained,20.9,149
C0365,Government,Manufacturing,East,617154,1,2019-01-04,2024-09-15,2189,108,39,60336743.2,1547095.9794871795,At Risk Customer,High Frequency,Medium-High Value,60,71.7,58.599999999999994,62.58,37.42,Low Churn Risk,Strongly Retained,20.87,150
C0061,Dealer,Construction,West,362037,4,2019-01-29,2024-09-08,2164,115,29,33890240.0,1168628.9655172413,At Risk Customer,Medium Frequency,Low Value,60,11.5,2.1999999999999997,33.42,66.58,Medium Churn Risk,Weakly Retained,20.85,151
C0205,Retail,Construction,North,45755,2,2019-02-07,2024-11-15,2155,47,33,51965845.0,1574722.5757575757,Recent Customer,High Frequency,Medium-Low Value,80,33.5,32.800000000000004,56.58,43.42,Low Churn Risk,Moderately Retained,20.85,152
C0338,Corporate,Rental,West,849500,4,2019-02-01,2024-11-23,2161,39,33,52210070.0,1582123.3333333333,Recent Customer,High Frequency,Medium-Low Value,80,33.5,33.800000000000004,56.82,43.18,Low Churn Risk,Moderately Retained,20.84,153
C0150,Fleet Owner,Manufacturing,West,197605,5,2019-07-12,2024-11-09,2000,53,30,41608958.8,1386965.2933333332,Recent Customer,High Frequency,Low Value,80,15.6,8.4,46.0,54.0,Medium Churn Risk,Moderately Retained,20.77,154
C0075,Retail,Mining,South,27094,5,2019-04-17,2024-10-20,2086,73,33,50186853.4,1520813.7393939393,Recent Customer,High Frequency,Medium-Low Value,80,33.5,27.800000000000004,55.32,44.68,Low Churn Risk,Moderately Retained,20.72,155
C0239,Government,Logistics,South,1361502,4,2019-10-11,2024-10-27,1909,66,32,44962159.0,1405067.46875,Recent Customer,High Frequency,Low Value,80,27.1,14.2,50.32,49.68,Low Churn Risk,Moderately Retained,20.64,156
C0438,Corporate,Rental,East,482026,2,2019-06-17,2024-09-01,2025,122,39,61720027.0,1582564.7948717948,At Risk Customer,High Frequency,Medium-High Value,60,71.7,63.800000000000004,63.88,36.12,Low Churn Risk,Strongly Retained,20.6,157
C0084,Corporate,Logistics,West,522422,3,2019-04-29,2024-09-22,2074,101,39,73317161.4,1879927.2153846156,At Risk Customer,High Frequency,High Value,60,71.7,87.0,69.68,30.32,Low Churn Risk,Strongly Retained,20.54,158
C0271,Corporate,Infrastructure,South,399363,5,2019-06-05,2024-11-26,2037,36,24,37757473.800000004,1573228.0750000002,Recent Customer,Medium Frequency,Low Value,80,0.7000000000000001,4.2,41.22,58.78,Medium Churn Risk,Moderately Retained,20.51,159
C0199,Government,Mining,West,666213,3,2019-01-19,2024-10-21,2174,72,33,48930073.4,1482729.4969696968,Recent Customer,High Frequency,Medium-Low Value,80,33.5,25.2,54.68,45.32,Low Churn Risk,Moderately Retained,20.49,160
C0384,Retail,Construction,South,30122,3,2019-02-05,2024-09-09,2157,114,39,72157498.2,1850192.2615384615,At Risk Customer,High Frequency,High Value,60,71.7,85.39999999999999,69.27,30.73,Low Churn Risk,Strongly Retained,20.49,161
C0298,Fleet Owner,Construction,South,229813,4,2019-01-05,2024-11-20,2188,42,33,46771231.0,1417310.0303030303,Recent Customer,High Frequency,Low Value,80,33.5,18.0,52.88,47.12,Low Churn Risk,Moderately Retained,20.37,162
C0391,Government,Construction,West,624393,3,2019-01-14,2024-11-30,2179,32,33,47080496.4,1426681.709090909,Recent Customer,High Frequency,Low Value,80,33.5,19.400000000000002,53.22,46.78,Low Churn Risk,Moderately Retained,20.36,163
C0479,Retail,Construction,West,41285,1,2019-02-22,2024-10-08,2140,85,26,37716131.0,1450620.423076923,Recent Customer,Medium Frequency,Low Value,80,2.3,4.0,41.58,58.42,Medium Churn Risk,Moderately Retained,20.36,164
C0112,Fleet Owner,Mining,South,389833,2,2019-02-27,2024-12-01,2135,31,33,46248326.6,1401464.4424242424,Recent Customer,High Frequency,Low Value,80,33.5,16.8,52.58,47.42,Low Churn Risk,Moderately Retained,20.27,165
C0352,Corporate,Mining,South,729658,1,2019-02-23,2024-11-11,2139,51,30,40262666.2,1342088.8733333335,Recent Customer,High Frequency,Low Value,80,15.6,7.199999999999999,45.7,54.3,Medium Churn Risk,Moderately Retained,20.21,166
C0001,Retail,Construction,East,45896,4,2019-01-26,2024-11-15,2167,47,34,55019747.4,1618227.8647058823,Recent Customer,High Frequency,Medium-Low Value,80,39.900000000000006,41.199999999999996,60.28,39.72,Low Churn Risk,Strongly Retained,20.2,167
C0472,Dealer,Manufacturing,South,475653,4,2019-04-29,2024-11-23,2074,39,34,54888819.4,1614377.0411764705,Recent Customer,High Frequency,Medium-Low Value,80,39.900000000000006,41.0,60.22,39.78,Low Churn Risk,Strongly Retained,20.18,168
C0415,Government,Infrastructure,North East,870771,1,2019-03-21,2024-10-11,2113,82,33,68592455.6,2078559.2606060605,Recent Customer,High Frequency,High Value,80,33.5,79.4,68.22,31.78,Low Churn Risk,Strongly Retained,20.15,169
C0486,Government,Manufacturing,West,670285,2,2019-01-01,2024-10-07,2192,86,34,52620254.4,1547654.5411764705,Recent Customer,High Frequency,Medium-Low Value,80,39.900000000000006,34.4,58.58,41.42,Low Churn Risk,Moderately Retained,20.14,170
C0446,Retail,Logistics,South,25401,1,2019-02-03,2024-10-16,2159,77,34,52035543.6,1530457.1647058823,Recent Customer,High Frequency,Medium-Low Value,80,39.900000000000006,33.4,58.32,41.68,Low Churn Risk,Moderately Retained,20.04,171
C0120,Fleet Owner,Construction,South,416429,5,2019-01-02,2024-11-15,2191,47,34,50313583.0,1479811.2647058824,Recent Customer,High Frequency,Medium-Low Value,80,39.900000000000006,28.4,57.08,42.92,Low Churn Risk,Moderately Retained,19.96,172
C0034,Government,Construction,West,1033298,5,2019-01-05,2024-10-06,2188,87,32,42477752.2,1327429.75625,Recent Customer,High Frequency,Low Value,80,27.1,9.6,49.18,50.82,Medium Churn Risk,Moderately Retained,19.95,173
C0072,Government,Logistics,West,1196826,3,2019-06-15,2024-12-23,2027,9,26,55369763.0,2129606.269230769,Very Recent Customer,Medium Frequency,Medium-Low Value,100,2.3,42.0,61.08,38.92,Low Churn Risk,Strongly Retained,19.92,174
C0348,Retail,Logistics,North,32723,2,2019-04-15,2024-10-24,2088,69,34,50897650.4,1496989.717647059,Recent Customer,High Frequency,Medium-Low Value,80,39.900000000000006,31.0,57.72,42.28,Low Churn Risk,Moderately Retained,19.89,175
C0227,Fleet Owner,Infrastructure,East,282190,1,2019-02-13,2024-10-24,2149,69,34,57926647.6,1703724.9294117647,Recent Customer,High Frequency,Medium-High Value,80,39.900000000000006,51.6,62.88,37.12,Low Churn Risk,Strongly Retained,19.87,176
C0044,Government,Mining,West,888707,4,2019-01-05,2024-11-17,2188,45,34,49589458.0,1458513.4705882352,Recent Customer,High Frequency,Medium-Low Value,80,39.900000000000006,26.8,56.68,43.32,Low Churn Risk,Moderately Retained,19.85,177
C0028,Retail,Infrastructure,South,45173,3,2019-01-22,2024-11-13,2171,49,29,38208624.0,1317538.7586206896,Recent Customer,Medium Frequency,Low Value,80,11.5,4.6,44.02,55.98,Medium Churn Risk,Moderately Retained,19.77,178
C0103,Dealer,Infrastructure,South,167168,4,2019-02-21,2024-08-29,2141,125,40,75304293.2,1882607.33,At Risk Customer,Very High Frequency,High Value,60,76.4,90.0,71.6,28.4,Very Low Churn Risk,Strongly Retained,19.77,179
C0192,Fleet Owner,Logistics,East,476705,2,2019-01-19,2024-08-29,2174,125,40,69269688.4,1731742.2100000002,At Risk Customer,Very High Frequency,High Value,60,76.4,80.2,69.15,30.85,Low Churn Risk,Strongly Retained,19.75,180
C0006,Government,Construction,West,514827,3,2019-06-05,2024-09-02,2037,121,40,65482805.4,1637070.135,At Risk Customer,Very High Frequency,Medium-High Value,60,76.4,73.2,67.4,32.6,Low Churn Risk,Strongly Retained,19.73,181
C0480,Government,Infrastructure,West,635943,3,2019-01-24,2024-11-24,2169,38,34,48525468.6,1427219.6647058823,Recent Customer,High Frequency,Low Value,80,39.900000000000006,24.4,56.08,43.92,Low Churn Risk,Moderately Retained,19.7,182
C0121,Government,Construction,West,690836,2,2019-01-22,2024-12-01,2171,31,34,47029566.199999996,1383222.5352941174,Recent Customer,High Frequency,Low Value,80,39.900000000000006,19.0,54.72,45.28,Low Churn Risk,Moderately Retained,19.68,183
C0050,Dealer,Mining,East,442160,3,2019-01-11,2024-12-14,2182,18,27,56151044.8,2079668.3259259257,Very Recent Customer,Medium Frequency,Medium-Low Value,100,5.1,43.8,62.22,37.78,Low Churn Risk,Strongly Retained,19.61,184
C0387,Dealer,Infrastructure,East,111501,4,2019-01-02,2024-10-26,2191,67,34,47133318.0,1386274.0588235294,Recent Customer,High Frequency,Low Value,80,39.900000000000006,20.0,54.98,45.02,Low Churn Risk,Moderately Retained,19.61,185
C0350,Dealer,Logistics,North East,386127,2,2019-05-03,2024-11-25,2070,37,32,41227777.0,1288368.03125,Recent Customer,High Frequency,Low Value,80,27.1,7.8,48.72,51.28,Medium Churn Risk,Moderately Retained,19.54,186
C0015,Government,Rental,West,790010,2,2019-02-18,2024-11-16,2144,46,34,61028370.8,1794952.0823529412,Recent Customer,High Frequency,Medium-High Value,80,39.900000000000006,61.6,65.38,34.62,Low Churn Risk,Strongly Retained,19.53,187
C0203,Government,Manufacturing,West,1101577,1,2019-02-25,2024-11-19,2137,43,35,53777085.6,1536488.1600000001,Recent Customer,High Frequency,Medium-Low Value,80,45.9,37.2,60.78,39.22,Low Churn Risk,Strongly Retained,19.49,188
C0097,Corporate,Construction,West,351063,5,2019-03-22,2024-12-16,2112,16,26,47499351.2,1826898.1230769232,Very Recent Customer,Medium Frequency,Low Value,100,2.3,20.599999999999998,55.72,44.28,Low Churn Risk,Moderately Retained,19.44,189
C0382,Retail,Manufacturing,South,41306,3,2019-04-17,2024-11-19,2086,43,33,42929317.0,1300888.393939394,Recent Customer,High Frequency,Low Value,80,33.5,10.6,51.02,48.98,Low Churn Risk,Moderately Retained,19.43,190
C0139,Government,Mining,West,825908,2,2019-03-13,2024-10-31,2121,62,29,37337910.0,1287514.1379310344,Recent Customer,Medium Frequency,Low Value,80,11.5,3.5999999999999996,43.78,56.22,Medium Churn Risk,Moderately Retained,19.4,191
C0252,Retail,Construction,South,19663,2,2019-08-03,2024-10-07,1978,86,34,45321304.6,1332979.5470588235,Recent Customer,High Frequency,Low Value,80,39.900000000000006,15.0,53.72,46.28,Low Churn Risk,Moderately Retained,19.39,192
C0400,Government,Infrastructure,North,1018688,5,2019-04-06,2024-10-23,2097,70,35,51694363.6,1476981.8171428572,Recent Customer,High Frequency,Medium-Low Value,80,45.9,32.2,59.53,40.47,Low Churn Risk,Moderately Retained,19.34,193
C0289,Corporate,Logistics,South,600072,2,2019-02-07,2024-10-29,2155,64,35,50221149.2,1434889.9771428572,Recent Customer,High Frequency,Medium-Low Value,80,45.9,28.000000000000004,58.48,41.52,Low Churn Risk,Moderately Retained,19.27,194
C0102,Government,Infrastructure,East,1221840,4,2019-03-11,2024-10-24,2123,69,34,71864051.2,2113648.564705882,Recent Customer,High Frequency,High Value,80,39.900000000000006,84.6,71.12,28.88,Very Low Churn Risk,Strongly Retained,19.18,195
C0378,Retail,Manufacturing,North,45130,4,2019-01-19,2024-11-16,2174,46,35,50644577.199999996,1446987.92,Recent Customer,High Frequency,Medium-Low Value,80,45.9,30.2,59.02,40.98,Low Churn Risk,Moderately Retained,19.18,196
C0279,Dealer,Rental,West,105022,4,2019-05-12,2024-11-12,2061,50,26,35292218.0,1357393.0,Recent Customer,Medium Frequency,Low Value,80,2.3,2.6,41.22,58.78,Medium Churn Risk,Moderately Retained,19.17,197
C0009,Corporate,Rental,West,273316,4,2019-04-14,2024-11-04,2089,58,34,68836324.8,2024597.788235294,Recent Customer,High Frequency,High Value,80,39.900000000000006,79.60000000000001,69.88,30.12,Low Churn Risk,Strongly Retained,19.16,198
C0311,Government,Infrastructure,North,1148922,4,2019-02-03,2024-09-17,2159,106,41,69331648.2,1691015.8097560976,At Risk Customer,Very High Frequency,High Value,60,80.0,80.4,70.1,29.9,Very Low Churn Risk,Strongly Retained,19.16,199
C0454,Government,Mining,West,797861,3,2019-02-08,2024-11-14,2154,48,33,41820500.6,1267287.896969697,Recent Customer,High Frequency,Low Value,80,33.5,8.6,50.52,49.48,Low Churn Risk,Moderately Retained,19.12,200
C0445,Government,Mining,East,1283660,2,2019-04-04,2024-12-28,2099,4,28,57177744.4,2042062.3,Very Recent Customer,Medium Frequency,Medium-Low Value,100,8.4,47.599999999999994,64.0,36.0,Low Churn Risk,Strongly Retained,19.02,201
C0176,Dealer,Logistics,South,397313,2,2019-01-14,2024-08-07,2179,147,42,66901722.800000004,1592898.161904762,At Risk Customer,Very High Frequency,High Value,60,83.1,75.4,69.62,30.38,Low Churn Risk,Strongly Retained,18.78,202
C0500,Corporate,Infrastructure,East,483892,3,2019-01-06,2024-12-07,2187,25,27,44474866.6,1647217.2814814816,Very Recent Customer,Medium Frequency,Low Value,100,5.1,12.8,54.48,45.52,Low Churn Risk,Moderately Retained,18.71,203
C0095,Fleet Owner,Logistics,West,207876,3,2019-05-21,2024-12-26,2052,6,29,55610118.2,1917590.2827586208,Very Recent Customer,Medium Frequency,Medium-Low Value,100,11.5,43.0,63.62,36.38,Low Churn Risk,Strongly Retained,18.7,204
C0189,Government,Manufacturing,South,1168432,4,2019-03-03,2024-11-11,2131,51,35,61121980.8,1746342.3085714285,Recent Customer,High Frequency,Medium-High Value,80,45.9,61.8,66.92,33.08,Low Churn Risk,Strongly Retained,18.69,205
C0332,Corporate,Mining,South,545215,1,2019-01-19,2024-11-11,2174,51,35,44566684.4,1273333.8399999999,Recent Customer,High Frequency,Low Value,80,45.9,13.200000000000001,54.78,45.22,Low Churn Risk,Moderately Retained,18.63,206
C0263,Government,Rental,South,907695,3,2019-03-06,2024-11-01,2128,61,35,61677496.4,1762214.1828571428,Recent Customer,High Frequency,Medium-High Value,80,45.9,63.6,67.38,32.62,Low Churn Risk,Strongly Retained,18.59,207
C0492,Dealer,Rental,East,442676,1,2019-02-04,2024-11-05,2158,57,35,61798115.2,1765660.4342857143,Recent Customer,High Frequency,Medium-High Value,80,45.9,64.0,67.47,32.53,Low Churn Risk,Strongly Retained,18.58,208
C0224,Retail,Manufacturing,East,11280,3,2019-01-30,2024-10-31,2163,62,36,54050072.4,1501390.9,Recent Customer,High Frequency,Medium-Low Value,80,53.300000000000004,38.0,62.82,37.18,Low Churn Risk,Strongly Retained,18.57,209
C0397,Fleet Owner,Mining,West,685521,3,2019-02-11,2024-11-22,2151,40,36,56279511.4,1563319.7611111111,Recent Customer,High Frequency,Medium-Low Value,80,53.300000000000004,44.0,64.32,35.68,Low Churn Risk,Strongly Retained,18.56,210
C0287,Dealer,Manufacturing,South,208477,4,2019-03-22,2024-11-27,2112,35,36,55179366.6,1532760.1833333333,Recent Customer,High Frequency,Medium-Low Value,80,53.300000000000004,41.4,63.68,36.32,Low Churn Risk,Strongly Retained,18.52,211
C0024,Dealer,Rental,South,266822,4,2019-01-22,2024-09-17,2171,106,44,60658309.2,1378597.9363636365,At Risk Customer,Very High Frequency,Medium-High Value,60,88.0,60.199999999999996,67.05,32.95,Low Churn Risk,Strongly Retained,18.47,212
C0455,Retail,Logistics,Central,12300,1,2019-04-27,2024-11-27,2076,35,35,63287015.4,1808200.44,Recent Customer,High Frequency,Medium-High Value,80,45.9,67.80000000000001,68.43,31.57,Low Churn Risk,Strongly Retained,18.47,213
C0461,Corporate,Infrastructure,North,965128,5,2019-02-27,2024-10-31,2135,62,36,56714684.2,1575407.8944444444,Recent Customer,High Frequency,Medium-Low Value,80,53.300000000000004,46.0,64.82,35.18,Low Churn Risk,Strongly Retained,18.44,214
C0221,Dealer,Logistics,North,244567,5,2019-01-17,2024-09-05,2176,118,44,82001959.0,1863680.8863636365,At Risk Customer,Very High Frequency,High Value,60,88.0,94.8,75.7,24.3,Very Low Churn Risk,Highly Retained,18.42,215
C0428,Retail,Construction,North,39509,4,2019-01-25,2024-08-26,2168,128,43,66337820.6,1542740.0139534883,At Risk Customer,Very High Frequency,Medium-High Value,60,85.39999999999999,74.8,70.05,29.95,Very Low Churn Risk,Strongly Retained,18.36,216
C0246,Retail,Manufacturing,North,31917,2,2019-01-26,2024-11-02,2167,60,35,77080113.6,2202288.96,Recent Customer,High Frequency,High Value,80,45.9,91.4,74.32,25.68,Very Low Churn Risk,Strongly Retained,18.29,217
C0021,Corporate,Mining,South,856624,5,2019-01-16,2024-10-01,2177,92,45,59956738.4,1332371.9644444445,At Risk Customer,Very High Frequency,Medium-High Value,60,91.0,57.199999999999996,67.05,32.95,Low Churn Risk,Strongly Retained,18.26,218
C0477,Government,Construction,West,831717,5,2019-06-12,2024-10-13,2030,80,36,57746038.6,1604056.6277777778,Recent Customer,High Frequency,Medium-Low Value,80,53.300000000000004,50.0,65.82,34.18,Low Churn Risk,Strongly Retained,18.24,219
C0007,Corporate,Manufacturing,West,859003,4,2019-05-08,2024-11-03,2065,59,31,36509378.2,1177721.8774193549,Recent Customer,High Frequency,Low Value,80,21.0,3.0,46.0,54.0,Medium Churn Risk,Moderately Retained,18.22,220
C0038,Fleet Owner,Rental,North,348040,1,2019-01-08,2024-11-29,2185,33,36,57808311.2,1605786.4222222222,Recent Customer,High Frequency,Medium-High Value,80,53.300000000000004,50.4,65.92,34.08,Low Churn Risk,Strongly Retained,18.21,221
C0093,Dealer,Manufacturing,South,447924,2,2019-02-13,2024-12-01,2149,31,36,57944235.8,1609562.1055555556,Recent Customer,High Frequency,Medium-High Value,80,53.300000000000004,51.800000000000004,66.28,33.72,Low Churn Risk,Strongly Retained,18.06,222
C0164,Government,Construction,North,1454565,4,2019-01-11,2024-11-13,2182,49,36,45625652.8,1267379.2444444443,Recent Customer,High Frequency,Low Value,80,53.300000000000004,15.6,57.22,42.78,Low Churn Risk,Moderately Retained,18.04,223
C0033,Government,Mining,South,655166,5,2019-03-05,2024-12-12,2129,20,30,49354094.2,1645136.4733333334,Very Recent Customer,High Frequency,Medium-Low Value,100,15.6,26.400000000000002,60.5,39.5,Low Churn Risk,Strongly Retained,18.02,224
C0037,Corporate,Construction,West,330103,1,2019-06-12,2024-10-25,2030,68,36,45505928.0,1264053.5555555555,Recent Customer,High Frequency,Low Value,80,53.300000000000004,15.4,57.18,42.82,Low Churn Risk,Moderately Retained,18.01,225
C0401,Government,Logistics,North East,1066548,1,2019-01-11,2024-10-25,2182,68,36,58231157.8,1617532.161111111,Recent Customer,High Frequency,Medium-High Value,80,53.300000000000004,52.800000000000004,66.53,33.47,Low Churn Risk,Strongly Retained,18.01,226
C0208,Fleet Owner,Logistics,North,737567,4,2019-01-20,2024-12-30,2173,2,30,46904115.8,1563470.5266666666,Very Recent Customer,High Frequency,Low Value,100,15.6,18.6,58.55,41.45,Low Churn Risk,Moderately Retained,17.97,227
C0014,Fleet Owner,Construction,East,611397,2,2019-03-05,2024-12-21,2129,11,27,41523847.6,1537920.2814814816,Very Recent Customer,Medium Frequency,Low Value,100,5.1,8.0,53.28,46.72,Low Churn Risk,Moderately Retained,17.93,228
C0051,Retail,Infrastructure,North,40307,4,2019-02-15,2024-11-15,2147,47,36,59420710.4,1650575.288888889,Recent Customer,High Frequency,Medium-High Value,80,53.300000000000004,56.2,67.38,32.62,Low Churn Risk,Strongly Retained,17.91,229
C0437,Dealer,Mining,West,235226,3,2019-02-09,2024-12-21,2153,11,30,46199550.2,1539985.0066666668,Very Recent Customer,High Frequency,Low Value,100,15.6,16.6,58.05,41.95,Low Churn Risk,Moderately Retained,17.91,230
C0175,Fleet Owner,Rental,East,222980,5,2019-01-24,2024-11-01,2169,61,36,59434888.8,1650969.1333333333,Recent Customer,High Frequency,Medium-High Value,80,53.300000000000004,56.39999999999999,67.42,32.58,Low Churn Risk,Strongly Retained,17.9,231
C0408,Government,Infrastructure,South,1461198,4,2019-07-06,2024-11-02,2006,60,36,60127186.2,1670199.6166666667,Recent Customer,High Frequency,Medium-High Value,80,53.300000000000004,57.8,67.78,32.22,Low Churn Risk,Strongly Retained,17.9,232
C0218,Fleet Owner,Construction,West,635931,5,2019-02-02,2024-10-16,2160,77,36,44324901.0,1231247.25,Recent Customer,High Frequency,Low Value,80,53.300000000000004,12.2,56.38,43.62,Low Churn Risk,Moderately Retained,17.87,233
C0243,Government,Construction,North,1271592,3,2019-11-20,2024-12-10,1869,22,28,42431751.6,1515419.7,Very Recent Customer,Medium Frequency,Low Value,100,8.4,9.4,54.45,45.55,Low Churn Risk,Moderately Retained,17.86,234
C0012,Fleet Owner,Logistics,South,785687,1,2019-01-28,2024-10-10,2165,83,37,53404468.4,1443364.0108108108,Recent Customer,High Frequency,Medium-Low Value,80,60.6,35.6,64.05,35.95,Low Churn Risk,Strongly Retained,17.74,235
C0248,Fleet Owner,Rental,West,635210,5,2019-01-10,2024-12-04,2183,28,30,45208412.0,1506947.0666666667,Very Recent Customer,High Frequency,Low Value,100,15.6,14.6,57.55,42.45,Low Churn Risk,Moderately Retained,17.74,236
C0362,Corporate,Rental,West,814512,1,2019-02-26,2024-10-11,2136,82,37,53495189.2,1445815.9243243244,Recent Customer,High Frequency,Medium-Low Value,80,60.6,36.0,64.15,35.85,Low Churn Risk,Strongly Retained,17.72,237
C0056,Dealer,Mining,North,209877,4,2019-01-08,2024-11-10,2185,52,36,60885469.8,1691263.0499999998,Recent Customer,High Frequency,Medium-High Value,80,53.300000000000004,61.199999999999996,68.62,31.38,Low Churn Risk,Strongly Retained,17.66,238
C0254,Dealer,Mining,West,194781,5,2019-07-01,2024-09-25,2011,98,48,89556446.6,1865759.3041666665,At Risk Customer,Very High Frequency,High Value,60,96.8,98.0,78.7,21.3,Very Low Churn Risk,Highly Retained,17.63,239
C0147,Dealer,Rental,North,363902,5,2019-07-21,2024-12-22,1991,10,30,44007572.2,1466919.0733333335,Very Recent Customer,High Frequency,Low Value,100,15.6,12.0,56.9,43.1,Low Churn Risk,Moderately Retained,17.53,240
C0318,Corporate,Logistics,North,973000,3,2019-01-08,2024-10-17,2185,76,36,62202116.0,1727836.5555555555,Recent Customer,High Frequency,Medium-High Value,80,53.300000000000004,64.8,69.53,30.47,Low Churn Risk,Strongly Retained,17.52,241
C0067,Retail,Manufacturing,West,34526,3,2019-05-29,2024-12-30,2044,2,31,55575120.6,1792745.8258064517,Very Recent Customer,High Frequency,Medium-Low Value,100,21.0,42.8,65.95,34.05,Low Churn Risk,Strongly Retained,17.49,242
C0303,Corporate,Mining,West,323564,3,2019-04-05,2024-12-01,2098,31,27,32465859.599999998,1202439.2444444443,Recent Customer,Medium Frequency,Low Value,80,5.1,2.0,41.78,58.22,Medium Churn Risk,Moderately Retained,17.47,243
C0167,Retail,Mining,West,34602,4,2019-01-03,2024-12-28,2190,4,31,50383279.4,1625267.0774193548,Very Recent Customer,High Frequency,Medium-Low Value,100,21.0,28.999999999999996,62.5,37.5,Low Churn Risk,Strongly Retained,17.46,244
C0432,Fleet Owner,Mining,South,378549,3,2019-01-26,2024-10-04,2167,89,37,49310040.800000004,1332703.8054054056,Recent Customer,High Frequency,Medium-Low Value,80,60.6,26.200000000000003,61.7,38.3,Low Churn Risk,Strongly Retained,17.45,245
C0191,Corporate,Manufacturing,South,615994,2,2019-02-03,2024-12-12,2159,20,29,65787839.8,2268546.1999999997,Very Recent Customer,Medium Frequency,Medium-High Value,100,11.5,73.8,71.32,28.68,Very Low Churn Risk,Strongly Retained,17.44,246
C0322,Government,Construction,West,975830,2,2019-04-10,2024-12-10,2093,22,28,40996678.0,1464167.0714285714,Very Recent Customer,Medium Frequency,Low Value,100,8.4,7.6,54.0,46.0,Low Churn Risk,Moderately Retained,17.43,247
C0214,Corporate,Rental,West,583212,4,2019-01-12,2024-12-26,2181,6,31,50612095.0,1632648.2258064516,Very Recent Customer,High Frequency,Medium-Low Value,100,21.0,30.0,62.75,37.25,Low Churn Risk,Strongly Retained,17.42,248
C0036,Fleet Owner,Construction,East,630421,2,2019-06-26,2024-12-18,2016,14,31,48929201.8,1578361.3483870968,Very Recent Customer,High Frequency,Low Value,100,21.0,25.0,61.5,38.5,Low Churn Risk,Strongly Retained,17.41,249
C0195,Fleet Owner,Logistics,East,389773,2,2019-02-15,2024-12-28,2147,4,31,56797913.6,1832190.7612903225,Very Recent Customer,High Frequency,Medium-Low Value,100,21.0,46.400000000000006,66.85,33.15,Low Churn Risk,Strongly Retained,17.4,250
C0089,Corporate,Rental,West,930006,4,2019-01-02,2024-11-14,2191,48,37,47111014.0,1273270.6486486488,Recent Customer,High Frequency,Low Value,80,60.6,19.8,60.1,39.9,Low Churn Risk,Strongly Retained,17.37,251
C0416,Dealer,Manufacturing,South,498960,2,2019-01-05,2024-10-20,2188,73,37,46006682.0,1243423.8378378379,Recent Customer,High Frequency,Low Value,80,60.6,16.2,59.2,40.8,Low Churn Risk,Moderately Retained,17.35,252
C0172,Dealer,Manufacturing,South,425290,1,2019-08-18,2024-11-27,1963,35,37,57323600.2,1549286.491891892,Recent Customer,High Frequency,Medium-Low Value,80,60.6,48.6,67.3,32.7,Low Churn Risk,Strongly Retained,17.32,253
C0136,Dealer,Mining,West,425042,3,2019-03-23,2024-11-13,2111,49,37,45774176.2,1237139.8972972974,Recent Customer,High Frequency,Low Value,80,60.6,15.8,59.1,40.9,Low Churn Risk,Moderately Retained,17.3,254
C0404,Government,Mining,West,1177246,5,2019-02-10,2024-12-26,2152,6,31,46035794.4,1485025.6258064515,Very Recent Customer,High Frequency,Low Value,100,21.0,16.400000000000002,59.35,40.65,Low Churn Risk,Moderately Retained,17.3,255
C0146,Retail,Mining,West,21418,3,2019-01-20,2024-12-31,2173,1,30,61245406.2,2041513.54,Very Recent Customer,High Frequency,Medium-High Value,100,15.6,62.2,69.45,30.55,Low Churn Risk,Strongly Retained,17.29,256
C0353,Dealer,Manufacturing,North,275021,1,2019-01-16,2024-10-08,2177,85,27,31979908.6,1184441.0592592594,Recent Customer,Medium Frequency,Low Value,80,5.1,1.6,41.68,58.32,Medium Churn Risk,Moderately Retained,17.24,257
C0341,Fleet Owner,Mining,North,303484,5,2019-03-10,2024-10-07,2124,86,36,66838579.4,1856627.2055555554,Recent Customer,High Frequency,High Value,80,53.300000000000004,75.2,72.12,27.88,Very Low Churn Risk,Strongly Retained,17.22,258
C0141,Corporate,Rental,West,742629,4,2019-04-06,2024-11-15,2097,47,36,66220737.2,1839464.9222222222,Recent Customer,High Frequency,Medium-High Value,80,53.300000000000004,74.2,71.88,28.12,Very Low Churn Risk,Strongly Retained,17.21,259
C0388,Fleet Owner,Infrastructure,West,780698,5,2019-03-21,2024-12-12,2113,20,27,39389408.6,1458866.9851851852,Very Recent Customer,Medium Frequency,Low Value,100,5.1,5.800000000000001,52.72,47.28,Low Churn Risk,Moderately Retained,17.21,260
C0264,Retail,Infrastructure,West,35955,4,2019-01-02,2024-11-02,2191,60,36,67321592.8,1870044.2444444443,Recent Customer,High Frequency,High Value,80,53.300000000000004,76.2,72.38,27.62,Very Low Churn Risk,Strongly Retained,17.18,261
C0154,Fleet Owner,Logistics,North,305293,5,2019-01-29,2024-08-21,2164,133,45,74171590.6,1648257.5688888887,At Risk Customer,Very High Frequency,High Value,60,91.0,88.8,74.95,25.05,Very Low Churn Risk,Strongly Retained,17.17,262
C0234,Corporate,Infrastructure,West,418214,2,2019-01-09,2024-12-26,2184,6,29,72295152.4,2492936.2896551727,Very Recent Customer,Medium Frequency,High Value,100,11.5,85.8,74.32,25.68,Very Low Churn Risk,Strongly Retained,17.16,263
C0062,Dealer,Construction,South,231418,1,2019-03-18,2024-10-31,2116,62,36,78963082.0,2193418.9444444445,Recent Customer,High Frequency,High Value,80,53.300000000000004,93.0,76.58,23.42,Very Low Churn Risk,Highly Retained,17.09,264
C0035,Dealer,Infrastructure,Central,333126,4,2019-01-07,2024-11-12,2186,50,38,53340276.800000004,1403691.494736842,Recent Customer,High Frequency,Medium-Low Value,80,66.10000000000001,35.4,65.38,34.62,Low Churn Risk,Strongly Retained,17.07,265
C0170,Government,Construction,South,1285103,4,2019-03-21,2024-12-20,2113,12,27,38882680.4,1440099.274074074,Very Recent Customer,Medium Frequency,Low Value,100,5.1,5.0,52.52,47.48,Low Churn Risk,Moderately Retained,17.06,266
C0456,Corporate,Mining,North,265102,4,2019-02-23,2024-10-16,2139,77,27,31514609.0,1167207.7407407407,Recent Customer,Medium Frequency,Low Value,80,5.1,1.2,41.58,58.42,Medium Churn Risk,Moderately Retained,17.02,267
C0129,Corporate,Mining,North,902420,5,2019-01-06,2024-10-31,2187,62,36,76393252.6,2122034.794444444,Recent Customer,High Frequency,High Value,80,53.300000000000004,90.8,76.03,23.97,Very Low Churn Risk,Highly Retained,16.92,268
C0342,Dealer,Infrastructure,North,104911,5,2019-12-04,2024-10-09,1855,84,36,72821567.8,2022821.3277777778,Recent Customer,High Frequency,High Value,80,53.300000000000004,86.2,74.88,25.12,Very Low Churn Risk,Strongly Retained,16.91,269
C0493,Retail,Construction,South,18646,3,2019-02-18,2024-11-22,2144,40,38,54684935.199999996,1439077.242105263,Recent Customer,High Frequency,Medium-Low Value,80,66.10000000000001,40.2,66.58,33.42,Low Churn Risk,Strongly Retained,16.89,270
C0140,Retail,Logistics,West,14401,3,2019-03-18,2024-11-24,2116,38,37,60136648.6,1625314.827027027,Recent Customer,High Frequency,Medium-High Value,80,60.6,57.99999999999999,69.65,30.35,Low Churn Risk,Strongly Retained,16.87,271
C0123,Corporate,Infrastructure,East,574353,3,2019-01-16,2024-11-04,2177,58,36,70019319.0,1944981.0833333333,Recent Customer,High Frequency,High Value,80,53.300000000000004,82.6,73.97,26.03,Very Low Churn Risk,Strongly Retained,16.84,272
C0057,Retail,Logistics,East,23289,3,2019-03-20,2024-12-04,2114,28,32,49701788.6,1553180.89375,Very Recent Customer,High Frequency,Medium-Low Value,100,27.1,27.0,63.52,36.48,Low Churn Risk,Strongly Retained,16.76,273
C0022,Retail,Infrastructure,South,47651,3,2019-01-13,2024-11-06,2180,56,38,56759064.0,1493659.5789473683,Recent Customer,High Frequency,Medium-Low Value,80,66.10000000000001,46.2,68.08,31.92,Low Churn Risk,Strongly Retained,16.74,274
C0161,Dealer,Mining,West,404774,4,2019-03-24,2024-11-17,2110,45,37,60837361.2,1644253.0054054055,Recent Customer,High Frequency,Medium-High Value,80,60.6,60.8,70.35,29.65,Very Low Churn Risk,Strongly Retained,16.67,275
C0020,Dealer,Logistics,East,492285,3,2019-01-26,2024-10-17,2167,76,37,42586254.6,1150979.854054054,Recent Customer,High Frequency,Low Value,80,60.6,10.2,57.7,42.3,Low Churn Risk,Moderately Retained,16.65,276
C0489,Fleet Owner,Rental,South,594359,5,2019-04-14,2024-08-17,2089,137,47,70625273.0,1502665.3829787234,At Risk Customer,Very High Frequency,High Value,60,95.1,83.0,74.53,25.47,Very Low Churn Risk,Strongly Retained,16.62,277
C0003,Government,Logistics,West,1306933,2,2019-04-05,2024-10-30,2098,63,38,44728031.8,1177053.4684210524,Recent Customer,High Frequency,Low Value,80,66.10000000000001,13.600000000000001,59.92,40.08,Low Churn Risk,Moderately Retained,16.57,278
C0059,Retail,Manufacturing,South,37344,3,2019-01-21,2024-12-20,2172,12,32,56859509.4,1776859.66875,Very Recent Customer,High Frequency,Medium-Low Value,100,27.1,46.800000000000004,68.47,31.53,Low Churn Risk,Strongly Retained,16.57,279
C0225,Fleet Owner,Logistics,North,431855,5,2019-03-17,2024-07-17,2117,168,48,69254158.0,1442794.9583333333,At Risk Customer,Very High Frequency,High Value,60,96.8,80.0,74.2,25.8,Very Low Churn Risk,Strongly Retained,16.51,280
C0262,Corporate,Logistics,North,476523,4,2019-02-26,2024-12-04,2136,28,26,36628894.0,1408803.6153846155,Very Recent Customer,Medium Frequency,Low Value,100,2.3,3.2,51.38,48.62,Low Churn Risk,Moderately Retained,16.46,281
C0155,Fleet Owner,Mining,East,393453,5,2019-11-15,2024-12-17,1874,15,31,41576324.2,1341171.748387097,Very Recent Customer,High Frequency,Low Value,100,21.0,8.200000000000001,57.3,42.7,Low Churn Risk,Moderately Retained,16.41,282
C0023,Corporate,Mining,South,274997,2,2019-01-05,2024-12-27,2188,5,32,58217713.2,1819303.5375,Very Recent Customer,High Frequency,Medium-High Value,100,27.1,52.6,69.92,30.08,Low Churn Risk,Strongly Retained,16.18,283
C0355,Government,Infrastructure,South,917399,4,2019-01-03,2024-12-18,2190,14,32,58903770.4,1840742.825,Very Recent Customer,High Frequency,Medium-High Value,100,27.1,54.0,70.28,29.72,Very Low Churn Risk,Strongly Retained,16.18,284
C0055,Dealer,Construction,North,394514,1,2019-04-01,2024-12-11,2102,21,32,59056095.2,1845502.975,Very Recent Customer,High Frequency,Medium-High Value,100,27.1,54.400000000000006,70.38,29.62,Very Low Churn Risk,Strongly Retained,16.17,285
C0317,Corporate,Manufacturing,South,228417,3,2019-01-17,2024-12-25,2176,7,32,43291415.2,1352856.725,Very Recent Customer,High Frequency,Low Value,100,27.1,11.200000000000001,59.58,40.42,Low Churn Risk,Moderately Retained,16.17,286
C0346,Retail,Construction,East,30962,3,2019-01-21,2024-11-15,2172,47,39,54686860.8,1402227.2,Recent Customer,High Frequency,Medium-Low Value,80,71.7,40.400000000000006,68.03,31.97,Low Churn Risk,Strongly Retained,16.16,287
C0312,Government,Construction,West,673691,4,2019-04-16,2024-11-17,2087,45,37,65437706.6,1768586.664864865,Recent Customer,High Frequency,Medium-High Value,80,60.6,72.8,73.35,26.65,Very Low Churn Risk,Strongly Retained,16.12,288
C0488,Government,Construction,South,1281429,1,2019-03-01,2024-11-26,2133,36,37,67251532.8,1817608.9945945945,Recent Customer,High Frequency,High Value,80,60.6,76.0,74.15,25.85,Very Low Churn Risk,Strongly Retained,16.07,289
C0422,Government,Construction,South,858335,5,2019-09-19,2024-11-04,1931,58,37,65678984.2,1775107.6810810813,Recent Customer,High Frequency,Medium-High Value,80,60.6,73.6,73.55,26.45,Very Low Churn Risk,Strongly Retained,16.06,290
C0335,Government,Infrastructure,North East,989169,5,2019-01-31,2024-11-03,2162,59,38,60351028.0,1588184.9473684211,Recent Customer,High Frequency,Medium-High Value,80,66.10000000000001,58.8,71.23,28.77,Very Low Churn Risk,Strongly Retained,16.05,291
C0308,Retail,Mining,North,23387,3,2019-02-19,2024-12-12,2143,20,33,50359329.6,1526040.290909091,Very Recent Customer,High Frequency,Medium-Low Value,100,33.5,28.599999999999998,65.53,34.47,Low Churn Risk,Strongly Retained,16.04,292
C0471,Fleet Owner,Logistics,West,601565,5,2019-02-23,2024-11-27,2139,35,37,65501994.2,1770324.1675675677,Recent Customer,High Frequency,Medium-High Value,80,60.6,73.4,73.5,26.5,Very Low Churn Risk,Strongly Retained,16.04,293
C0002,Fleet Owner,Manufacturing,South,531506,2,2019-01-24,2024-09-07,2169,116,51,71712838.0,1406134.0784313725,At Risk Customer,Very High Frequency,High Value,60,99.1,84.2,75.82,24.18,Very Low Churn Risk,Highly Retained,16.03,294
C0194,Fleet Owner,Construction,South,380469,1,2019-04-15,2024-12-26,2088,6,33,48202752.8,1460689.4787878788,Very Recent Customer,High Frequency,Low Value,100,33.5,22.8,64.08,35.92,Low Churn Risk,Strongly Retained,16.0,295
C0111,Corporate,Construction,South,332240,3,2019-04-09,2024-12-16,2094,16,33,55916542.2,1694440.6727272728,Very Recent Customer,High Frequency,Medium-Low Value,100,33.5,43.4,69.22,30.78,Low Churn Risk,Strongly Retained,15.91,296
C0204,Retail,Rental,South,20298,2,2019-05-20,2024-12-08,2053,24,31,39880662.0,1286472.9677419355,Very Recent Customer,High Frequency,Low Value,100,21.0,6.6000000000000005,56.9,43.1,Low Churn Risk,Moderately Retained,15.89,297
C0118,Retail,Rental,South,40651,4,2019-02-03,2024-12-10,2159,22,32,41835680.2,1307365.00625,Very Recent Customer,High Frequency,Low Value,100,27.1,8.799999999999999,58.98,41.02,Low Churn Risk,Moderately Retained,15.86,298
C0230,Dealer,Infrastructure,North,271689,5,2019-02-19,2024-10-31,2143,62,38,62086661.8,1633859.5210526315,Recent Customer,High Frequency,Medium-High Value,80,66.10000000000001,64.60000000000001,72.68,27.32,Very Low Churn Risk,Strongly Retained,15.68,299
C0345,Retail,Infrastructure,West,31532,2,2019-02-21,2024-11-20,2141,42,40,50444735.6,1261118.3900000001,Recent Customer,Very High Frequency,Medium-Low Value,80,76.4,29.599999999999998,66.5,33.5,Low Churn Risk,Strongly Retained,15.62,300
C0101,Corporate,Logistics,South,242777,5,2019-02-26,2024-10-10,2136,83,38,62629058.6,1648133.1210526316,Recent Customer,High Frequency,Medium-High Value,80,66.10000000000001,66.0,73.03,26.97,Very Low Churn Risk,Strongly Retained,15.61,301
C0177,Dealer,Construction,West,100097,1,2019-04-01,2024-12-25,2102,7,28,35762840.4,1277244.3,Very Recent Customer,Medium Frequency,Low Value,100,8.4,2.8000000000000003,52.8,47.2,Low Churn Risk,Moderately Retained,15.6,302
C0039,Fleet Owner,Rental,South,343809,4,2019-04-17,2024-11-28,2086,34,38,62706510.2,1650171.3210526316,Recent Customer,High Frequency,Medium-High Value,80,66.10000000000001,66.4,73.12,26.88,Very Low Churn Risk,Strongly Retained,15.58,303
C0106,Dealer,Infrastructure,Central,223855,2,2019-04-07,2024-11-12,2096,50,39,58339475.8,1495883.9948717947,Recent Customer,High Frequency,Medium-High Value,80,71.7,53.2,71.22,28.78,Very Low Churn Risk,Strongly Retained,15.52,304
C0392,Fleet Owner,Logistics,East,465583,2,2019-02-11,2024-12-12,2151,20,31,38571708.8,1244248.6709677419,Very Recent Customer,High Frequency,Low Value,100,21.0,4.8,56.45,43.55,Low Churn Risk,Moderately Retained,15.52,305
C0310,Government,Infrastructure,East,735405,4,2019-05-30,2024-11-07,2043,55,39,59059490.6,1514345.912820513,Recent Customer,High Frequency,Medium-High Value,80,71.7,54.6,71.58,28.42,Very Low Churn Risk,Strongly Retained,15.51,306
C0482,Fleet Owner,Logistics,East,285819,1,2019-12-15,2024-12-03,1844,29,31,73762403.2,2379432.3612903226,Very Recent Customer,High Frequency,High Value,100,21.0,88.0,77.25,22.75,Very Low Churn Risk,Highly Retained,15.51,307
C0410,Corporate,Mining,South,320500,4,2019-03-03,2024-11-27,2131,35,39,59804309.8,1533443.841025641,Recent Customer,High Frequency,Medium-High Value,80,71.7,56.99999999999999,72.18,27.82,Very Low Churn Risk,Strongly Retained,15.38,308
C0309,Government,Manufacturing,West,618080,4,2019-03-04,2024-12-17,2130,15,31,38065991.6,1227935.2129032258,Very Recent Customer,High Frequency,Low Value,100,21.0,4.3999999999999995,56.35,43.65,Low Churn Risk,Moderately Retained,15.36,309
C0130,Government,Mining,West,1196003,1,2019-02-17,2024-11-16,2145,46,39,60017312.8,1538905.4564102564,Recent Customer,High Frequency,Medium-High Value,80,71.7,57.599999999999994,72.32,27.68,Very Low Churn Risk,Strongly Retained,15.35,310
C0296,Corporate,Manufacturing,East,361733,2,2019-01-02,2024-11-07,2191,55,40,56944680.8,1423617.02,Recent Customer,Very High Frequency,Medium-Low Value,80,76.4,47.0,70.85,29.15,Very Low Churn Risk,Strongly Retained,15.34,311
C0427,Corporate,Mining,West,334941,3,2019-02-07,2024-11-26,2155,36,41,53149424.199999996,1296327.419512195,Recent Customer,Very High Frequency,Medium-Low Value,80,80.0,35.199999999999996,68.8,31.2,Low Churn Risk,Strongly Retained,15.33,312
C0295,Corporate,Mining,East,789992,5,2019-03-07,2024-10-09,2127,84,38,65390145.6,1720793.305263158,Recent Customer,High Frequency,Medium-High Value,80,66.10000000000001,72.6,74.68,25.32,Very Low Churn Risk,Strongly Retained,15.3,313
C0159,Dealer,Construction,South,332595,3,2019-02-02,2024-12-26,2160,6,34,49934036.2,1468648.1235294119,Very Recent Customer,High Frequency,Medium-Low Value,100,39.900000000000006,27.6,66.88,33.12,Low Churn Risk,Strongly Retained,15.28,314
C0320,Retail,Construction,North,16859,1,2019-04-01,2024-12-30,2102,2,34,53574056.6,1575707.5470588235,Very Recent Customer,High Frequency,Medium-Low Value,100,39.900000000000006,36.8,69.18,30.82,Low Churn Risk,Strongly Retained,15.26,315
C0096,Corporate,Construction,South,401903,3,2019-01-02,2024-12-30,2191,2,34,51986858.4,1529025.2470588235,Very Recent Customer,High Frequency,Medium-Low Value,100,39.900000000000006,33.2,68.28,31.72,Low Churn Risk,Strongly Retained,15.24,316
C0290,Corporate,Construction,West,506218,3,2019-03-04,2024-11-15,2130,47,40,57372288.2,1434307.205,Recent Customer,Very High Frequency,Medium-Low Value,80,76.4,49.0,71.35,28.65,Very Low Churn Risk,Strongly Retained,15.19,317
C0193,Dealer,Infrastructure,West,495310,4,2019-01-10,2024-11-30,2183,32,38,67795348.0,1784088.105263158,Recent Customer,High Frequency,High Value,80,66.10000000000001,77.2,75.82,24.18,Very Low Churn Risk,Highly Retained,15.15,318
C0157,Dealer,Infrastructure,North,315705,1,2019-02-15,2024-12-30,2147,2,34,55572804.4,1634494.2470588235,Very Recent Customer,High Frequency,Medium-Low Value,100,39.900000000000006,42.6,70.62,29.38,Very Low Churn Risk,Strongly Retained,15.09,319
C0259,Fleet Owner,Logistics,South,326836,1,2019-02-02,2024-12-13,2160,19,33,60202150.6,1824307.593939394,Very Recent Customer,High Frequency,Medium-High Value,100,33.5,58.199999999999996,72.92,27.08,Very Low Churn Risk,Strongly Retained,15.07,320
C0319,Dealer,Mining,South,396406,5,2019-05-16,2024-12-08,2057,24,33,60426895.0,1831118.0303030303,Very Recent Customer,High Frequency,Medium-High Value,100,33.5,59.199999999999996,73.18,26.82,Very Low Churn Risk,Strongly Retained,14.98,321
C0216,Government,Mining,East,1360073,1,2019-01-27,2024-11-20,2166,42,39,62009378.6,1589984.0666666667,Recent Customer,High Frequency,Medium-High Value,80,71.7,64.2,73.97,26.03,Very Low Churn Risk,Strongly Retained,14.92,322
C0011,Retail,Infrastructure,West,29130,4,2019-01-03,2024-11-22,2190,40,41,57187490.8,1394816.8487804877,Recent Customer,Very High Frequency,Medium-Low Value,80,80.0,48.0,72.0,28.0,Very Low Churn Risk,Strongly Retained,14.8,323
C0105,Government,Logistics,North,1275897,4,2019-05-25,2024-11-26,2048,36,41,57202879.8,1395192.1902439024,Recent Customer,Very High Frequency,Medium-Low Value,80,80.0,48.199999999999996,72.05,27.95,Very Low Churn Risk,Strongly Retained,14.78,324
C0447,Fleet Owner,Rental,East,659733,2,2019-05-16,2024-12-23,2057,9,33,61334243.8,1858613.4484848485,Very Recent Customer,High Frequency,Medium-High Value,100,33.5,62.4,73.97,26.03,Very Low Churn Risk,Strongly Retained,14.76,325
C0124,Dealer,Construction,West,211359,3,2019-01-11,2024-11-04,2182,58,42,54870405.8,1306438.2333333332,Recent Customer,Very High Frequency,Medium-Low Value,80,83.1,40.6,70.92,29.08,Very Low Churn Risk,Strongly Retained,14.75,326
C0499,Corporate,Construction,East,598104,5,2019-01-18,2024-11-29,2175,33,39,62785837.0,1609893.2564102565,Recent Customer,High Frequency,Medium-High Value,80,71.7,66.60000000000001,74.58,25.42,Very Low Churn Risk,Strongly Retained,14.75,327
C0465,Fleet Owner,Mining,South,573243,1,2019-03-12,2024-12-12,2122,20,35,48083241.6,1373806.902857143,Very Recent Customer,High Frequency,Low Value,100,45.9,21.8,66.92,33.08,Low Churn Risk,Strongly Retained,14.7,328
C0104,Fleet Owner,Infrastructure,South,318210,1,2019-04-06,2024-12-30,2097,2,34,42120081.4,1238825.9235294117,Very Recent Customer,High Frequency,Low Value,100,39.900000000000006,9.2,62.28,37.72,Low Churn Risk,Strongly Retained,14.68,329
C0220,Government,Infrastructure,Central,1116238,2,2019-01-19,2024-11-06,2174,56,43,53467975.0,1243441.2790697673,Recent Customer,Very High Frequency,Medium-Low Value,80,85.39999999999999,35.8,70.3,29.7,Very Low Churn Risk,Strongly Retained,14.68,330
C0436,Fleet Owner,Logistics,East,550408,3,2019-02-01,2024-12-15,2161,17,34,57784314.2,1699538.6529411767,Very Recent Customer,High Frequency,Medium-High Value,100,39.900000000000006,50.2,72.53,27.47,Very Low Churn Risk,Strongly Retained,14.67,331
C0166,Fleet Owner,Manufacturing,West,735924,2,2019-01-18,2024-12-08,2175,24,32,69504759.6,2172023.7375,Very Recent Customer,High Frequency,High Value,100,27.1,81.6,77.18,22.82,Very Low Churn Risk,Highly Retained,14.66,332
C0080,Retail,Mining,South,35201,1,2019-02-20,2024-11-03,2142,59,42,56541324.2,1346222.004761905,Recent Customer,Very High Frequency,Medium-Low Value,80,83.1,44.800000000000004,71.97,28.03,Very Low Churn Risk,Strongly Retained,14.65,333
C0090,Government,Infrastructure,North,1009986,1,2019-03-16,2024-10-22,2118,71,43,51915256.6,1207331.5488372094,Recent Customer,Very High Frequency,Medium-Low Value,80,85.39999999999999,32.6,69.5,30.5,Low Churn Risk,Strongly Retained,14.63,334
C0236,Corporate,Mining,West,413027,1,2019-03-21,2024-10-25,2113,68,41,57861179.0,1411248.268292683,Recent Customer,Very High Frequency,Medium-High Value,80,80.0,50.8,72.7,27.3,Very Low Churn Risk,Strongly Retained,14.6,335
C0077,Corporate,Mining,North,715444,1,2019-02-05,2024-12-16,2157,16,34,57865492.6,1701926.2529411765,Very Recent Customer,High Frequency,Medium-High Value,100,39.900000000000006,51.0,72.72,27.28,Very Low Churn Risk,Strongly Retained,14.59,336
C0261,Dealer,Manufacturing,North,164597,5,2019-05-06,2024-12-06,2067,26,33,62999554.6,1909077.412121212,Very Recent Customer,High Frequency,Medium-High Value,100,33.5,67.2,75.18,24.82,Very Low Churn Risk,Highly Retained,14.45,337
C0183,Government,Mining,West,1225772,4,2019-02-03,2024-12-05,2159,27,27,32313901.0,1196811.148148148,Very Recent Customer,Medium Frequency,Low Value,100,5.1,1.7999999999999998,51.72,48.28,Low Churn Risk,Moderately Retained,14.42,338
C0148,Government,Construction,South,1202629,4,2019-01-28,2024-12-09,2165,23,35,54884128.4,1568117.9542857143,Very Recent Customer,High Frequency,Medium-Low Value,100,45.9,40.8,71.68,28.32,Very Low Churn Risk,Strongly Retained,14.37,339
C0098,Corporate,Mining,East,270655,1,2019-03-14,2024-12-18,2120,14,35,56088743.0,1602535.5142857144,Very Recent Customer,High Frequency,Medium-Low Value,100,45.9,43.6,72.38,27.62,Very Low Churn Risk,Strongly Retained,14.32,340
C0190,Retail,Manufacturing,North,49811,1,2019-05-15,2024-12-29,2058,3,35,56351528.4,1610043.6685714286,Very Recent Customer,High Frequency,Medium-Low Value,100,45.9,44.2,72.53,27.47,Very Low Churn Risk,Strongly Retained,14.31,341
C0247,Corporate,Logistics,East,294502,2,2019-02-14,2024-11-13,2148,49,39,67759559.60000001,1737424.6051282054,Recent Customer,High Frequency,High Value,80,71.7,77.0,77.18,22.82,Very Low Churn Risk,Highly Retained,14.29,342
C0108,Corporate,Rental,North,676059,4,2019-01-03,2024-12-29,2190,3,24,31126705.0,1296946.0416666667,Very Recent Customer,Medium Frequency,Low Value,100,0.7000000000000001,1.0,50.42,49.58,Low Churn Risk,Moderately Retained,14.26,343
C0052,Government,Manufacturing,North East,1297924,2,2019-02-12,2024-12-11,2150,21,35,56612172.2,1617490.6342857145,Very Recent Customer,High Frequency,Medium-Low Value,100,45.9,45.4,72.82,27.18,Very Low Churn Risk,Strongly Retained,14.22,344
C0152,Corporate,Manufacturing,South,227415,2,2019-03-10,2024-11-18,2124,44,40,62249804.2,1556245.105,Recent Customer,Very High Frequency,Medium-High Value,80,76.4,65.2,75.4,24.6,Very Low Churn Risk,Highly Retained,14.15,345
C0426,Dealer,Infrastructure,North East,332893,1,2019-02-20,2024-12-03,2142,29,35,57207251.0,1634492.8857142858,Very Recent Customer,High Frequency,Medium-Low Value,100,45.9,48.4,73.58,26.42,Very Low Churn Risk,Strongly Retained,13.97,346
C0280,Corporate,Construction,West,252022,4,2019-01-12,2024-11-05,2181,57,42,59078520.8,1406631.4476190475,Recent Customer,Very High Frequency,Medium-High Value,80,83.1,54.800000000000004,74.47,25.53,Very Low Churn Risk,Strongly Retained,13.94,347
C0211,Fleet Owner,Manufacturing,South,323531,1,2019-03-06,2024-11-20,2128,42,42,59389779.2,1414042.361904762,Recent Customer,Very High Frequency,Medium-High Value,80,83.1,55.800000000000004,74.72,25.28,Very Low Churn Risk,Strongly Retained,13.88,348
C0128,Retail,Mining,West,39121,1,2019-01-02,2024-12-18,2191,14,33,69172996.2,2096151.4000000001,Very Recent Customer,High Frequency,High Value,100,33.5,79.80000000000001,78.32,21.68,Very Low Churn Risk,Highly Retained,13.86,349
C0398,Government,Rental,South,1207145,5,2019-09-10,2024-12-02,1940,30,35,57843305.6,1652665.8742857142,Very Recent Customer,High Frequency,Medium-High Value,100,45.9,50.6,74.12,25.88,Very Low Churn Risk,Strongly Retained,13.84,350
C0439,Dealer,Construction,South,280679,5,2019-03-21,2024-12-22,2113,10,36,47576062.0,1321557.2777777778,Very Recent Customer,High Frequency,Low Value,100,53.300000000000004,21.0,68.58,31.42,Low Churn Risk,Strongly Retained,13.82,351
C0253,Retail,Rental,West,43197,2,2019-03-28,2024-11-27,2106,35,39,72946151.6,1870414.1435897434,Recent Customer,High Frequency,High Value,80,71.7,86.4,79.53,20.47,Very Low Churn Risk,Highly Retained,13.8,352
C0323,Government,Manufacturing,West,717071,2,2019-01-11,2024-12-22,2182,10,36,50291498.8,1396986.0777777778,Very Recent Customer,High Frequency,Medium-Low Value,100,53.300000000000004,28.199999999999996,70.38,29.62,Very Low Churn Risk,Strongly Retained,13.77,353
C0241,Government,Construction,West,973243,1,2019-02-01,2024-10-31,2161,62,39,73396972.0,1881973.641025641,Recent Customer,High Frequency,High Value,80,71.7,87.2,79.72,20.28,Very Low Churn Risk,Highly Retained,13.76,354
C0269,Government,Mining,South,1060345,1,2019-01-12,2024-11-22,2181,40,41,61642030.4,1503464.156097561,Recent Customer,Very High Frequency,Medium-High Value,80,80.0,63.4,75.85,24.15,Very Low Churn Risk,Highly Retained,13.76,355
C0443,Dealer,Infrastructure,East,466614,1,2019-03-27,2024-11-18,2107,44,40,64951558.8,1623788.97,Recent Customer,Very High Frequency,Medium-High Value,80,76.4,72.0,77.1,22.9,Very Low Churn Risk,Highly Retained,13.75,356
C0181,Government,Construction,West,766249,5,2019-04-13,2024-12-15,2090,17,36,53087081.0,1474641.138888889,Very Recent Customer,High Frequency,Medium-Low Value,100,53.300000000000004,35.0,72.08,27.92,Very Low Churn Risk,Strongly Retained,13.7,357
C0138,Corporate,Mining,South,251506,5,2019-01-10,2024-12-25,2183,7,34,62582651.4,1840666.217647059,Very Recent Customer,High Frequency,Medium-High Value,100,39.900000000000006,65.8,76.42,23.58,Very Low Churn Risk,Highly Retained,13.64,358
C0452,Fleet Owner,Mining,South,362507,1,2019-03-05,2024-12-27,2129,5,35,40090449.2,1145441.4057142858,Very Recent Customer,High Frequency,Low Value,100,45.9,6.800000000000001,63.18,36.82,Low Churn Risk,Strongly Retained,13.64,359
C0413,Fleet Owner,Manufacturing,South,225464,1,2019-02-06,2024-11-08,2156,54,41,62380011.4,1521463.6926829268,Recent Customer,Very High Frequency,Medium-High Value,80,80.0,65.60000000000001,76.4,23.6,Very Low Churn Risk,Highly Retained,13.61,360
C0370,Corporate,Infrastructure,East,375748,4,2019-02-18,2024-12-18,2144,14,36,53881174.6,1496699.2944444446,Very Recent Customer,High Frequency,Medium-Low Value,100,53.300000000000004,37.4,72.68,27.32,Very Low Churn Risk,Strongly Retained,13.6,361
C0180,Fleet Owner,Logistics,South,747590,3,2019-01-04,2024-12-10,2189,22,27,30093537.8,1114575.474074074,Very Recent Customer,Medium Frequency,Low Value,100,5.1,0.6,51.42,48.58,Low Churn Risk,Moderately Retained,13.51,362
C0125,Government,Mining,West,557944,4,2019-02-17,2024-12-09,2145,23,30,31904862.6,1063495.4200000002,Very Recent Customer,High Frequency,Low Value,100,15.6,1.4000000000000001,54.25,45.75,Low Churn Risk,Moderately Retained,13.49,363
C0343,Corporate,Construction,West,994769,1,2019-02-28,2024-11-21,2134,41,40,68419201.6,1710480.0399999998,Recent Customer,Very High Frequency,High Value,80,76.4,78.60000000000001,78.75,21.25,Very Low Churn Risk,Highly Retained,13.44,364
C0168,Dealer,Infrastructure,West,238781,1,2019-06-02,2024-12-18,2040,14,34,64028787.0,1883199.6176470588,Very Recent Customer,High Frequency,Medium-High Value,100,39.900000000000006,69.39999999999999,77.32,22.68,Very Low Churn Risk,Highly Retained,13.42,365
C0169,Fleet Owner,Construction,West,693290,4,2019-03-25,2024-10-27,2109,66,40,69450095.6,1736252.39,Recent Customer,Very High Frequency,High Value,80,76.4,81.0,79.35,20.65,Very Low Churn Risk,Highly Retained,13.25,366
C0394,Government,Construction,South,685435,4,2019-03-08,2024-11-21,2126,41,40,69936379.2,1748409.48,Recent Customer,Very High Frequency,High Value,80,76.4,82.39999999999999,79.7,20.3,Very Low Churn Risk,Highly Retained,13.12,367
C0145,Retail,Construction,West,49522,3,2019-04-01,2024-12-29,2102,3,33,34445949.4,1043816.6484848484,Very Recent Customer,High Frequency,Low Value,100,33.5,2.4,58.98,41.02,Low Churn Risk,Moderately Retained,13.06,368
C0300,Dealer,Mining,North,121112,1,2019-05-05,2024-11-18,2068,44,40,72746205.0,1818655.125,Recent Customer,Very High Frequency,High Value,80,76.4,86.0,80.6,19.4,Very Low Churn Risk,Highly Retained,13.04,369
C0496,Government,Infrastructure,East,993386,5,2019-02-17,2024-12-27,2145,5,37,48190097.0,1302435.054054054,Very Recent Customer,High Frequency,Low Value,100,60.6,22.400000000000002,70.75,29.25,Very Low Churn Risk,Strongly Retained,13.03,370
C0174,Government,Mining,West,1316961,2,2019-01-11,2024-12-03,2182,29,29,29793255.0,1027353.6206896552,Very Recent Customer,Medium Frequency,Low Value,100,11.5,0.4,52.98,47.02,Low Churn Risk,Moderately Retained,12.95,371
C0383,Fleet Owner,Infrastructure,North,316263,5,2019-02-18,2024-11-19,2144,43,41,68192154.0,1663223.268292683,Recent Customer,Very High Frequency,High Value,80,80.0,78.2,79.55,20.45,Very Low Churn Risk,Highly Retained,12.89,372
C0019,Government,Logistics,East,678408,5,2019-01-19,2024-12-10,2174,22,37,42528118.4,1149408.6054054054,Very Recent Customer,High Frequency,Low Value,100,60.6,9.8,67.6,32.4,Low Churn Risk,Strongly Retained,12.73,373
C0340,Government,Mining,South,610937,3,2019-01-05,2024-12-04,2188,28,35,63532821.6,1815223.4742857143,Very Recent Customer,High Frequency,Medium-High Value,100,45.9,68.4,78.58,21.42,Very Low Churn Risk,Highly Retained,12.58,374
C0409,Government,Logistics,West,990136,1,2019-01-19,2024-10-09,2174,84,45,60821412.6,1351586.9466666668,Recent Customer,Very High Frequency,Medium-High Value,80,91.0,60.4,77.85,22.15,Very Low Churn Risk,Highly Retained,12.45,375
C0278,Fleet Owner,Logistics,West,312177,4,2019-08-12,2024-12-03,1969,29,38,47107787.2,1239678.6105263159,Very Recent Customer,High Frequency,Low Value,100,66.10000000000001,19.6,71.43,28.57,Very Low Churn Risk,Strongly Retained,12.44,376
C0065,Corporate,Mining,West,464475,4,2019-01-07,2024-12-12,2186,20,36,59751563.6,1659765.6555555556,Very Recent Customer,High Frequency,Medium-High Value,100,53.300000000000004,56.8,77.53,22.47,Very Low Churn Risk,Highly Retained,12.41,377
C0081,Corporate,Rental,West,208371,1,2019-01-03,2024-12-23,2190,9,37,56355210.0,1523113.7837837837,Very Recent Customer,High Frequency,Medium-Low Value,100,60.6,44.4,76.25,23.75,Very Low Churn Risk,Highly Retained,12.37,378
C0286,Dealer,Construction,South,168144,2,2019-01-06,2024-12-29,2187,3,36,60273490.2,1674263.6166666667,Very Recent Customer,High Frequency,Medium-High Value,100,53.300000000000004,58.4,77.92,22.08,Very Low Churn Risk,Highly Retained,12.3,379
C0042,Fleet Owner,Rental,South,731768,4,2019-01-25,2024-10-13,2168,80,41,73882726.2,1802017.712195122,Recent Customer,Very High Frequency,High Value,80,80.0,88.2,82.05,17.95,Very Low Churn Risk,Highly Retained,12.26,380
C0354,Corporate,Logistics,South,261489,2,2019-01-06,2024-12-25,2187,7,37,56690884.8,1532186.0756756756,Very Recent Customer,High Frequency,Medium-Low Value,100,60.6,45.800000000000004,76.6,23.4,Very Low Churn Risk,Highly Retained,12.26,381
C0429,Fleet Owner,Logistics,West,375146,3,2019-02-08,2024-10-21,2154,72,42,69444114.2,1653431.2904761906,Recent Customer,Very High Frequency,High Value,80,83.1,80.80000000000001,80.97,19.03,Very Low Churn Risk,Highly Retained,12.21,382
C0026,Fleet Owner,Mining,North,172621,5,2019-01-09,2024-12-29,2184,3,36,60554977.0,1682082.6944444445,Very Recent Customer,High Frequency,Medium-High Value,100,53.300000000000004,60.0,78.32,21.68,Very Low Churn Risk,Highly Retained,12.13,383
C0458,Dealer,Manufacturing,West,162635,4,2019-07-09,2024-12-28,2003,4,38,50799400.6,1336826.3315789474,Very Recent Customer,High Frequency,Medium-Low Value,100,66.10000000000001,30.8,74.23,25.77,Very Low Churn Risk,Strongly Retained,12.1,384
C0232,Government,Mining,South,1074153,1,2019-01-24,2024-12-29,2169,3,37,57544368.0,1555253.189189189,Very Recent Customer,High Frequency,Medium-Low Value,100,60.6,49.4,77.5,22.5,Very Low Churn Risk,Highly Retained,11.97,385
C0209,Corporate,Infrastructure,East,834417,5,2019-10-18,2024-11-22,1902,40,44,65445658.4,1487401.3272727272,Recent Customer,Very High Frequency,Medium-High Value,80,88.0,73.0,80.25,19.75,Very Low Churn Risk,Highly Retained,11.95,386
C0071,Corporate,Rental,North,735733,2,2019-01-24,2024-11-26,2169,36,42,72076738.0,1716112.8095238095,Recent Customer,Very High Frequency,High Value,80,83.1,85.2,82.08,17.92,Very Low Churn Risk,Highly Retained,11.94,387
C0217,Corporate,Infrastructure,North,777454,5,2019-01-19,2024-12-18,2174,14,36,61360958.2,1704471.0611111112,Very Recent Customer,High Frequency,Medium-High Value,100,53.300000000000004,62.6,78.98,21.02,Very Low Churn Risk,Highly Retained,11.92,388
C0407,Dealer,Logistics,South,379116,2,2019-02-01,2024-12-25,2161,7,38,54609453.4,1437090.8789473684,Very Recent Customer,High Frequency,Medium-Low Value,100,66.10000000000001,39.6,76.43,23.57,Very Low Churn Risk,Highly Retained,11.9,389
C0307,Dealer,Manufacturing,West,302503,1,2019-01-15,2024-11-24,2178,38,42,73655534.6,1753703.2047619047,Recent Customer,Very High Frequency,High Value,80,83.1,87.6,82.68,17.32,Very Low Churn Risk,Highly Retained,11.79,390
C0375,Fleet Owner,Mining,West,243350,1,2019-02-20,2024-11-03,2142,59,42,81286325.6,1935388.7047619047,Recent Customer,Very High Frequency,High Value,80,83.1,94.6,84.42,15.58,Very Low Churn Risk,Highly Retained,11.7,391
C0275,Fleet Owner,Construction,West,651275,5,2019-06-17,2024-11-06,2025,56,45,64270295.0,1428228.7777777778,Recent Customer,Very High Frequency,Medium-High Value,80,91.0,70.39999999999999,80.35,19.65,Very Low Churn Risk,Highly Retained,11.67,392
C0087,Government,Logistics,South,831098,3,2019-01-22,2024-12-17,2171,15,39,50370513.4,1291551.6256410256,Very Recent Customer,High Frequency,Medium-Low Value,100,71.7,28.799999999999997,75.12,24.88,Very Low Churn Risk,Highly Retained,11.58,393
C0010,Dealer,Construction,South,277717,5,2019-01-23,2024-11-27,2170,35,46,63051038.4,1370674.7478260868,Recent Customer,Very High Frequency,Medium-High Value,80,93.2,67.4,80.15,19.85,Very Low Churn Risk,Highly Retained,11.57,394
C0016,Government,Rental,East,1033243,4,2019-01-18,2024-12-18,2175,14,35,70872336.2,2024923.8914285714,Very Recent Customer,High Frequency,High Value,100,45.9,83.6,82.38,17.62,Very Low Churn Risk,Highly Retained,11.54,395
C0074,Fleet Owner,Infrastructure,East,259356,5,2019-01-10,2024-12-31,2183,1,39,50426138.6,1292977.912820513,Very Recent Customer,High Frequency,Medium-Low Value,100,71.7,29.4,75.27,24.73,Very Low Churn Risk,Highly Retained,11.53,396
C0393,Retail,Rental,East,41273,3,2019-03-27,2024-12-18,2107,14,39,51240981.8,1313871.3282051282,Very Recent Customer,High Frequency,Medium-Low Value,100,71.7,31.4,75.77,24.23,Very Low Churn Risk,Highly Retained,11.47,397
C0302,Fleet Owner,Mining,West,698314,1,2019-02-05,2024-12-24,2157,8,36,63607092.0,1766863.6666666667,Very Recent Customer,High Frequency,Medium-High Value,100,53.300000000000004,68.8,80.53,19.47,Very Low Churn Risk,Highly Retained,11.45,398
C0329,Dealer,Infrastructure,Central,434298,1,2019-01-03,2024-12-26,2190,6,36,64307436.8,1786317.6888888888,Very Recent Customer,High Frequency,Medium-High Value,100,53.300000000000004,70.6,80.97,19.03,Very Low Churn Risk,Highly Retained,11.31,399
C0027,Fleet Owner,Logistics,West,119712,1,2019-03-25,2024-12-26,2109,6,39,54309976.4,1392563.4974358974,Very Recent Customer,High Frequency,Medium-Low Value,100,71.7,38.6,77.58,22.42,Very Low Churn Risk,Highly Retained,11.25,400
C0188,Corporate,Logistics,West,261082,4,2019-03-04,2024-12-27,2130,5,39,54387524.8,1394551.917948718,Very Recent Customer,High Frequency,Medium-Low Value,100,71.7,38.800000000000004,77.62,22.38,Very Low Churn Risk,Highly Retained,11.25,401
C0160,Retail,Rental,West,45628,2,2019-02-19,2024-11-23,2143,39,44,70762190.2,1608231.5954545455,Recent Customer,Very High Frequency,High Value,80,88.0,83.39999999999999,82.85,17.15,Very Low Churn Risk,Highly Retained,11.22,402
C0032,Government,Logistics,West,1262598,5,2019-01-23,2024-10-25,2170,68,44,71991263.0,1636165.0681818181,Recent Customer,Very High Frequency,High Value,80,88.0,84.8,83.2,16.8,Very Low Churn Risk,Highly Retained,11.18,403
C0273,Dealer,Manufacturing,East,181148,1,2019-05-04,2024-12-31,2069,1,37,60830001.0,1644054.0810810812,Very Recent Customer,High Frequency,Medium-High Value,100,60.6,60.6,80.3,19.7,Very Low Churn Risk,Highly Retained,11.08,404
C0467,Retail,Construction,North,10621,5,2019-01-02,2024-11-06,2191,56,48,62880162.4,1310003.3833333333,Recent Customer,Very High Frequency,Medium-High Value,80,96.8,67.0,80.95,19.05,Very Low Churn Risk,Highly Retained,11.07,405
C0237,Dealer,Infrastructure,South,488722,5,2019-01-28,2024-10-15,2165,78,44,74820743.4,1700471.4409090912,Recent Customer,Very High Frequency,High Value,80,88.0,89.2,84.3,15.7,Very Low Churn Risk,Highly Retained,10.86,406
C0013,Dealer,Construction,West,425862,2,2019-01-02,2024-10-27,2191,66,44,76843692.4,1746447.5545454547,Recent Customer,Very High Frequency,High Value,80,88.0,91.0,84.75,15.25,Very Low Churn Risk,Highly Retained,10.83,407
C0440,Retail,Manufacturing,South,17475,5,2019-01-29,2024-10-21,2164,72,44,82426773.6,1873335.7636363634,Recent Customer,Very High Frequency,High Value,80,88.0,95.39999999999999,85.85,14.15,Very Low Churn Risk,Highly Retained,10.78,408
C0448,Fleet Owner,Logistics,East,796652,4,2019-03-13,2024-12-11,2121,21,36,68495840.4,1902662.2333333334,Very Recent Customer,High Frequency,High Value,100,53.300000000000004,78.8,83.02,16.98,Very Low Churn Risk,Highly Retained,10.75,409
C0060,Dealer,Mining,South,350950,1,2019-07-20,2024-11-24,1992,38,44,77163010.4,1753704.781818182,Recent Customer,Very High Frequency,High Value,80,88.0,91.8,84.95,15.05,Very Low Churn Risk,Highly Retained,10.73,410
C0255,Retail,Infrastructure,South,22302,4,2019-01-05,2024-11-11,2188,51,45,71144094.2,1580979.8711111112,Recent Customer,Very High Frequency,High Value,80,91.0,83.8,83.7,16.3,Very Low Churn Risk,Highly Retained,10.72,411
C0328,Government,Rental,East,1177052,4,2019-01-03,2024-12-05,2190,27,37,62646507.6,1693148.854054054,Very Recent Customer,High Frequency,Medium-High Value,100,60.6,66.2,81.7,18.3,Very Low Churn Risk,Highly Retained,10.6,412
C0083,Dealer,Infrastructure,North,214857,2,2019-05-23,2024-10-04,2050,89,45,89672688.2,1992726.4044444445,Recent Customer,Very High Frequency,High Value,80,91.0,98.2,87.3,12.7,Very Low Churn Risk,Highly Retained,10.53,413
C0068,Retail,Mining,North,27354,1,2019-03-11,2024-12-06,2123,26,39,57372766.4,1471096.5743589744,Very Recent Customer,High Frequency,Medium-Low Value,100,71.7,49.2,80.22,19.78,Very Low Churn Risk,Highly Retained,10.49,414
C0054,Fleet Owner,Manufacturing,South,225508,2,2019-01-31,2024-12-14,2162,18,37,63424926.8,1714187.2108108108,Very Recent Customer,High Frequency,Medium-High Value,100,60.6,68.2,82.2,17.8,Very Low Churn Risk,Highly Retained,10.43,415
C0207,Corporate,Rental,East,463240,1,2019-02-10,2024-10-13,2152,80,45,87068691.0,1934859.8,Recent Customer,Very High Frequency,High Value,80,91.0,97.2,87.05,12.95,Very Low Churn Risk,Highly Retained,10.42,416
C0347,Retail,Mining,North,33854,4,2019-03-04,2024-12-03,2130,29,24,22536660.4,939027.5166666666,Very Recent Customer,Medium Frequency,Low Value,100,0.7000000000000001,0.2,50.22,49.78,Low Churn Risk,Moderately Retained,10.37,417
C0005,Dealer,Construction,West,380783,2,2019-02-28,2024-10-04,2134,89,45,74996415.4,1666587.008888889,Recent Customer,Very High Frequency,High Value,80,91.0,89.4,85.1,14.9,Very Low Churn Risk,Highly Retained,10.33,418
C0420,Retail,Rental,South,44758,3,2019-01-10,2024-11-22,2183,40,46,92482888.8,2010497.5826086956,Recent Customer,Very High Frequency,High Value,80,93.2,98.8,88.0,12.0,Very Low Churn Risk,Highly Retained,10.26,419
C0240,Corporate,Manufacturing,South,695741,1,2019-02-19,2024-11-10,2143,52,46,92835709.4,2018167.595652174,Recent Customer,Very High Frequency,High Value,80,93.2,99.0,88.05,11.95,Very Low Churn Risk,Highly Retained,10.25,420
C0076,Government,Mining,South,1094151,2,2019-01-12,2024-10-06,2181,87,45,80026994.2,1778377.648888889,Recent Customer,Very High Frequency,High Value,80,91.0,94.0,86.25,13.75,Very Low Churn Risk,Highly Retained,10.17,421
C0058,Retail,Infrastructure,West,43362,3,2019-01-23,2024-12-24,2170,8,40,56831525.0,1420788.125,Very Recent Customer,Very High Frequency,Medium-Low Value,100,76.4,46.6,80.75,19.25,Very Low Churn Risk,Highly Retained,10.11,422
C0119,Government,Manufacturing,West,1079453,4,2019-01-07,2024-10-26,2186,67,51,67143205.2,1316533.4352941178,Recent Customer,Very High Frequency,High Value,80,99.1,75.8,83.72,16.28,Very Low Churn Risk,Highly Retained,10.1,423
C0017,Government,Infrastructure,South,1155360,1,2019-01-31,2024-12-21,2162,11,39,59194497.0,1517807.6153846155,Very Recent Customer,High Frequency,Medium-High Value,100,71.7,55.2,81.72,18.28,Very Low Churn Risk,Highly Retained,10.0,424
C0399,Fleet Owner,Rental,South,384480,3,2019-01-03,2024-12-25,2190,7,39,59287998.0,1520205.076923077,Very Recent Customer,High Frequency,Medium-High Value,100,71.7,55.60000000000001,81.82,18.18,Very Low Churn Risk,Highly Retained,9.96,425
C0359,Fleet Owner,Mining,South,413735,3,2019-02-12,2024-11-28,2150,34,46,85617784.0,1861256.1739130435,Recent Customer,Very High Frequency,High Value,80,93.2,96.8,87.5,12.5,Very Low Churn Risk,Highly Retained,9.89,426
C0242,Government,Construction,South,568255,3,2019-01-30,2024-11-18,2163,44,47,73225487.6,1557989.0978723404,Recent Customer,Very High Frequency,High Value,80,95.1,86.8,85.48,14.52,Very Low Churn Risk,Highly Retained,9.83,427
C0219,Government,Manufacturing,West,1072558,2,2019-01-09,2024-12-21,2184,11,39,59976015.0,1537846.5384615385,Very Recent Customer,High Frequency,Medium-High Value,100,71.7,57.4,82.28,17.72,Very Low Churn Risk,Highly Retained,9.82,428
C0196,Fleet Owner,Rental,North East,318408,3,2019-01-09,2024-10-28,2184,65,48,71291851.6,1485246.9083333332,Recent Customer,Very High Frequency,High Value,80,96.8,84.0,85.2,14.8,Very Low Churn Risk,Highly Retained,9.75,429
C0481,Corporate,Logistics,South,437015,5,2019-01-03,2024-12-31,2190,1,39,60397194.2,1548646.0051282053,Very Recent Customer,High Frequency,Medium-High Value,100,71.7,59.0,82.68,17.32,Very Low Churn Risk,Highly Retained,9.67,430
C0040,Government,Logistics,North,842290,2,2019-02-23,2024-12-21,2139,11,43,53757984.6,1250185.688372093,Very Recent Customer,Very High Frequency,Medium-Low Value,100,85.39999999999999,37.0,80.6,19.4,Very Low Churn Risk,Highly Retained,9.64,431
C0495,Fleet Owner,Infrastructure,North,414484,2,2019-01-28,2024-11-25,2165,37,48,94540537.6,1969594.5333333332,Recent Customer,Very High Frequency,High Value,80,96.8,99.2,89.0,11.0,Very Low Churn Risk,Highly Retained,9.61,432
C0200,Retail,Logistics,East,12816,2,2019-02-09,2024-11-25,2153,37,47,84469856.6,1797230.9914893615,Recent Customer,Very High Frequency,High Value,80,95.1,95.8,87.72,12.28,Very Low Churn Risk,Highly Retained,9.59,433
C0222,Fleet Owner,Logistics,North,501339,5,2019-01-30,2024-12-13,2163,19,41,57177978.6,1394584.843902439,Very Recent Customer,Very High Frequency,Medium-Low Value,100,80.0,47.8,81.95,18.05,Very Low Churn Risk,Highly Retained,9.54,434
C0377,Dealer,Logistics,West,162271,3,2019-02-01,2024-12-07,2161,25,37,68519191.2,1851870.0324324325,Very Recent Customer,High Frequency,High Value,100,60.6,79.2,84.95,15.05,Very Low Churn Risk,Highly Retained,9.53,435
C0197,Government,Manufacturing,West,1385304,2,2019-02-22,2024-10-18,2140,75,47,77464617.6,1648183.3531914891,Recent Customer,Very High Frequency,High Value,80,95.1,92.0,86.78,13.22,Very Low Churn Risk,Highly Retained,9.46,436
C0371,Retail,Rental,South,20028,3,2019-01-03,2024-11-02,2190,60,47,82052808.0,1745804.425531915,Recent Customer,Very High Frequency,High Value,80,95.1,95.0,87.52,12.48,Very Low Churn Risk,Highly Retained,9.46,437
C0396,Government,Manufacturing,West,753812,2,2019-01-14,2024-12-07,2179,25,38,64506474.4,1697538.8,Very Recent Customer,High Frequency,Medium-High Value,100,66.10000000000001,70.8,84.22,15.78,Very Low Churn Risk,Highly Retained,9.41,438
C0149,Government,Manufacturing,West,1227707,3,2019-02-28,2024-12-12,2134,20,38,65235052.4,1716711.9052631578,Very Recent Customer,High Frequency,Medium-High Value,100,66.10000000000001,72.39999999999999,84.62,15.38,Very Low Churn Risk,Highly Retained,9.27,439
C0134,Fleet Owner,Infrastructure,West,369606,5,2019-03-03,2024-11-24,2131,38,48,85243025.2,1775896.3583333334,Recent Customer,Very High Frequency,High Value,80,96.8,96.6,88.35,11.65,Very Low Churn Risk,Highly Retained,9.18,440
C0468,Fleet Owner,Rental,South,531281,1,2019-05-10,2024-11-10,2063,52,49,75254807.6,1535812.4,Recent Customer,Very High Frequency,High Value,80,97.89999999999999,89.60000000000001,86.88,13.12,Very Low Churn Risk,Highly Retained,9.13,441
C0288,Dealer,Infrastructure,North,279745,3,2019-02-21,2024-10-18,2141,75,55,97218403.8,1767607.3418181818,Recent Customer,Very High Frequency,High Value,80,99.7,99.8,89.88,10.12,Very Low Churn Risk,Highly Retained,9.09,442
C0435,Dealer,Manufacturing,South,393189,4,2019-10-11,2024-11-01,1909,61,50,73908258.2,1478165.164,Recent Customer,Very High Frequency,High Value,80,98.6,88.4,86.75,13.25,Very Low Churn Risk,Highly Retained,9.05,443
C0462,Retail,Logistics,South,22565,5,2019-01-06,2024-11-13,2187,49,49,82777824.6,1689343.3591836733,Recent Customer,Very High Frequency,High Value,80,97.89999999999999,95.6,88.38,11.62,Very Low Churn Risk,Highly Retained,8.89,444
C0333,Corporate,Mining,South,523789,3,2019-01-09,2024-12-02,2184,30,39,63220923.0,1621049.3076923077,Very Recent Customer,High Frequency,Medium-High Value,100,71.7,67.60000000000001,84.82,15.18,Very Low Churn Risk,Highly Retained,8.87,445
C0099,Fleet Owner,Rental,South,601814,4,2019-01-10,2024-12-26,2183,6,44,56469516.0,1283398.0909090908,Very Recent Customer,Very High Frequency,Medium-Low Value,100,88.0,44.6,83.15,16.85,Very Low Churn Risk,Highly Retained,8.79,446
C0380,Fleet Owner,Manufacturing,South,343972,5,2019-01-29,2024-11-03,2164,59,50,77887431.8,1557748.636,Recent Customer,Very High Frequency,High Value,80,98.6,92.60000000000001,87.8,12.2,Very Low Churn Risk,Highly Retained,8.78,447
C0315,Dealer,Rental,West,407774,4,2019-01-09,2024-12-17,2184,15,40,61457629.4,1536440.7349999999,Very Recent Customer,Very High Frequency,Medium-High Value,100,76.4,62.8,84.8,15.2,Very Low Churn Risk,Highly Retained,8.63,448
C0285,Government,Infrastructure,West,1359546,4,2019-02-11,2024-12-05,2151,27,47,54036327.8,1149709.1021276596,Very Recent Customer,Very High Frequency,Medium-Low Value,100,95.1,37.6,83.18,16.82,Very Low Churn Risk,Highly Retained,8.4,449
C0063,Retail,Rental,North,26508,5,2019-02-28,2024-12-19,2134,13,38,72065344.4,1896456.4315789475,Very Recent Customer,High Frequency,High Value,100,66.10000000000001,85.0,87.78,12.22,Very Low Churn Risk,Highly Retained,8.14,450
C0369,Government,Manufacturing,West,1482938,1,2019-01-26,2024-12-13,2167,19,40,64656844.2,1616421.105,Very Recent Customer,Very High Frequency,Medium-High Value,100,76.4,71.39999999999999,86.95,13.05,Very Low Churn Risk,Highly Retained,7.8,451
C0414,Dealer,Construction,South,252548,4,2019-02-16,2024-12-31,2146,1,40,66316815.6,1657920.3900000001,Very Recent Customer,Very High Frequency,Medium-High Value,100,76.4,74.6,87.75,12.25,Very Low Churn Risk,Highly Retained,7.51,452
C0327,Retail,Mining,West,37994,1,2019-02-01,2024-12-06,2161,26,43,61017008.6,1419000.2,Very Recent Customer,Very High Frequency,Medium-High Value,100,85.39999999999999,61.4,86.7,13.3,Very Low Churn Risk,Highly Retained,7.5,453
C0379,Retail,Mining,West,22642,3,2019-03-29,2024-12-15,2105,17,41,64194052.6,1565708.6,Very Recent Customer,Very High Frequency,Medium-High Value,100,80.0,70.19999999999999,87.55,12.45,Very Low Churn Risk,Highly Retained,7.39,454
C0469,Government,Manufacturing,North,959081,1,2019-01-04,2024-12-18,2189,14,40,68502617.4,1712565.435,Very Recent Customer,Very High Frequency,High Value,100,76.4,79.0,88.85,11.15,Very Low Churn Risk,Highly Retained,7.06,455
C0272,Government,Construction,North,963398,1,2019-09-01,2024-12-13,1949,19,39,75550922.6,1937203.1435897434,Very Recent Customer,High Frequency,High Value,100,71.7,90.2,90.48,9.52,Very Low Churn Risk,Highly Retained,6.65,456
C0425,Dealer,Manufacturing,South,197706,3,2019-01-17,2024-12-09,2176,23,41,67882732.6,1655676.4048780487,Very Recent Customer,Very High Frequency,High Value,100,80.0,77.60000000000001,89.4,10.6,Very Low Churn Risk,Highly Retained,6.65,457
C0186,Fleet Owner,Infrastructure,East,198216,3,2019-02-17,2024-12-11,2145,21,40,70676837.0,1766920.925,Very Recent Customer,Very High Frequency,High Value,100,76.4,83.2,89.9,10.1,Very Low Churn Risk,Highly Retained,6.6,458
C0374,Corporate,Manufacturing,West,309830,5,2019-03-07,2024-12-10,2127,22,41,68389697.6,1668041.4048780487,Very Recent Customer,Very High Frequency,High Value,100,80.0,78.4,89.6,10.4,Very Low Churn Risk,Highly Retained,6.57,459
C0326,Government,Mining,East,1143072,4,2019-03-14,2024-12-30,2120,2,42,66177447.4,1575653.5095238094,Very Recent Customer,Very High Frequency,Medium-High Value,100,83.1,74.0,89.28,10.72,Very Low Churn Risk,Highly Retained,6.56,460
C0004,Fleet Owner,Logistics,South,506336,3,2019-03-21,2024-12-31,2113,1,46,60843242.8,1322679.1913043477,Very Recent Customer,Very High Frequency,Medium-High Value,100,93.2,61.0,88.55,11.45,Very Low Churn Risk,Highly Retained,6.44,461
C0049,Dealer,Manufacturing,South,116389,5,2019-01-25,2024-12-25,2168,7,39,82316206.2,2110671.953846154,Very Recent Customer,High Frequency,High Value,100,71.7,95.19999999999999,91.72,8.28,Very Low Churn Risk,Highly Retained,6.3,462
C0331,Dealer,Logistics,North,270715,2,2019-04-12,2024-12-15,2091,17,42,67826105.8,1614907.280952381,Very Recent Customer,Very High Frequency,High Value,100,83.1,77.4,90.12,9.88,Very Low Churn Risk,Highly Retained,6.19,463
C0284,Corporate,Manufacturing,East,948858,1,2019-01-09,2024-12-23,2184,9,41,69641823.4,1698581.0585365854,Very Recent Customer,Very High Frequency,High Value,100,80.0,81.8,90.45,9.55,Very Low Churn Risk,Highly Retained,6.15,464
C0395,Corporate,Manufacturing,East,680072,1,2019-02-21,2024-12-20,2141,12,44,64514679.8,1466242.7227272727,Very Recent Customer,Very High Frequency,Medium-High Value,100,88.0,71.0,89.75,10.25,Very Low Churn Risk,Highly Retained,6.11,465
C0459,Retail,Logistics,East,16763,5,2019-03-10,2024-12-14,2124,18,41,71816909.8,1751631.9463414634,Very Recent Customer,Very High Frequency,High Value,100,80.0,84.39999999999999,91.1,8.9,Very Low Churn Risk,Highly Retained,5.91,466
C0270,Corporate,Manufacturing,North,711134,2,2019-03-27,2024-12-20,2107,12,43,68114112.8,1584049.134883721,Very Recent Customer,Very High Frequency,High Value,100,85.39999999999999,78.0,90.85,9.15,Very Low Churn Risk,Highly Retained,5.76,467
C0306,Fleet Owner,Manufacturing,East,126541,1,2019-07-19,2024-12-16,1993,16,42,69813587.0,1662228.261904762,Very Recent Customer,Very High Frequency,High Value,100,83.1,82.19999999999999,91.32,8.68,Very Low Churn Risk,Highly Retained,5.6,468
C0276,Dealer,Manufacturing,Central,337657,3,2019-01-08,2024-12-29,2185,3,44,67350598.6,1530695.4227272726,Very Recent Customer,Very High Frequency,High Value,100,88.0,76.4,91.1,8.9,Very Low Churn Risk,Highly Retained,5.54,469
C0301,Dealer,Mining,East,388632,5,2019-01-13,2024-12-19,2180,13,46,63821535.6,1387424.6869565218,Very Recent Customer,Very High Frequency,Medium-High Value,100,93.2,69.19999999999999,90.6,9.4,Very Low Churn Risk,Highly Retained,5.54,470
C0206,Retail,Construction,West,29675,3,2019-01-08,2024-12-11,2185,21,40,89674652.2,2241866.305,Very Recent Customer,Very High Frequency,High Value,100,76.4,98.4,93.7,6.3,Very Low Churn Risk,Highly Retained,5.22,471
C0070,Government,Logistics,West,549454,3,2019-02-04,2024-12-20,2158,12,41,76883391.4,1875204.668292683,Very Recent Customer,Very High Frequency,High Value,100,80.0,91.2,92.8,7.2,Very Low Churn Risk,Highly Retained,5.12,472
C0282,Government,Logistics,East,1271863,2,2019-01-17,2024-12-24,2176,8,44,69381309.6,1576847.9454545453,Very Recent Customer,Very High Frequency,High Value,100,88.0,80.60000000000001,92.15,7.85,Very Low Churn Risk,Highly Retained,5.03,473
C0113,Corporate,Logistics,South,965190,2,2019-01-13,2024-12-23,2180,9,41,78713400.0,1919839.024390244,Very Recent Customer,Very High Frequency,High Value,100,80.0,92.80000000000001,93.2,6.8,Very Low Churn Risk,Highly Retained,4.95,474
C0109,Retail,Mining,South,47756,1,2019-01-14,2024-12-09,2179,23,44,69451949.0,1578453.3863636365,Very Recent Customer,Very High Frequency,High Value,100,88.0,81.2,92.3,7.7,Very Low Churn Risk,Highly Retained,4.94,475
C0411,Corporate,Mining,South,621936,5,2019-07-14,2024-12-12,1998,20,43,72229183.0,1679748.441860465,Very Recent Customer,Very High Frequency,High Value,100,85.39999999999999,85.6,92.75,7.25,Very Low Churn Risk,Highly Retained,4.84,476
C0045,Corporate,Rental,East,495460,4,2019-02-02,2024-12-15,2160,17,42,75275350.60000001,1792270.2523809527,Very Recent Customer,Very High Frequency,High Value,100,83.1,89.8,93.22,6.78,Very Low Churn Risk,Highly Retained,4.72,477
C0250,Government,Infrastructure,East,886619,2,2019-03-08,2024-12-20,2126,12,43,74416923.4,1730626.1255813956,Very Recent Customer,Very High Frequency,High Value,100,85.39999999999999,89.0,93.6,6.4,Very Low Churn Risk,Highly Retained,4.4,478
C0257,Corporate,Logistics,North,443957,1,2019-01-18,2024-12-23,2175,9,43,76189558.0,1771850.1860465116,Very Recent Customer,Very High Frequency,High Value,100,85.39999999999999,90.60000000000001,94.0,6.0,Very Low Churn Risk,Highly Retained,4.22,479
C0478,Retail,Rental,North,15416,1,2019-02-04,2024-12-29,2158,3,44,75901402.2,1725031.8681818182,Very Recent Customer,Very High Frequency,High Value,100,88.0,90.4,94.6,5.4,Very Low Churn Risk,Highly Retained,3.79,480
C0244,Government,Logistics,North,1113022,3,2019-05-06,2024-12-09,2067,23,44,77550764.4,1762517.3727272728,Very Recent Customer,Very High Frequency,High Value,100,88.0,92.4,95.1,4.9,Very Low Churn Risk,Highly Retained,3.51,481
C0490,Government,Logistics,West,1262928,3,2019-01-26,2024-12-29,2167,3,44,84742703.8,1925970.5409090908,Very Recent Customer,Very High Frequency,High Value,100,88.0,96.0,96.0,4.0,Very Low Churn Risk,Highly Retained,3.13,482
C0356,Dealer,Mining,East,277333,2,2019-03-16,2024-12-05,2118,27,45,79690881.0,1770908.4666666666,Very Recent Customer,Very High Frequency,High Value,100,91.0,93.60000000000001,96.15,3.85,Very Low Churn Risk,Highly Retained,2.84,483
C0294,Government,Infrastructure,South,826435,4,2019-03-26,2024-12-27,2108,5,45,79772077.0,1772712.822222222,Very Recent Customer,Very High Frequency,High Value,100,91.0,93.8,96.2,3.8,Very Low Churn Risk,Highly Retained,2.8,484
C0403,Government,Construction,East,954046,4,2019-02-19,2024-12-10,2143,22,45,80523517.0,1789411.4888888889,Very Recent Customer,Very High Frequency,High Value,100,91.0,94.39999999999999,96.35,3.65,Very Low Churn Risk,Highly Retained,2.72,485
C0082,Fleet Owner,Manufacturing,West,432697,3,2019-03-17,2024-12-18,2117,14,46,77500928.6,1684802.7956521737,Very Recent Customer,Very High Frequency,High Value,100,93.2,92.2,96.35,3.65,Very Low Churn Risk,Highly Retained,2.61,486
C0142,Retail,Manufacturing,West,34620,1,2019-02-06,2024-12-08,2156,24,45,84828043.0,1885067.6222222222,Very Recent Customer,Very High Frequency,High Value,100,91.0,96.2,96.8,3.2,Very Low Churn Risk,Highly Retained,2.51,487
C0291,Retail,Construction,South,34183,2,2019-03-13,2024-12-03,2121,29,46,79064597.0,1718795.5869565217,Very Recent Customer,Very High Frequency,High Value,100,93.2,93.2,96.6,3.4,Very Low Churn Risk,Highly Retained,2.48,488
C0069,Dealer,Logistics,North,413414,2,2019-02-18,2024-12-11,2144,21,47,77108269.8,1640601.485106383,Very Recent Customer,Very High Frequency,High Value,100,95.1,91.60000000000001,96.68,3.32,Very Low Churn Risk,Highly Retained,2.37,489
C0215,Corporate,Rental,South,647280,5,2019-02-28,2024-12-24,2134,8,49,73940925.4,1508998.4775510204,Very Recent Customer,Very High Frequency,High Value,100,97.89999999999999,88.6,96.62,3.38,Very Low Churn Risk,Highly Retained,2.31,490
C0201,Dealer,Infrastructure,South,468119,4,2019-02-01,2024-12-13,2161,19,47,80475593.0,1712246.6595744682,Very Recent Customer,Very High Frequency,High Value,100,95.1,94.19999999999999,97.32,2.68,Very Low Churn Risk,Highly Retained,1.99,491
C0046,Retail,Rental,West,14743,3,2019-02-03,2024-12-09,2159,23,46,87078641.0,1893013.9347826086,Very Recent Customer,Very High Frequency,High Value,100,93.2,97.39999999999999,97.65,2.35,Very Low Churn Risk,Highly Retained,1.89,492
C0466,Retail,Manufacturing,South,17753,3,2019-03-19,2024-12-13,2115,19,47,88329161.4,1879343.859574468,Very Recent Customer,Very High Frequency,High Value,100,95.1,97.6,98.18,1.82,Very Low Churn Risk,Highly Retained,1.49,493
C0165,Fleet Owner,Manufacturing,North,364580,4,2019-02-27,2024-12-24,2135,8,50,79168592.4,1583371.8480000002,Very Recent Customer,Very High Frequency,High Value,100,98.6,93.4,98.0,2.0,Very Low Churn Risk,Highly Retained,1.46,494
C0304,Dealer,Construction,North,177177,5,2019-01-26,2024-12-25,2167,7,48,86460648.4,1801263.5083333335,Very Recent Customer,Very High Frequency,High Value,100,96.8,97.0,98.45,1.55,Very Low Churn Risk,Highly Retained,1.24,495
C0483,Corporate,Rental,North,511858,1,2019-02-20,2024-12-18,2142,14,47,96130859.2,2045337.4297872342,Very Recent Customer,Very High Frequency,High Value,100,95.1,99.6,98.68,1.32,Very Low Churn Risk,Highly Retained,1.17,496
C0107,Fleet Owner,Construction,North,412425,1,2019-01-16,2024-12-11,2177,21,49,85196217.6,1738698.318367347,Very Recent Customer,Very High Frequency,High Value,100,97.89999999999999,96.39999999999999,98.57,1.43,Very Low Churn Risk,Highly Retained,1.13,497
C0178,Dealer,Logistics,East,178736,1,2019-01-22,2024-12-09,2171,23,54,89493824.6,1657293.048148148,Very Recent Customer,Very High Frequency,High Value,100,99.4,97.8,99.3,0.7,Very Low Churn Risk,Highly Retained,0.58,498
C0475,Fleet Owner,Construction,East,306605,3,2019-01-19,2024-12-18,2174,14,55,94883375.2,1725152.2763636364,Very Recent Customer,Very High Frequency,High Value,100,99.7,99.4,99.78,0.22,Very Low Churn Risk,Highly Retained,0.19,499
C0153,Retail,Rental,East,32014,4,2019-01-17,2024-12-12,2176,20,56,108200489.6,1932151.5999999999,Very Recent Customer,Very High Frequency,High Value,100,100.0,100.0,100.0,0.0,Very Low Churn Risk,Highly Retained,0.0,500
