customer_id,customer_type,industry_segment,region,delivered_order_count,total_revenue,average_order_value,median_order_value,minimum_order_value,maximum_order_value,average_products_per_order,average_units_per_order,total_units_purchased,total_product_revenue,order_value_std,order_value_cv_pct,basket_size_class,order_value_segment,basket_frequency_segment,basket_value_score,basket_behaviour_class,action_focus,basket_behaviour_rank
C0110,Dealer,Logistics,Central,42,90807306.0,2162078.71,1977231.5,28672.0,5811158.8,7.24,86.14,3618,71230450,1476908.61,68.31,Small Basket,High Order Value,High Frequency,95.32,Premium Basket Customer,Protect relationship and promote premium/high-margin products,1
C0206,Retail,Construction,West,40,89674652.2,2241866.31,2064018.7,566.4,5579431.0,6.78,81.38,3255,70279540,1463294.87,65.27,Small Basket,High Order Value,High Frequency,94.18,Premium Basket Customer,Protect relationship and promote premium/high-margin products,2
C0490,Government,Logistics,West,44,84742703.8,1925970.54,1558164.5,20461.2,5433408.0,6.93,83.05,3654,66510660,1443857.5,74.97,Small Basket,High Order Value,High Frequency,91.96,Premium Basket Customer,Protect relationship and promote premium/high-margin products,3
C0240,Corporate,Manufacturing,South,46,92835709.4,2018167.6,1812043.0,32448.0,5559161.0,6.48,74.57,3430,72778580,1527110.71,75.67,Small Basket,High Order Value,Very High Frequency,91.8,Premium Basket Customer,Protect relationship and promote premium/high-margin products,4
C0049,Dealer,Manufacturing,South,39,82316206.2,2110671.95,1884073.0,162240.0,6084164.0,6.77,78.79,3073,64589840,1463807.11,69.35,Small Basket,High Order Value,High Frequency,91.38,Premium Basket Customer,Protect relationship and promote premium/high-margin products,5
C0083,Dealer,Infrastructure,North,45,89672688.2,1992726.4,1663264.0,6844.0,6474399.2,6.38,75.13,3381,70378740,1503621.02,75.46,Small Basket,High Order Value,Very High Frequency,90.37,Premium Basket Customer,Protect relationship and promote premium/high-margin products,6
C0420,Retail,Rental,South,46,92482888.8,2010497.58,1812923.2,566.4,6346810.6,6.3,78.17,3596,72545910,1497815.04,74.5,Small Basket,High Order Value,Very High Frequency,89.96,Premium Basket Customer,Protect relationship and promote premium/high-margin products,7
C0440,Retail,Manufacturing,South,44,82426773.6,1873335.76,1230530.1,9408.0,7055107.4,6.61,75.34,3315,64680520,1648330.36,87.99,Small Basket,High Order Value,High Frequency,89.26,Premium Basket Customer,Protect relationship and promote premium/high-margin products,8
C0062,Dealer,Construction,South,36,78963082.0,2193418.94,1999571.7,10816.0,6867421.6,6.67,84.56,3044,61918150,1781905.18,81.24,Small Basket,High Order Value,High Frequency,88.67,Premium Basket Customer,Protect relationship and promote premium/high-margin products,9
C0466,Retail,Manufacturing,South,47,88329161.4,1879343.86,1409165.6,10266.0,6126273.8,6.34,76.43,3592,69276730,1493616.07,79.48,Small Basket,High Order Value,Very High Frequency,88.18,Premium Basket Customer,Protect relationship and promote premium/high-margin products,10
C0207,Corporate,Rental,East,45,87068691.0,1934859.8,1733907.0,31327.0,6042190.4,6.27,69.98,3149,68312200,1458929.13,75.4,Small Basket,High Order Value,Very High Frequency,87.73,Premium Basket Customer,Protect relationship and promote premium/high-margin products,11
C0495,Fleet Owner,Infrastructure,North,48,94540537.6,1969594.53,1692957.7,1097.4,6258172.0,6.17,73.6,3533,74165320,1583258.6,80.39,Small Basket,High Order Value,Very High Frequency,87.72,Premium Basket Customer,Protect relationship and promote premium/high-margin products,12
C0375,Fleet Owner,Mining,West,42,81286325.6,1935388.7,1657604.9,69915.0,4917113.8,6.33,72.21,3033,63738420,1265522.54,65.39,Small Basket,High Order Value,High Frequency,87.42,Premium Basket Customer,Protect relationship and promote premium/high-margin products,13
C0253,Retail,Rental,West,39,72946151.6,1870414.14,1678677.6,133163.0,4848689.6,6.9,78.82,3074,57279120,1202843.42,64.31,Small Basket,High Order Value,High Frequency,86.88,Premium Basket Customer,Protect relationship and promote premium/high-margin products,14
C0342,Dealer,Infrastructure,North,36,72821567.8,2022821.33,1782723.9,33040.0,4604780.8,6.97,84.36,3037,57066210,1330410.83,65.77,Small Basket,High Order Value,High Frequency,86.78,Premium Basket Customer,Protect relationship and promote premium/high-margin products,15
C0129,Corporate,Mining,North,36,76393252.6,2122034.79,1539725.7,13275.0,7297478.0,6.5,81.64,2939,59941820,1853898.59,87.36,Small Basket,High Order Value,High Frequency,86.12,Premium Basket Customer,Protect relationship and promote premium/high-margin products,16
C0337,Corporate,Manufacturing,North,34,73457151.8,2160504.46,1953453.6,47030.0,7078546.8,6.74,79.62,2707,57585510,1561705.96,72.28,Small Basket,High Order Value,Medium Frequency,85.8,Premium Basket Customer,Protect relationship and promote premium/high-margin products,17
C0153,Retail,Rental,East,56,108200489.6,1932151.6,1406772.4,1357.0,8586100.0,6.04,74.25,4158,84966970,1739404.33,90.02,Small Basket,High Order Value,Very High Frequency,85.38,Premium Basket Customer,Protect relationship and promote premium/high-margin products,18
C0142,Retail,Manufacturing,West,45,84828043.0,1885067.62,1863412.6,3068.0,4705664.0,6.18,72.33,3255,66580100,1268414.35,67.29,Small Basket,High Order Value,Very High Frequency,85.04,Premium Basket Customer,Protect relationship and promote premium/high-margin products,19
C0134,Fleet Owner,Infrastructure,West,48,85243025.2,1775896.36,1479264.2,60687.0,4774446.0,6.58,75.48,3623,66943890,1234575.62,69.52,Small Basket,Medium-High Order Value,Very High Frequency,84.98,Premium Basket Customer,Protect relationship and promote premium/high-margin products,20
C0297,Fleet Owner,Rental,South,34,73065015.6,2148971.05,1789781.4,11894.4,6159083.2,6.56,81.62,2775,57279920,1404527.25,65.36,Small Basket,High Order Value,Medium Frequency,84.5,Premium Basket Customer,Protect relationship and promote premium/high-margin products,21
C0025,Corporate,Infrastructure,West,38,70349653.0,1851306.66,1282542.9,6844.0,6134164.8,6.58,75.97,2887,55220350,1636292.44,88.39,Small Basket,High Order Value,High Frequency,83.48,Premium Basket Customer,Protect relationship and promote premium/high-margin products,22
C0483,Corporate,Rental,North,47,96130859.2,2045337.43,1594272.0,3398.4,6141233.0,5.87,73.49,3454,75352940,1613034.35,78.86,Small Basket,High Order Value,Very High Frequency,83.25,Premium Basket Customer,Protect relationship and promote premium/high-margin products,23
C0294,Government,Infrastructure,South,45,79772077.0,1772712.82,1396243.2,15399.0,5879338.0,6.56,81.2,3654,62587650,1404034.51,79.2,Small Basket,Medium-High Order Value,Very High Frequency,83.16,Premium Basket Customer,Protect relationship and promote premium/high-margin products,24
C0415,Government,Infrastructure,North East,33,68592455.6,2078559.26,1488795.4,10620.0,5670540.0,6.67,85.3,2815,53841670,1611964.03,77.55,Small Basket,High Order Value,Medium Frequency,83.11,Premium Basket Customer,Protect relationship and promote premium/high-margin products,25
C0359,Fleet Owner,Mining,South,46,85617784.0,1861256.17,1356017.4,10266.0,9905439.6,6.11,73.67,3389,67221300,1939327.61,104.19,Small Basket,High Order Value,Very High Frequency,83.1,Premium Basket Customer,Protect relationship and promote premium/high-margin products,26
C0113,Corporate,Logistics,South,41,78713400.0,1919839.02,2014363.6,8850.0,5062128.6,6.15,68.83,2822,61701750,1405189.57,73.19,Small Basket,High Order Value,High Frequency,82.97,Premium Basket Customer,Protect relationship and promote premium/high-margin products,27
C0166,Fleet Owner,Manufacturing,West,32,69504759.6,2172023.74,1710249.2,86144.0,6572959.2,6.62,81.66,2613,54482720,1681176.03,77.4,Small Basket,High Order Value,Medium Frequency,82.94,Premium Basket Customer,Protect relationship and promote premium/high-margin products,28
C0288,Dealer,Infrastructure,North,55,97218403.8,1767607.34,1353536.6,7717.2,5800917.8,6.38,74.84,4116,76291160,1492995.81,84.46,Small Basket,Medium-High Order Value,Very High Frequency,82.9,Premium Basket Customer,Protect relationship and promote premium/high-margin products,29
C0403,Government,Construction,East,45,80523517.0,1789411.49,1734014.0,6844.0,4341199.8,6.38,76.87,3459,63236900,1277347.78,71.38,Small Basket,High Order Value,Very High Frequency,82.87,Premium Basket Customer,Protect relationship and promote premium/high-margin products,30
C0384,Retail,Construction,South,39,72157498.2,1850192.26,1450374.8,28224.0,6232052.0,6.36,77.56,3025,56692240,1478651.52,79.92,Small Basket,High Order Value,High Frequency,82.4,Premium Basket Customer,Protect relationship and promote premium/high-margin products,31
C0102,Government,Infrastructure,East,34,71864051.2,2113648.56,1675721.1,7363.2,9970301.0,6.35,80.47,2736,56370590,1986843.3,94.0,Small Basket,High Order Value,Medium Frequency,81.92,Premium Basket Customer,Protect relationship and promote premium/high-margin products,32
C0482,Fleet Owner,Logistics,East,31,73762403.2,2379432.36,1997371.8,344029.6,7018928.4,6.52,79.39,2461,57846740,1505816.44,63.28,Small Basket,High Order Value,Medium Frequency,81.54,Premium Basket Customer,Protect relationship and promote premium/high-margin products,33
C0042,Fleet Owner,Rental,South,41,73882726.2,1802017.71,1520550.2,10325.0,4680694.8,6.34,72.59,2976,57941340,1244427.13,69.06,Small Basket,High Order Value,High Frequency,81.32,Premium Basket Customer,Protect relationship and promote premium/high-margin products,34
C0491,Dealer,Infrastructure,South,27,65215944.4,2415405.35,1737817.0,11965.2,5961683.4,7.15,88.3,2384,51140830,1738830.36,71.99,Small Basket,High Order Value,Medium Frequency,80.86,Premium Basket Customer,Protect relationship and promote premium/high-margin products,35
C0123,Corporate,Infrastructure,East,36,70019319.0,1944981.08,1549690.9,6844.0,5421238.4,6.28,73.44,2644,54900300,1597441.62,82.13,Small Basket,High Order Value,High Frequency,80.77,Premium Basket Customer,Protect relationship and promote premium/high-margin products,36
C0234,Corporate,Infrastructure,West,29,72295152.4,2492936.29,1642877.0,16225.0,8867456.0,6.59,85.93,2492,56717930,2460226.31,98.69,Small Basket,High Order Value,Medium Frequency,80.68,Premium Basket Customer,Protect relationship and promote premium/high-margin products,37
C0016,Government,Rental,East,35,70872336.2,2024923.89,1312305.8,10816.0,6531599.0,6.29,75.6,2646,55572340,1969283.66,97.25,Small Basket,High Order Value,High Frequency,80.67,Premium Basket Customer,Protect relationship and promote premium/high-margin products,38
C0258,Corporate,Mining,South,28,62250978.4,2223249.23,1987089.7,4389.6,5283641.8,6.79,82.0,2296,48830880,1590805.85,71.55,Small Basket,High Order Value,Medium Frequency,80.54,Premium Basket Customer,Protect relationship and promote premium/high-margin products,39
C0168,Dealer,Infrastructure,West,34,64028787.0,1883199.62,1467569.1,6159.6,4441811.0,6.65,83.65,2844,50309900,1369290.41,72.71,Small Basket,High Order Value,Medium Frequency,80.48,Premium Basket Customer,Protect relationship and promote premium/high-margin products,40
C0272,Government,Construction,North,39,75550922.6,1937203.14,1600137.8,1132.8,5120711.4,6.05,74.08,2889,59253070,1510893.2,77.99,Small Basket,High Order Value,High Frequency,80.38,Premium Basket Customer,Protect relationship and promote premium/high-margin products,41
C0184,Retail,Rental,South,29,61479056.4,2119967.46,1589089.0,31360.0,6890407.0,6.9,80.21,2326,48287230,1861531.73,87.81,Small Basket,High Order Value,Medium Frequency,79.88,Premium Basket Customer,Protect relationship and promote premium/high-margin products,42
C0107,Fleet Owner,Construction,North,49,85196217.6,1738698.32,1576576.0,8897.2,5120619.2,6.33,78.71,3857,66825070,1225612.52,70.49,Small Basket,Medium-High Order Value,Very High Frequency,79.86,Premium Basket Customer,Protect relationship and promote premium/high-margin products,43
C0373,Corporate,Manufacturing,South,38,69753317.8,1835613.63,1759838.6,7528.4,4485659.0,6.32,73.53,2794,54767460,1248878.97,68.04,Small Basket,High Order Value,High Frequency,79.82,Premium Basket Customer,Protect relationship and promote premium/high-margin products,44
C0146,Retail,Mining,West,30,61245406.2,2041513.54,1901972.8,49678.0,5760915.2,6.9,80.23,2407,48058590,1513746.16,74.15,Small Basket,High Order Value,Medium Frequency,79.72,Premium Basket Customer,Protect relationship and promote premium/high-margin products,45
C0475,Fleet Owner,Construction,East,55,94883375.2,1725152.28,1212341.6,7316.0,6320448.0,6.33,75.67,4162,74442140,1623979.17,94.14,Small Basket,Medium-High Order Value,Very High Frequency,79.58,Premium Basket Customer,Protect relationship and promote premium/high-margin products,46
C0246,Retail,Manufacturing,North,35,77080113.6,2202288.96,1658974.6,1097.4,5674611.0,6.06,70.54,2469,60399770,1790474.58,81.3,Small Basket,High Order Value,High Frequency,79.46,Premium Basket Customer,Protect relationship and promote premium/high-margin products,47
C0390,Fleet Owner,Construction,North,32,64132451.0,2004139.09,1549312.8,46610.0,7242225.4,6.56,77.31,2474,50314950,1680050.37,83.83,Small Basket,High Order Value,Medium Frequency,79.4,Premium Basket Customer,Protect relationship and promote premium/high-margin products,48
C0261,Dealer,Manufacturing,North,33,62999554.6,1909077.41,1752576.0,88559.0,5886016.0,6.55,77.36,2553,49449470,1307032.72,68.46,Small Basket,High Order Value,Medium Frequency,78.8,Premium Basket Customer,Protect relationship and promote premium/high-margin products,49
C0221,Dealer,Logistics,North,44,82001959.0,1863680.89,1325081.1,33736.2,7306672.6,5.91,67.45,2968,64336800,1788197.02,95.95,Small Basket,High Order Value,High Frequency,78.41,Premium Basket Customer,Protect relationship and promote premium/high-margin products,50
C0293,Dealer,Logistics,West,36,66815451.4,1855984.76,1547973.5,14089.2,6002288.8,6.31,78.22,2816,52424230,1492345.68,80.41,Small Basket,High Order Value,High Frequency,78.27,Premium Basket Customer,Protect relationship and promote premium/high-margin products,51
C0421,Retail,Construction,South,38,69466242.8,1828059.02,1351586.0,258048.0,6384691.8,6.24,73.63,2798,54492210,1391008.96,76.09,Small Basket,High Order Value,High Frequency,78.1,Premium Basket Customer,Protect relationship and promote premium/high-margin products,52
C0304,Dealer,Construction,North,48,86460648.4,1801263.51,1572055.2,8720.2,4773904.0,5.96,74.29,3566,67903880,1347192.39,74.79,Small Basket,High Order Value,Very High Frequency,78.04,Premium Basket Customer,Protect relationship and promote premium/high-margin products,53
C0367,Fleet Owner,Logistics,South,27,57592654.8,2133061.29,1771552.0,28461.6,6458274.2,6.63,80.3,2168,45173860,1721985.05,80.73,Small Basket,High Order Value,Medium Frequency,78.0,Premium Basket Customer,Protect relationship and promote premium/high-margin products,54
C0257,Corporate,Logistics,North,43,76189558.0,1771850.19,1387416.2,25783.0,5950376.2,6.21,75.91,3264,59812600,1373965.22,77.54,Small Basket,Medium-High Order Value,High Frequency,77.8,Premium Basket Customer,Protect relationship and promote premium/high-margin products,55
C0076,Government,Mining,South,45,80026994.2,1778377.65,1592209.0,4425.0,6294363.0,6.11,68.16,3067,62759940,1329024.16,74.73,Small Basket,Medium-High Order Value,Very High Frequency,77.75,Premium Basket Customer,Protect relationship and promote premium/high-margin products,56
C0385,Corporate,Manufacturing,West,37,67435700.6,1822586.5,1726660.6,68322.0,6138561.8,6.3,73.14,2706,52865670,1314846.11,72.14,Small Basket,High Order Value,High Frequency,77.75,Premium Basket Customer,Protect relationship and promote premium/high-margin products,57
C0013,Dealer,Construction,West,44,76843692.4,1746447.55,1176866.1,15115.8,6451457.2,6.3,75.25,3311,60328180,1633755.07,93.55,Small Basket,Medium-High Order Value,High Frequency,77.74,Premium Basket Customer,Protect relationship and promote premium/high-margin products,58
C0485,Fleet Owner,Rental,West,28,59146123.8,2112361.56,2065374.7,67968.0,5864065.2,6.54,81.75,2289,46389160,1718692.01,81.36,Small Basket,High Order Value,Medium Frequency,77.26,Premium Basket Customer,Protect relationship and promote premium/high-margin products,59
C0200,Retail,Logistics,East,47,84469856.6,1797230.99,1411314.0,29087.0,8955435.0,5.94,74.38,3496,66268870,1648614.21,91.73,Small Basket,High Order Value,Very High Frequency,77.1,Premium Basket Customer,Protect relationship and promote premium/high-margin products,60
C0060,Dealer,Mining,South,44,77163010.4,1753704.78,1647152.4,69915.0,4874240.0,6.2,72.5,3190,60575030,1155317.13,65.88,Small Basket,Medium-High Order Value,High Frequency,76.86,Premium Basket Customer,Protect relationship and promote premium/high-margin products,61
C0138,Corporate,Mining,South,34,62582651.4,1840666.22,1484337.6,104647.2,5561407.8,6.5,74.32,2527,49111730,1246880.1,67.74,Small Basket,High Order Value,Medium Frequency,76.74,Premium Basket Customer,Protect relationship and promote premium/high-margin products,62
C0046,Retail,Rental,West,46,87078641.0,1893013.93,1681789.7,10266.0,5553091.0,5.76,67.59,3109,68236200,1566404.67,82.75,Small Basket,High Order Value,Very High Frequency,76.7,Premium Basket Customer,Protect relationship and promote premium/high-margin products,63
C0070,Government,Logistics,West,41,76883391.4,1875204.67,1379122.2,34998.8,6524567.2,5.88,70.34,2884,60254230,1604047.76,85.54,Small Basket,High Order Value,High Frequency,76.66,Premium Basket Customer,Protect relationship and promote premium/high-margin products,64
C0341,Fleet Owner,Mining,North,36,66838579.4,1856627.21,1784365.9,25937.6,4857331.0,6.19,73.81,2657,52480080,1353732.99,72.91,Small Basket,High Order Value,High Frequency,76.51,Premium Basket Customer,Protect relationship and promote premium/high-margin products,65
C0041,Government,Rental,South,38,68044561.6,1790646.36,1567622.9,38581.0,6516391.0,6.26,74.08,2815,53358620,1349820.84,75.38,Small Basket,High Order Value,High Frequency,76.16,Premium Basket Customer,Protect relationship and promote premium/high-margin products,66
C0055,Dealer,Construction,North,32,59056095.2,1845502.98,1562088.4,105659.6,6459717.2,6.66,82.09,2627,46311140,1420584.77,76.98,Small Basket,High Order Value,Medium Frequency,76.08,Premium Basket Customer,Protect relationship and promote premium/high-margin products,67
C0319,Dealer,Mining,South,33,60426895.0,1831118.03,1730865.4,731.6,4991465.4,6.61,78.42,2588,47364750,1206237.37,65.87,Small Basket,High Order Value,Medium Frequency,76.07,Premium Basket Customer,Protect relationship and promote premium/high-margin products,68
C0009,Corporate,Rental,West,34,68836324.8,2024597.79,1961171.9,212845.0,5024999.0,6.09,78.74,2677,54041610,1403938.54,69.34,Small Basket,High Order Value,Medium Frequency,76.01,Premium Basket Customer,Protect relationship and promote premium/high-margin products,69
C0460,Dealer,Logistics,South,32,64634814.4,2019837.95,1809790.1,23305.0,6338322.0,6.25,80.34,2571,50664330,1457616.54,72.17,Small Basket,High Order Value,Medium Frequency,76.01,Premium Basket Customer,Protect relationship and promote premium/high-margin products,70
C0045,Corporate,Rental,East,42,75275350.6,1792270.25,1349829.7,7363.2,5690555.2,6.05,69.62,2924,59085670,1414965.05,78.95,Small Basket,High Order Value,High Frequency,76.0,Premium Basket Customer,Protect relationship and promote premium/high-margin products,71
C0162,Retail,Mining,East,28,62233145.6,2222612.34,1869235.0,138731.0,8946175.4,6.29,78.86,2208,48770920,1815973.88,81.7,Small Basket,High Order Value,Medium Frequency,75.97,Premium Basket Customer,Protect relationship and promote premium/high-margin products,72
C0128,Retail,Mining,West,33,69172996.2,2096151.4,1844003.0,12791.2,8099458.2,6.06,72.03,2377,54226840,1642850.12,78.37,Small Basket,High Order Value,Medium Frequency,75.57,Premium Basket Customer,Protect relationship and promote premium/high-margin products,73
C0268,Government,Mining,West,32,63709103.6,1990909.49,1749853.7,47908.0,10451981.8,6.25,75.16,2405,49962270,1949875.33,97.94,Small Basket,High Order Value,Medium Frequency,75.51,Premium Basket Customer,Protect relationship and promote premium/high-margin products,74
C0488,Government,Construction,South,37,67251532.8,1817608.99,1160223.0,62720.0,6432144.2,6.19,78.62,2909,52826960,1724289.82,94.87,Small Basket,High Order Value,High Frequency,75.46,Premium Basket Customer,Protect relationship and promote premium/high-margin products,75
C0256,Corporate,Infrastructure,North East,30,58794725.4,1959824.18,1588466.3,15680.0,7253585.6,6.43,79.63,2389,46110780,1813080.78,92.51,Small Basket,High Order Value,Medium Frequency,75.4,Premium Basket Customer,Protect relationship and promote premium/high-margin products,76
C0394,Government,Construction,South,40,69936379.2,1748409.48,1661440.0,14561.2,4494013.4,6.28,73.1,2924,54868190,1238064.41,70.81,Small Basket,Medium-High Order Value,High Frequency,75.1,Premium Basket Customer,Protect relationship and promote premium/high-margin products,77
C0072,Government,Logistics,West,26,55369763.0,2129606.27,1574945.4,16225.0,6264067.2,6.35,76.85,1998,43449850,1792449.37,84.17,Small Basket,High Order Value,Medium Frequency,74.64,Strong Basket Customer,Increase basket breadth through complementary-product recommendations,78
C0453,Dealer,Mining,East,31,59284873.8,1912415.28,1593808.8,19072.0,6065264.0,6.35,81.52,2527,46607160,1484875.11,77.64,Small Basket,High Order Value,Medium Frequency,74.6,Strong Basket Customer,Increase basket breadth through complementary-product recommendations,79
C0433,Dealer,Infrastructure,North,31,57020323.4,1839365.27,1311278.0,24638.4,5283005.4,6.68,81.32,2521,44764880,1606533.04,87.34,Small Basket,High Order Value,Medium Frequency,74.5,Strong Basket Customer,Increase basket breadth through complementary-product recommendations,80
C0284,Corporate,Manufacturing,East,41,69641823.4,1698581.06,1425865.0,5664.0,5006152.8,6.39,74.02,3035,54612880,1195052.91,70.36,Small Basket,Medium-High Order Value,High Frequency,74.38,Strong Basket Customer,Increase basket breadth through complementary-product recommendations,81
C0103,Dealer,Infrastructure,South,40,75304293.2,1882607.33,1650520.8,6796.8,6541864.4,5.8,72.47,2899,59164240,1646221.64,87.44,Small Basket,High Order Value,High Frequency,74.33,Strong Basket Customer,Increase basket breadth through complementary-product recommendations,82
C0445,Government,Mining,East,28,57177744.4,2042062.3,2010426.8,9408.0,6626154.6,6.32,73.75,2065,44860580,1515358.06,74.21,Small Basket,High Order Value,Medium Frequency,74.24,Strong Basket Customer,Increase basket breadth through complementary-product recommendations,83
C0478,Retail,Rental,North,44,75901402.2,1725031.87,1347916.1,50944.0,6056371.4,6.16,71.39,3141,59528290,1426219.28,82.68,Small Basket,Medium-High Order Value,High Frequency,74.14,Strong Basket Customer,Increase basket breadth through complementary-product recommendations,84
C0084,Corporate,Logistics,West,39,73317161.4,1879927.22,1686336.0,32509.0,6879455.0,5.85,65.82,2567,57484480,1492059.54,79.37,Small Basket,High Order Value,High Frequency,74.12,Strong Basket Customer,Increase basket breadth through complementary-product recommendations,85
C0471,Fleet Owner,Logistics,West,37,65501994.2,1770324.17,1421933.0,9499.0,6026997.0,6.3,71.22,2635,51389940,1448969.8,81.85,Small Basket,Medium-High Order Value,High Frequency,74.05,Strong Basket Customer,Increase basket breadth through complementary-product recommendations,86
C0173,Retail,Logistics,South,31,57999777.4,1870960.56,1342102.0,3658.0,6336837.2,6.39,80.71,2502,45510430,1554342.83,83.08,Small Basket,High Order Value,Medium Frequency,73.72,Strong Basket Customer,Increase basket breadth through complementary-product recommendations,87
C0095,Fleet Owner,Logistics,West,29,55610118.2,1917590.28,1671636.2,61242.0,5545179.0,6.41,79.66,2310,43640740,1430320.15,74.59,Small Basket,High Order Value,Medium Frequency,73.46,Strong Basket Customer,Increase basket breadth through complementary-product recommendations,88
C0254,Dealer,Mining,West,48,89556446.6,1865759.3,1545251.7,14750.0,5166005.2,5.6,71.35,3425,70227620,1409782.58,75.56,Small Basket,High Order Value,Very High Frequency,73.1,Strong Basket Customer,Increase basket breadth through complementary-product recommendations,89
C0377,Dealer,Logistics,West,37,68519191.2,1851870.03,1735062.6,2950.0,4680418.0,5.92,72.32,2676,53755340,1356040.25,73.23,Small Basket,High Order Value,High Frequency,72.7,Strong Basket Customer,Increase basket breadth through complementary-product recommendations,90
C0241,Government,Construction,West,39,73396972.0,1881973.64,1241208.0,6844.0,7746595.0,5.77,75.74,2954,57604400,2008528.47,106.72,Small Basket,High Order Value,High Frequency,72.27,Strong Basket Customer,Increase basket breadth through complementary-product recommendations,91
C0116,Dealer,Construction,North,35,64081942.6,1830912.65,1404246.4,7965.0,6406221.6,6.11,71.89,2516,50227070,1482317.96,80.96,Small Basket,High Order Value,High Frequency,72.12,Strong Basket Customer,Increase basket breadth through complementary-product recommendations,92
C0356,Dealer,Mining,East,45,79690881.0,1770908.47,1635004.0,15068.6,5479242.0,5.87,71.51,3218,62479450,1296206.86,73.19,Small Basket,Medium-High Order Value,Very High Frequency,71.92,Strong Basket Customer,Increase basket breadth through complementary-product recommendations,93
C0300,Dealer,Mining,North,40,72746205.0,1818655.12,1669317.0,16425.6,4315433.8,5.85,70.03,2801,57051500,1320225.81,72.59,Small Basket,High Order Value,High Frequency,71.82,Strong Basket Customer,Increase basket breadth through complementary-product recommendations,94
C0419,Fleet Owner,Logistics,West,31,61514207.2,1984329.26,1825716.8,21632.0,5162039.6,6.1,70.9,2198,48221790,1300375.7,65.53,Small Basket,High Order Value,Medium Frequency,71.58,Strong Basket Customer,Increase basket breadth through complementary-product recommendations,95
C0047,Corporate,Rental,West,30,57880918.0,1929363.93,1994118.9,255464.0,6105278.2,6.2,75.73,2272,45416100,1349327.6,69.94,Small Basket,High Order Value,Medium Frequency,71.49,Strong Basket Customer,Increase basket breadth through complementary-product recommendations,96
C0396,Government,Manufacturing,West,38,64506474.4,1697538.8,1423584.6,164506.0,5585847.6,6.39,71.87,2731,50680080,1338645.34,78.86,Small Basket,Medium-High Order Value,High Frequency,71.46,Strong Basket Customer,Increase basket breadth through complementary-product recommendations,97
C0250,Government,Infrastructure,East,43,74416923.4,1730626.13,1615518.0,849.6,6562757.0,6.02,71.28,3065,58330380,1548862.29,89.5,Small Basket,Medium-High Order Value,High Frequency,71.22,Strong Basket Customer,Increase basket breadth through complementary-product recommendations,98
C0259,Fleet Owner,Logistics,South,33,60202150.6,1824307.59,1400832.0,9499.0,5093307.0,6.21,69.52,2294,47259670,1371367.36,75.17,Small Basket,High Order Value,Medium Frequency,71.08,Strong Basket Customer,Increase basket breadth through complementary-product recommendations,99
C0476,Fleet Owner,Infrastructure,North,34,73746173.2,2169005.09,1689117.2,13184.0,7369705.6,5.76,67.56,2297,57777740,1745262.06,80.46,Small Basket,High Order Value,Medium Frequency,71.06,Strong Basket Customer,Increase basket breadth through complementary-product recommendations,100
C0082,Fleet Owner,Manufacturing,West,46,77500928.6,1684802.8,1045413.0,9204.0,6150494.0,6.07,69.7,3206,60929520,1583402.93,93.98,Small Basket,Medium-High Order Value,Very High Frequency,70.96,Strong Basket Customer,Increase basket breadth through complementary-product recommendations,101
C0307,Dealer,Manufacturing,West,42,73655534.6,1753703.2,1800114.0,2926.4,3804006.8,5.93,70.74,2971,57776220,1149015.84,65.52,Small Basket,Medium-High Order Value,High Frequency,70.95,Strong Basket Customer,Increase basket breadth through complementary-product recommendations,102
C0015,Government,Rental,West,34,61028370.8,1794952.08,1501686.3,6867.6,5279340.2,6.24,69.12,2350,47922560,1413549.38,78.75,Small Basket,High Order Value,Medium Frequency,70.87,Strong Basket Customer,Increase basket breadth through complementary-product recommendations,103
C0189,Government,Manufacturing,South,35,61121980.8,1746342.31,1649904.0,1829.0,6043003.2,6.4,78.63,2752,47996060,1377427.95,78.88,Small Basket,Medium-High Order Value,High Frequency,70.78,Strong Basket Customer,Increase basket breadth through complementary-product recommendations,104
C0376,Retail,Construction,North,29,52106248.6,1796767.19,1258261.4,19765.0,7187450.0,6.79,80.59,2337,40903770,1810146.06,100.74,Small Basket,High Order Value,Medium Frequency,70.72,Strong Basket Customer,Increase basket breadth through complementary-product recommendations,105
C0447,Fleet Owner,Rental,East,33,61334243.8,1858613.45,1502976.8,46315.0,5105725.6,6.06,76.48,2524,48124660,1529316.55,82.28,Small Basket,High Order Value,Medium Frequency,70.37,Strong Basket Customer,Increase basket breadth through complementary-product recommendations,106
C0141,Corporate,Rental,West,36,66220737.2,1839464.92,1216413.4,9062.4,5640418.8,5.92,67.56,2432,51926540,1627481.53,88.48,Small Basket,High Order Value,High Frequency,70.29,Strong Basket Customer,Increase basket breadth through complementary-product recommendations,107
C0213,Fleet Owner,Rental,West,30,66248437.6,2208281.25,2079297.2,5640.4,6383120.0,5.9,73.77,2213,51921070,1682883.59,76.21,Small Basket,High Order Value,Medium Frequency,70.2,Strong Basket Customer,Increase basket breadth through complementary-product recommendations,108
C0030,Corporate,Construction,South,32,58263942.8,1820748.21,1324381.4,37170.0,9144403.2,6.25,77.53,2481,45703710,1857250.84,102.0,Small Basket,High Order Value,Medium Frequency,70.11,Strong Basket Customer,Increase basket breadth through complementary-product recommendations,109
C0312,Government,Construction,West,37,65437706.6,1768586.66,1451456.2,93315.0,6414244.0,6.05,72.68,2689,51311620,1371891.89,77.57,Small Basket,Medium-High Order Value,High Frequency,69.84,Strong Basket Customer,Increase basket breadth through complementary-product recommendations,110
C0469,Government,Manufacturing,North,40,68502617.4,1712565.44,1356428.3,6584.4,5168905.0,6.1,70.5,2820,53714930,1317300.87,76.92,Small Basket,Medium-High Order Value,High Frequency,69.82,Strong Basket Customer,Increase basket breadth through complementary-product recommendations,111
C0422,Government,Construction,South,37,65678984.2,1775107.68,1658707.0,18816.0,4845456.0,6.03,71.76,2655,51607190,1411654.25,79.52,Small Basket,Medium-High Order Value,High Frequency,69.6,Strong Basket Customer,Increase basket breadth through complementary-product recommendations,112
C0357,Corporate,Mining,West,28,57734552.2,2061948.29,2091872.7,68121.4,7081630.0,6.04,70.75,1981,45252290,1567090.21,76.0,Small Basket,High Order Value,Medium Frequency,69.56,Strong Basket Customer,Increase basket breadth through complementary-product recommendations,113
C0406,Dealer,Logistics,West,32,64818334.4,2025572.95,1600575.5,46578.0,5633603.4,5.88,72.25,2312,50826330,1662309.48,82.07,Small Basket,High Order Value,Medium Frequency,69.33,Strong Basket Customer,Increase basket breadth through complementary-product recommendations,114
C0329,Dealer,Infrastructure,Central,36,64307436.8,1786317.69,1265583.5,16576.0,4995538.4,6.03,68.89,2480,50414010,1514545.15,84.79,Small Basket,High Order Value,High Frequency,69.23,Strong Basket Customer,Increase basket breadth through complementary-product recommendations,115
C0498,Fleet Owner,Construction,East,28,64864362.8,2316584.39,1610843.9,50480.4,8244842.0,5.89,75.71,2120,50845460,2238821.52,96.64,Small Basket,High Order Value,Medium Frequency,69.08,Strong Basket Customer,Increase basket breadth through complementary-product recommendations,116
C0202,Government,Logistics,North,28,50389917.2,1799639.9,1453942.1,99055.0,5630216.4,6.57,77.96,2183,39546540,1445024.12,80.3,Small Basket,High Order Value,Medium Frequency,69.02,Strong Basket Customer,Increase basket breadth through complementary-product recommendations,117
C0464,Corporate,Infrastructure,North,38,67405736.8,1773835.18,1344709.9,5522.4,6386541.2,5.92,74.76,2841,52908510,1693971.92,95.5,Small Basket,Medium-High Order Value,High Frequency,68.98,Strong Basket Customer,Increase basket breadth through complementary-product recommendations,118
C0331,Dealer,Logistics,North,42,67826105.8,1614907.28,1288770.8,117024.0,5704534.0,6.52,79.33,3332,53327060,1464328.87,90.68,Small Basket,Medium-Low Order Value,High Frequency,68.92,Strong Basket Customer,Increase basket breadth through complementary-product recommendations,119
C0071,Corporate,Rental,North,42,72076738.0,1716112.81,1128966.5,70656.0,8168383.2,5.93,73.45,3085,56572600,1666722.94,97.12,Small Basket,Medium-High Order Value,High Frequency,68.85,Strong Basket Customer,Increase basket breadth through complementary-product recommendations,120
C0201,Dealer,Infrastructure,South,47,80475593.0,1712246.66,1454612.4,11894.4,5666462.6,5.87,70.77,3326,63133600,1357872.99,79.3,Small Basket,Medium-High Order Value,Very High Frequency,68.75,Strong Basket Customer,Increase basket breadth through complementary-product recommendations,121
C0374,Corporate,Manufacturing,West,41,68389697.6,1668041.4,1227200.2,6631.6,4869679.0,6.15,71.9,2948,53669570,1265009.8,75.84,Small Basket,Medium-High Order Value,High Frequency,68.37,Strong Basket Customer,Increase basket breadth through complementary-product recommendations,122
C0109,Retail,Mining,South,44,69451949.0,1578453.39,1464979.9,46652.8,3701021.8,6.66,75.18,3308,54539050,1027254.76,65.08,Small Basket,Medium-Low Order Value,High Frequency,68.32,Strong Basket Customer,Increase basket breadth through complementary-product recommendations,123
C0448,Fleet Owner,Logistics,East,36,68495840.4,1902662.23,1098740.2,15292.8,7597278.6,5.72,70.17,2526,53706280,1711314.81,89.94,Small Basket,High Order Value,High Frequency,68.26,Strong Basket Customer,Increase basket breadth through complementary-product recommendations,124
C0226,Dealer,Logistics,West,26,47025541.0,1808674.65,1768907.2,108160.0,3750645.0,6.58,79.42,2065,36902950,997844.71,55.17,Small Basket,High Order Value,Medium Frequency,68.26,Strong Basket Customer,Increase basket breadth through complementary-product recommendations,125
C0193,Dealer,Infrastructure,West,38,67795348.0,1784088.11,1536069.9,2655.0,5629116.0,5.87,70.13,2665,53179600,1363858.14,76.45,Small Basket,High Order Value,High Frequency,68.23,Strong Basket Customer,Increase basket breadth through complementary-product recommendations,126
C0230,Dealer,Infrastructure,North,38,62086661.8,1633859.52,1508059.5,41840.0,4758421.2,6.63,78.18,2971,48757760,1201142.69,73.52,Small Basket,Medium-High Order Value,High Frequency,68.16,Strong Basket Customer,Increase basket breadth through complementary-product recommendations,127
C0295,Corporate,Mining,East,38,65390145.6,1720793.31,1373638.0,74104.0,8237411.0,6.05,71.82,2729,51330170,1606116.32,93.34,Small Basket,Medium-High Order Value,High Frequency,67.95,Strong Basket Customer,Increase basket breadth through complementary-product recommendations,128
C0005,Dealer,Construction,West,45,74996415.4,1666587.01,1544836.8,7186.2,4953340.0,6.0,71.8,3231,58882280,1294386.68,77.67,Small Basket,Medium-High Order Value,Very High Frequency,67.76,Strong Basket Customer,Increase basket breadth through complementary-product recommendations,129
C0169,Fleet Owner,Construction,West,40,69450095.6,1736252.39,1492808.6,3681.6,4629859.0,5.9,68.78,2751,54509920,1304536.18,75.14,Small Basket,Medium-High Order Value,High Frequency,67.56,Strong Basket Customer,Increase basket breadth through complementary-product recommendations,130
C0064,Corporate,Manufacturing,North,32,57893888.0,1809184.0,1421189.1,17157.2,6069874.6,6.12,70.0,2240,45390350,1580974.41,87.39,Small Basket,High Order Value,Medium Frequency,67.44,Strong Basket Customer,Increase basket breadth through complementary-product recommendations,131
C0462,Retail,Logistics,South,49,82777824.6,1689343.36,1453210.0,6785.0,5864712.8,5.86,72.37,3546,64949220,1434768.95,84.93,Small Basket,Medium-High Order Value,Very High Frequency,67.3,Strong Basket Customer,Increase basket breadth through complementary-product recommendations,132
C0260,Dealer,Logistics,South,32,55524668.6,1735145.89,1666473.3,9263.0,4696228.0,6.5,73.19,2342,43590270,1292309.2,74.48,Small Basket,Medium-High Order Value,Medium Frequency,67.08,Strong Basket Customer,Increase basket breadth through complementary-product recommendations,133
C0178,Dealer,Logistics,East,54,89493824.6,1657293.05,1338191.5,94819.2,6565429.0,5.91,68.39,3693,70236970,1250003.56,75.42,Small Basket,Medium-High Order Value,Very High Frequency,67.0,Strong Basket Customer,Increase basket breadth through complementary-product recommendations,134
C0069,Dealer,Logistics,North,47,77108269.8,1640601.49,1380615.6,4814.4,6514369.4,6.04,71.3,3351,60517360,1346014.42,82.04,Small Basket,Medium-High Order Value,Very High Frequency,66.88,Strong Basket Customer,Increase basket breadth through complementary-product recommendations,135
C0161,Dealer,Mining,West,37,60837361.2,1644253.01,1492534.0,6584.4,6565388.0,6.49,76.62,2835,47774340,1383995.56,84.17,Small Basket,Medium-High Order Value,High Frequency,66.7,Strong Basket Customer,Increase basket breadth through complementary-product recommendations,136
C0247,Corporate,Logistics,East,39,67759559.6,1737424.61,1646208.0,31898.0,4647834.0,5.9,73.38,2862,53174220,1289660.74,74.23,Small Basket,Medium-High Order Value,High Frequency,66.6,Strong Basket Customer,Increase basket breadth through complementary-product recommendations,137
C0424,Retail,Construction,West,35,58183379.4,1662382.27,1432424.0,21995.2,4832227.2,6.54,77.54,2714,45692330,1272551.85,76.55,Small Basket,Medium-High Order Value,High Frequency,66.52,Strong Basket Customer,Increase basket breadth through complementary-product recommendations,138
C0457,Retail,Manufacturing,East,33,56578805.4,1714509.25,1381093.4,15399.0,6188822.4,6.42,76.03,2509,44351780,1455168.55,84.87,Small Basket,Medium-High Order Value,Medium Frequency,66.52,Strong Basket Customer,Increase basket breadth through complementary-product recommendations,139
C0063,Retail,Rental,North,38,72065344.4,1896456.43,1659343.1,30798.0,7811161.6,5.53,67.66,2571,56519080,1766381.53,93.14,Small Basket,High Order Value,High Frequency,66.46,Strong Basket Customer,Increase basket breadth through complementary-product recommendations,140
C0484,Fleet Owner,Mining,West,27,48200851.6,1785216.73,1400148.6,242915.0,4934956.0,6.48,80.0,2160,37883370,1400227.91,78.43,Small Basket,High Order Value,Medium Frequency,66.24,Strong Basket Customer,Increase basket breadth through complementary-product recommendations,141
C0149,Government,Manufacturing,West,38,65235052.4,1716711.91,1489179.7,27739.0,7066794.0,5.97,67.53,2566,51241680,1474441.48,85.89,Small Basket,Medium-High Order Value,High Frequency,66.21,Strong Basket Customer,Increase basket breadth through complementary-product recommendations,142
C0459,Retail,Logistics,East,41,71816909.8,1751631.95,1464868.4,44083.2,4992761.0,5.78,69.49,2849,56361360,1548589.73,88.41,Small Basket,Medium-High Order Value,High Frequency,66.06,Strong Basket Customer,Increase basket breadth through complementary-product recommendations,143
C0492,Dealer,Rental,East,35,61798115.2,1765660.43,1490810.4,105984.0,6006162.0,6.03,75.29,2635,48527140,1429426.09,80.96,Small Basket,Medium-High Order Value,High Frequency,65.64,Strong Basket Customer,Increase basket breadth through complementary-product recommendations,144
C0244,Government,Logistics,North,44,77550764.4,1762517.37,1466306.0,24072.0,6039104.0,5.68,67.23,2958,60886580,1465246.1,83.13,Small Basket,Medium-High Order Value,High Frequency,65.54,Strong Basket Customer,Increase basket breadth through complementary-product recommendations,145
C0059,Retail,Manufacturing,South,32,56859509.4,1776859.67,1598695.1,1227.2,5012084.2,6.16,73.16,2341,44636580,1385543.66,77.98,Small Basket,Medium-High Order Value,Medium Frequency,65.5,Strong Basket Customer,Increase basket breadth through complementary-product recommendations,146
C0191,Corporate,Manufacturing,South,29,65787839.8,2268546.2,1768448.0,15680.0,7760856.8,5.72,74.66,2165,51572860,2145132.92,94.56,Small Basket,High Order Value,Medium Frequency,65.46,Strong Basket Customer,Increase basket breadth through complementary-product recommendations,147
C0311,Government,Infrastructure,North,41,69331648.2,1691015.81,1277325.0,7976.8,5875455.2,5.9,67.8,2780,54370990,1539007.55,91.01,Small Basket,Medium-High Order Value,High Frequency,65.2,Strong Basket Customer,Increase basket breadth through complementary-product recommendations,148
C0264,Retail,Infrastructure,West,36,67321592.8,1870044.24,1397878.1,365.8,5778544.2,5.64,66.56,2396,52753710,1597693.12,85.44,Small Basket,High Order Value,High Frequency,64.98,Strong Basket Customer,Increase basket breadth through complementary-product recommendations,149
C0355,Government,Infrastructure,South,32,58903770.4,1840742.82,1749266.0,2926.4,5377543.8,5.91,70.59,2259,46214030,1385772.34,75.28,Small Basket,High Order Value,Medium Frequency,64.98,Strong Basket Customer,Increase basket breadth through complementary-product recommendations,150
C0383,Fleet Owner,Infrastructure,North,41,68192154.0,1663223.27,1560448.0,1097.4,5612063.0,5.95,67.83,2781,53480050,1304361.28,78.42,Small Basket,Medium-High Order Value,High Frequency,64.89,Strong Basket Customer,Increase basket breadth through complementary-product recommendations,151
C0363,Fleet Owner,Logistics,South,32,53560072.2,1673752.26,1287730.3,44908.0,7839785.0,6.72,78.25,2504,42048290,1718768.01,102.69,Small Basket,Medium-High Order Value,Medium Frequency,64.78,Strong Basket Customer,Increase basket breadth through complementary-product recommendations,152
C0165,Fleet Owner,Manufacturing,North,50,79168592.4,1583371.85,1404370.7,53443.4,4754816.0,6.12,69.92,3496,62168180,1008482.49,63.69,Small Basket,Medium-Low Order Value,Very High Frequency,64.22,Strong Basket Customer,Increase basket breadth through complementary-product recommendations,153
C0349,Corporate,Rental,West,33,56613876.0,1715572.0,1214251.4,50445.0,9896112.0,6.24,74.52,2459,44485700,1900415.55,110.77,Small Basket,Medium-High Order Value,Medium Frequency,64.14,Strong Basket Customer,Increase basket breadth through complementary-product recommendations,154
C0455,Retail,Logistics,Central,35,63287015.4,1808200.44,1337110.0,1711.0,8075806.8,5.8,71.23,2493,49656280,1754474.66,97.03,Small Basket,High Order Value,High Frequency,64.13,Strong Basket Customer,Increase basket breadth through complementary-product recommendations,155
C0444,Dealer,Manufacturing,South,30,50928809.0,1697626.97,1779203.0,169096.0,4413709.6,6.77,86.2,2586,39970050,965998.69,56.9,Small Basket,Medium-High Order Value,Medium Frequency,64.1,Strong Basket Customer,Increase basket breadth through complementary-product recommendations,156
C0156,Government,Manufacturing,South,33,67117436.4,2033861.71,2026330.0,7646.4,7765100.0,5.58,72.97,2408,52631480,1669818.99,82.1,Small Basket,High Order Value,Medium Frequency,63.6,Strong Basket Customer,Increase basket breadth through complementary-product recommendations,157
C0137,Dealer,Infrastructure,South,21,42806442.6,2038402.03,1729930.2,97344.0,6886682.4,5.86,78.86,1656,33571570,1643097.97,80.61,Small Basket,High Order Value,Low Frequency,63.46,Strong Basket Customer,Increase basket breadth through complementary-product recommendations,158
C0066,Retail,Manufacturing,Central,32,54037060.8,1688658.15,1374057.4,5097.6,5302098.4,6.47,74.81,2394,42371560,1323781.82,78.39,Small Basket,Medium-High Order Value,Medium Frequency,63.42,Strong Basket Customer,Increase basket breadth through complementary-product recommendations,159
C0126,Dealer,Manufacturing,South,33,64059034.8,1941182.87,1232096.4,39400.2,7434227.4,5.64,68.85,2272,50213860,1855774.06,95.6,Small Basket,High Order Value,Medium Frequency,63.3,Strong Basket Customer,Increase basket breadth through complementary-product recommendations,160
C0101,Corporate,Logistics,South,38,62629058.6,1648133.12,1506739.2,16047.0,5942734.0,6.13,74.47,2830,49185770,1254371.81,76.11,Small Basket,Medium-High Order Value,High Frequency,63.3,Strong Basket Customer,Increase basket breadth through complementary-product recommendations,161
C0291,Retail,Construction,South,46,79064597.0,1718795.59,1441764.5,40768.0,7201697.0,5.61,64.54,2969,61983900,1536447.91,89.39,Small Basket,Medium-High Order Value,Very High Frequency,63.24,Strong Basket Customer,Increase basket breadth through complementary-product recommendations,162
C0210,Retail,Infrastructure,West,30,53509817.8,1783660.59,1494048.0,32509.0,5497597.0,6.07,67.87,2036,41928210,1529798.0,85.77,Small Basket,High Order Value,Medium Frequency,62.5,Strong Basket Customer,Increase basket breadth through complementary-product recommendations,163
C0381,Corporate,Mining,South,29,62038399.0,2139255.14,1440332.8,13184.0,6845687.6,5.66,67.97,1971,48585550,1846761.01,86.33,Small Basket,High Order Value,Medium Frequency,62.34,Strong Basket Customer,Increase basket breadth through complementary-product recommendations,164
C0255,Retail,Infrastructure,South,45,71144094.2,1580979.87,1455844.2,2053.2,5010891.6,6.11,71.93,3237,55876690,1128766.2,71.4,Small Basket,Medium-Low Order Value,Very High Frequency,62.15,Strong Basket Customer,Increase basket breadth through complementary-product recommendations,165
C0006,Government,Construction,West,40,65482805.4,1637070.14,1469578.2,26160.6,5745789.4,6.0,68.42,2737,51412280,1329168.26,81.19,Small Basket,Medium-High Order Value,High Frequency,62.04,Strong Basket Customer,Increase basket breadth through complementary-product recommendations,166
C0026,Fleet Owner,Mining,North,36,60554977.0,1682082.69,1319620.3,122078.0,6658688.0,6.03,74.42,2679,47482150,1509202.2,89.72,Small Basket,Medium-High Order Value,High Frequency,61.83,Strong Basket Customer,Increase basket breadth through complementary-product recommendations,167
C0051,Retail,Infrastructure,North,36,59420710.4,1650575.29,1271525.7,86661.6,5350889.2,6.17,71.83,2586,46593280,1275941.17,77.3,Small Basket,Medium-High Order Value,High Frequency,61.72,Strong Basket Customer,Increase basket breadth through complementary-product recommendations,168
C0281,Government,Logistics,South,26,46282268.6,1780087.25,1565934.0,47318.0,4286883.8,6.19,71.12,1849,36333020,1288422.66,72.38,Small Basket,High Order Value,Medium Frequency,61.46,Strong Basket Customer,Increase basket breadth through complementary-product recommendations,169
C0318,Corporate,Logistics,North,36,62202116.0,1727836.56,1741328.5,1227.2,4063416.0,5.86,70.75,2547,48754200,1190738.46,68.91,Small Basket,Medium-High Order Value,High Frequency,61.43,Strong Basket Customer,Increase basket breadth through complementary-product recommendations,170
C0127,Government,Construction,East,28,48960650.8,1748594.67,1713576.1,34998.8,4573880.0,6.25,76.21,2134,38456060,1205741.76,68.95,Small Basket,Medium-High Order Value,Medium Frequency,61.27,Strong Basket Customer,Increase basket breadth through complementary-product recommendations,171
C0245,Dealer,Logistics,South,33,56554752.6,1713780.38,1725292.2,4755.4,5331467.6,6.09,68.73,2268,44342070,1312201.82,76.57,Small Basket,Medium-High Order Value,Medium Frequency,61.22,Strong Basket Customer,Increase basket breadth through complementary-product recommendations,172
C0135,Retail,Rental,South,35,62791824.6,1794052.13,1663050.0,14030.2,4680398.0,5.71,63.51,2223,49182970,1347226.16,75.09,Small Basket,High Order Value,High Frequency,61.11,Strong Basket Customer,Increase basket breadth through complementary-product recommendations,173
C0425,Dealer,Manufacturing,South,41,67882732.6,1655676.4,1175920.0,82880.0,5159783.0,5.83,62.02,2543,53232320,1309397.76,79.09,Small Basket,Medium-High Order Value,High Frequency,61.04,Strong Basket Customer,Increase basket breadth through complementary-product recommendations,174
C0195,Fleet Owner,Logistics,East,31,56797913.6,1832190.76,1712933.4,40768.0,6345962.8,5.81,67.55,2094,44526020,1526627.75,83.32,Small Basket,High Order Value,Medium Frequency,60.92,Strong Basket Customer,Increase basket breadth through complementary-product recommendations,175
C0039,Fleet Owner,Rental,South,38,62706510.2,1650171.32,1479484.0,11800.0,5432100.6,5.97,75.34,2863,49221640,1498380.33,90.8,Small Basket,Medium-High Order Value,High Frequency,60.91,Strong Basket Customer,Increase basket breadth through complementary-product recommendations,176
C0131,Corporate,Rental,South,32,59008448.8,1844014.02,1344378.7,92630.0,6233903.0,5.75,69.62,2228,46237660,1597368.89,86.62,Small Basket,High Order Value,Medium Frequency,60.91,Strong Basket Customer,Increase basket breadth through complementary-product recommendations,177
C0371,Retail,Rental,South,47,82052808.0,1745804.43,1357440.0,6749.6,5973471.4,5.45,60.51,2844,64331600,1530332.43,87.66,Small Basket,Medium-High Order Value,Very High Frequency,60.9,Strong Basket Customer,Increase basket breadth through complementary-product recommendations,178
C0326,Government,Mining,East,42,66177447.4,1575653.51,1355802.3,2194.8,4552623.8,6.17,67.93,2853,51922180,1354234.77,85.95,Small Basket,Medium-Low Order Value,High Frequency,60.88,Strong Basket Customer,Increase basket breadth through complementary-product recommendations,179
C0497,Government,Logistics,South,30,51439335.2,1714644.51,1185899.4,126686.0,6819184.2,6.27,75.97,2279,40341140,1377065.58,80.31,Small Basket,Medium-High Order Value,Medium Frequency,60.85,Strong Basket Customer,Increase basket breadth through complementary-product recommendations,180
C0186,Fleet Owner,Infrastructure,East,40,70676837.0,1766920.92,1376074.0,3292.2,5600723.2,5.52,70.38,2815,55408900,1533992.76,86.82,Small Basket,Medium-High Order Value,High Frequency,60.73,Strong Basket Customer,Increase basket breadth through complementary-product recommendations,181
C0364,Government,Infrastructure,East,32,54408370.8,1700261.59,1399459.0,30290.6,4029449.0,6.19,73.69,2358,42733560,1206851.06,70.98,Small Basket,Medium-High Order Value,Medium Frequency,60.7,Strong Basket Customer,Increase basket breadth through complementary-product recommendations,182
C0398,Government,Rental,South,35,57843305.6,1652665.87,1273592.0,32509.0,6610140.8,6.17,75.11,2629,45379170,1399261.99,84.67,Small Basket,Medium-High Order Value,High Frequency,60.56,Strong Basket Customer,Increase basket breadth through complementary-product recommendations,183
C0111,Corporate,Construction,South,33,55916542.2,1694440.67,1383004.6,10266.0,4965744.0,6.12,75.67,2497,43914790,1345218.41,79.39,Small Basket,Medium-High Order Value,Medium Frequency,60.46,Strong Basket Customer,Increase basket breadth through complementary-product recommendations,184
C0023,Corporate,Mining,South,32,58217713.2,1819303.54,1307301.3,11977.0,5860772.2,5.78,68.16,2181,45671740,1552421.55,85.33,Small Basket,High Order Value,Medium Frequency,60.44,Strong Basket Customer,Increase basket breadth through complementary-product recommendations,185
C0073,Corporate,Rental,North,32,56970903.6,1780340.74,1353601.9,21952.0,5358915.6,5.88,67.22,2151,44726770,1618991.71,90.94,Small Basket,High Order Value,Medium Frequency,60.43,Strong Basket Customer,Increase basket breadth through complementary-product recommendations,186
C0192,Fleet Owner,Logistics,East,40,69269688.4,1731742.21,1111406.5,5097.6,5102365.2,5.6,64.22,2569,54295880,1547168.91,89.34,Small Basket,Medium-High Order Value,High Frequency,60.4,Strong Basket Customer,Increase basket breadth through complementary-product recommendations,187
C0472,Dealer,Manufacturing,South,34,54888819.4,1614377.04,1500706.4,1475.0,4041090.0,6.53,78.5,2669,43087580,1177393.09,72.93,Small Basket,Medium-Low Order Value,Medium Frequency,60.27,Strong Basket Customer,Increase basket breadth through complementary-product recommendations,188
C0430,Retail,Manufacturing,West,27,44879330.8,1662197.44,1401385.0,7646.4,4887364.6,7.04,78.33,2115,35197560,1283343.17,77.21,Small Basket,Medium-High Order Value,Medium Frequency,60.2,Strong Basket Customer,Increase basket breadth through complementary-product recommendations,189
C0233,Government,Logistics,East,28,49889164.0,1781755.86,1338134.0,34220.0,5219109.2,6.04,75.21,2106,39173800,1389171.14,77.97,Small Basket,High Order Value,Medium Frequency,60.06,Strong Basket Customer,Increase basket breadth through complementary-product recommendations,190
C0282,Government,Logistics,East,44,69381309.6,1576847.95,1350919.6,26550.0,4996571.0,6.05,72.73,3200,54475470,1148485.22,72.83,Small Basket,Medium-Low Order Value,High Frequency,60.02,Strong Basket Customer,Increase basket breadth through complementary-product recommendations,191
C0215,Corporate,Rental,South,49,73940925.4,1508998.48,1352846.2,1829.0,3942115.6,6.22,75.31,3690,58120530,984485.94,65.24,Small Basket,Medium-Low Order Value,Very High Frequency,59.92,Strong Basket Customer,Increase basket breadth through complementary-product recommendations,192
C0249,Corporate,Construction,West,35,63391180.8,1811176.59,1476341.0,18585.0,5676290.2,5.6,69.69,2439,49712310,1364197.97,75.32,Small Basket,High Order Value,High Frequency,59.9,Strong Basket Customer,Increase basket breadth through complementary-product recommendations,193
C0477,Government,Construction,West,36,57746038.6,1604056.63,1399342.8,82237.2,4246147.6,6.31,74.08,2667,45286770,1004304.7,62.61,Small Basket,Medium-Low Order Value,High Frequency,59.77,Strong Basket Customer,Increase basket breadth through complementary-product recommendations,194
C0436,Fleet Owner,Logistics,East,34,57784314.2,1699538.65,1514175.6,4790.8,3814440.4,6.0,74.41,2530,45357190,1198598.6,70.52,Small Basket,Medium-High Order Value,Medium Frequency,59.74,Strong Basket Customer,Increase basket breadth through complementary-product recommendations,195
C0333,Corporate,Mining,South,39,63220923.0,1621049.31,1252161.0,17700.0,5589180.0,6.0,72.69,2835,49686600,1323019.84,81.62,Small Basket,Medium-High Order Value,High Frequency,59.5,Strong Basket Customer,Increase basket breadth through complementary-product recommendations,196
C0468,Fleet Owner,Rental,South,49,75254807.6,1535812.4,1119793.6,8590.4,5477343.0,6.06,70.16,3438,59022070,1494669.94,97.32,Small Basket,Medium-Low Order Value,Very High Frequency,59.44,Strong Basket Customer,Increase basket breadth through complementary-product recommendations,197
C0050,Dealer,Mining,East,27,56151044.8,2079668.33,2000292.8,18526.0,5049947.0,5.59,71.48,1930,44016360,1511865.28,72.7,Small Basket,High Order Value,Medium Frequency,59.26,Strong Basket Customer,Increase basket breadth through complementary-product recommendations,198
C0340,Government,Mining,South,35,63532821.6,1815223.47,1555676.8,16225.0,6407954.2,5.57,73.94,2588,49824870,1527417.72,84.14,Small Basket,High Order Value,High Frequency,59.13,Strong Basket Customer,Increase basket breadth through complementary-product recommendations,199
C0056,Dealer,Mining,North,36,60885469.8,1691263.05,1043777.0,59140.0,5634526.4,5.86,69.39,2498,47730860,1633159.56,96.56,Small Basket,Medium-High Order Value,High Frequency,58.73,Strong Basket Customer,Increase basket breadth through complementary-product recommendations,200
C0263,Government,Rental,South,35,61677496.4,1762214.18,1588390.0,263857.0,6098922.2,5.74,72.91,2552,48351480,1317165.12,74.74,Small Basket,Medium-High Order Value,High Frequency,58.58,Strong Basket Customer,Increase basket breadth through complementary-product recommendations,201
C0380,Fleet Owner,Manufacturing,South,50,77887431.8,1557748.64,1165201.8,20532.0,6051279.8,5.92,72.28,3614,61154260,1355637.47,87.03,Small Basket,Medium-Low Order Value,Very High Frequency,58.52,Strong Basket Customer,Increase basket breadth through complementary-product recommendations,202
C0171,Fleet Owner,Construction,South,30,55348450.2,1844948.34,1237928.4,35116.8,6025054.4,5.73,70.03,2101,43403890,1629214.3,88.31,Small Basket,High Order Value,Medium Frequency,58.5,Strong Basket Customer,Increase basket breadth through complementary-product recommendations,203
C0197,Government,Manufacturing,West,47,77464617.6,1648183.35,1074122.6,3398.4,7317882.4,5.64,67.7,3182,60798070,1596896.39,96.89,Small Basket,Medium-High Order Value,Very High Frequency,58.28,Strong Basket Customer,Increase basket breadth through complementary-product recommendations,204
C0463,Dealer,Mining,West,35,55370560.0,1582016.0,1379908.0,13688.0,5621929.0,6.46,74.77,2617,43452000,1173211.18,74.16,Small Basket,Medium-Low Order Value,High Frequency,58.12,Strong Basket Customer,Increase basket breadth through complementary-product recommendations,205
C0152,Corporate,Manufacturing,South,40,62249804.2,1556245.1,1181131.5,20650.0,4566513.6,6.15,73.3,2932,48907690,1294444.94,83.18,Small Basket,Medium-Low Order Value,High Frequency,58.0,Strong Basket Customer,Increase basket breadth through complementary-product recommendations,206
C0306,Fleet Owner,Manufacturing,East,42,69813587.0,1662228.26,1440427.5,9204.0,4262823.0,5.67,63.07,2649,54784400,1232772.98,74.16,Small Basket,Medium-High Order Value,High Frequency,57.99,Strong Basket Customer,Increase basket breadth through complementary-product recommendations,207
C0273,Dealer,Manufacturing,East,37,60830001.0,1644054.08,1238400.0,6844.0,6372605.8,5.92,68.86,2548,47764950,1550433.5,94.31,Small Basket,Medium-High Order Value,High Frequency,57.9,Strong Basket Customer,Increase basket breadth through complementary-product recommendations,208
C0368,Fleet Owner,Construction,South,31,51837532.8,1672178.48,1374118.8,108160.0,5087955.0,6.19,69.19,2145,40673710,1357697.78,81.19,Small Basket,Medium-High Order Value,Medium Frequency,57.76,Strong Basket Customer,Increase basket breadth through complementary-product recommendations,209
C0343,Corporate,Construction,West,40,68419201.6,1710480.04,1581906.4,1711.0,5709083.2,5.55,66.8,2672,53611870,1414803.0,82.71,Small Basket,Medium-High Order Value,High Frequency,57.38,Strong Basket Customer,Increase basket breadth through complementary-product recommendations,210
C0379,Retail,Mining,West,41,64194052.6,1565708.6,1295869.0,22243.0,4314174.4,6.02,70.71,2899,50443570,1147895.63,73.31,Small Basket,Medium-Low Order Value,High Frequency,56.96,Strong Basket Customer,Increase basket breadth through complementary-product recommendations,211
C0461,Corporate,Infrastructure,North,36,56714684.2,1575407.89,1283170.6,14750.0,3840428.8,6.28,75.42,2715,44543940,1124331.95,71.37,Small Basket,Medium-Low Order Value,High Frequency,56.77,Strong Basket Customer,Increase basket breadth through complementary-product recommendations,212
C0086,Retail,Construction,West,29,59655682.6,2057092.5,1922304.0,89379.0,5812182.4,5.45,71.34,2069,46746570,1419663.75,69.01,Small Basket,High Order Value,Medium Frequency,56.64,Strong Basket Customer,Increase basket breadth through complementary-product recommendations,213
C0176,Dealer,Logistics,South,42,66901722.8,1592898.16,1405072.9,7528.4,5301528.6,5.86,68.38,2872,52504460,1311212.41,82.32,Small Basket,Medium-Low Order Value,High Frequency,56.54,Strong Basket Customer,Increase basket breadth through complementary-product recommendations,214
C0286,Dealer,Construction,South,36,60273490.2,1674263.62,1526628.7,10277.8,5722726.8,5.81,73.33,2640,47333390,1414003.55,84.46,Small Basket,Medium-High Order Value,High Frequency,56.53,Strong Basket Customer,Increase basket breadth through complementary-product recommendations,215
C0449,Fleet Owner,Logistics,West,32,55700286.8,1740633.96,1244270.6,8850.0,8249724.0,5.84,70.28,2249,43705510,1723231.02,99.0,Small Basket,Medium-High Order Value,Medium Frequency,56.44,Strong Basket Customer,Increase basket breadth through complementary-product recommendations,216
C0328,Government,Rental,East,37,62646507.6,1693148.85,1550282.4,16284.0,4991253.6,5.7,68.62,2539,49201820,1333716.35,78.77,Small Basket,Medium-High Order Value,High Frequency,56.42,Strong Basket Customer,Increase basket breadth through complementary-product recommendations,217
C0335,Government,Infrastructure,North East,38,60351028.0,1588184.95,1312574.7,168192.0,4810934.8,6.03,72.87,2769,47401100,1194325.38,75.2,Small Basket,Medium-Low Order Value,High Frequency,56.24,Strong Basket Customer,Increase basket breadth through complementary-product recommendations,218
C0358,Government,Infrastructure,West,36,59405501.6,1650152.82,1075714.9,81892.0,6565514.8,5.89,66.61,2398,46632120,1387356.85,84.07,Small Basket,Medium-High Order Value,High Frequency,56.18,Strong Basket Customer,Increase basket breadth through complementary-product recommendations,219
C0231,Government,Infrastructure,West,32,51646725.4,1613960.17,1620303.0,88913.0,3560916.6,6.38,75.94,2430,40582530,1036645.82,64.23,Small Basket,Medium-Low Order Value,Medium Frequency,56.17,Strong Basket Customer,Increase basket breadth through complementary-product recommendations,220
C0077,Corporate,Mining,North,34,57865492.6,1701926.25,1392862.9,13003.6,6648400.6,5.82,69.68,2369,45390570,1551157.51,91.14,Small Basket,Medium-High Order Value,Medium Frequency,56.08,Strong Basket Customer,Increase basket breadth through complementary-product recommendations,221
C0310,Government,Infrastructure,East,39,59059490.6,1514345.91,1450675.2,5664.0,4499194.6,6.28,72.23,2817,46376420,1233753.87,81.47,Small Basket,Medium-Low Order Value,High Frequency,55.74,Strong Basket Customer,Increase basket breadth through complementary-product recommendations,222
C0411,Corporate,Mining,South,43,72229183.0,1679748.44,1449070.0,29606.2,5278811.4,5.47,63.91,2748,56645350,1383533.46,82.37,Small Basket,Medium-High Order Value,High Frequency,54.96,Strong Basket Customer,Increase basket breadth through complementary-product recommendations,223
C0154,Fleet Owner,Logistics,North,45,74171590.6,1648257.57,1173583.0,16992.0,6695301.0,5.49,68.27,3072,58187170,1502329.72,91.15,Small Basket,Medium-High Order Value,Very High Frequency,54.62,Strong Basket Customer,Increase basket breadth through complementary-product recommendations,224
C0302,Fleet Owner,Mining,West,36,63607092.0,1766863.67,1757938.7,3304.0,5214536.0,5.47,69.61,2506,49894150,1485422.01,84.07,Small Basket,Medium-High Order Value,High Frequency,54.42,Strong Basket Customer,Increase basket breadth through complementary-product recommendations,225
C0429,Fleet Owner,Logistics,West,42,69444114.2,1653431.29,1398039.5,18526.0,5160195.8,5.52,64.26,2699,54510440,1370643.21,82.9,Small Basket,Medium-High Order Value,High Frequency,54.28,Strong Basket Customer,Increase basket breadth through complementary-product recommendations,226
C0093,Dealer,Manufacturing,South,36,57944235.8,1609562.11,1121799.3,2053.2,5789897.0,5.94,70.06,2522,45460060,1371894.16,85.23,Small Basket,Medium-Low Order Value,High Frequency,54.06,Strong Basket Customer,Increase basket breadth through complementary-product recommendations,227
C0067,Retail,Manufacturing,West,31,55575120.6,1792745.83,1452988.8,2926.4,5455396.8,5.61,68.87,2135,43570420,1642574.39,91.62,Small Basket,High Order Value,Medium Frequency,54.05,Strong Basket Customer,Increase basket breadth through complementary-product recommendations,228
C0227,Fleet Owner,Infrastructure,East,34,57926647.6,1703724.93,1301027.8,8472.4,6739410.4,5.74,63.88,2172,45457070,1630287.34,95.69,Small Basket,Medium-High Order Value,Medium Frequency,54.02,Strong Basket Customer,Increase basket breadth through complementary-product recommendations,229
C0167,Retail,Mining,West,31,50383279.4,1625267.08,1448855.0,23305.0,4861574.4,6.23,72.39,2244,39616580,1252589.32,77.07,Small Basket,Medium-High Order Value,Medium Frequency,53.9,Strong Basket Customer,Increase basket breadth through complementary-product recommendations,230
C0228,Government,Construction,South,34,61132479.4,1798014.1,1299739.6,1097.4,6152039.0,5.44,65.71,2234,47933580,1848593.44,102.81,Small Basket,High Order Value,Medium Frequency,53.86,Strong Basket Customer,Increase basket breadth through complementary-product recommendations,231
C0032,Government,Logistics,West,44,71991263.0,1636165.07,1548196.8,3398.4,4287341.6,5.55,68.52,3015,56493850,1264739.51,77.3,Small Basket,Medium-High Order Value,High Frequency,53.85,Strong Basket Customer,Increase basket breadth through complementary-product recommendations,232
C0097,Corporate,Construction,West,26,47499351.2,1826898.12,1186250.6,8212.8,7507964.0,5.69,70.08,1822,37217840,1681522.69,92.04,Small Basket,High Order Value,Medium Frequency,53.57,Strong Basket Customer,Increase basket breadth through complementary-product recommendations,233
C0053,Fleet Owner,Construction,North,27,45016037.4,1667260.64,1222771.4,61483.2,4965583.8,6.15,69.41,1874,35369930,1361963.58,81.69,Small Basket,Medium-High Order Value,Medium Frequency,53.38,Strong Basket Customer,Increase basket breadth through complementary-product recommendations,234
C0235,Fleet Owner,Mining,East,38,60478356.4,1591535.69,1418996.1,7363.2,4847519.4,5.87,68.47,2602,47454230,1205566.43,75.75,Small Basket,Medium-Low Order Value,High Frequency,53.33,Strong Basket Customer,Increase basket breadth through complementary-product recommendations,235
C0237,Dealer,Infrastructure,South,44,74820743.4,1700471.44,1162791.5,1711.0,6571930.0,5.18,59.77,2630,58676380,1719126.96,101.1,Small Basket,Medium-High Order Value,High Frequency,53.12,Strong Basket Customer,Increase basket breadth through complementary-product recommendations,236
C0198,Government,Mining,West,36,63577917.2,1766053.26,1195926.4,12744.0,8435794.2,5.42,65.97,2375,49819290,1712980.08,96.99,Small Basket,Medium-High Order Value,High Frequency,53.12,Strong Basket Customer,Increase basket breadth through complementary-product recommendations,237
C0270,Corporate,Manufacturing,North,43,68114112.8,1584049.13,1456797.0,3964.8,5889436.0,5.72,65.37,2811,53374960,1227191.95,77.47,Small Basket,Medium-Low Order Value,High Frequency,53.02,Strong Basket Customer,Increase basket breadth through complementary-product recommendations,238
C0481,Corporate,Logistics,South,39,60397194.2,1548646.01,1288372.0,76646.8,5439969.0,5.92,73.1,2851,47455190,1290911.89,83.36,Small Basket,Medium-Low Order Value,High Frequency,52.62,Strong Basket Customer,Increase basket breadth through complementary-product recommendations,239
C0365,Government,Manufacturing,East,39,60336743.2,1547095.98,1403356.2,194688.0,6181926.0,5.92,69.15,2697,47362240,1234212.79,79.78,Small Basket,Medium-Low Order Value,High Frequency,52.42,Strong Basket Customer,Increase basket breadth through complementary-product recommendations,240
C0443,Dealer,Infrastructure,East,40,64951558.8,1623788.97,1188822.0,2454.4,5935339.4,5.62,69.15,2766,50982660,1452678.3,89.46,Small Basket,Medium-High Order Value,High Frequency,52.12,Strong Basket Customer,Increase basket breadth through complementary-product recommendations,241
C0140,Retail,Logistics,West,37,60136648.6,1625314.83,1237635.0,18585.0,6098688.0,5.76,67.51,2498,47230520,1524795.4,93.82,Small Basket,Medium-High Order Value,High Frequency,51.96,Strong Basket Customer,Increase basket breadth through complementary-product recommendations,242
C0369,Government,Manufacturing,West,40,64656844.2,1616421.1,1250016.1,6655.2,6959971.2,5.65,64.92,2597,50690940,1504594.84,93.08,Small Basket,Medium-Low Order Value,High Frequency,51.76,Strong Basket Customer,Increase basket breadth through complementary-product recommendations,243
C0486,Government,Manufacturing,West,34,52620254.4,1547654.54,1259544.3,24426.0,5020677.0,6.24,74.09,2519,41350080,1082243.03,69.93,Small Basket,Medium-Low Order Value,Medium Frequency,51.47,Strong Basket Customer,Increase basket breadth through complementary-product recommendations,244
C0348,Retail,Logistics,North,34,50897650.4,1496989.72,1192623.0,109863.8,5425493.6,6.53,73.97,2515,39978280,1192019.24,79.63,Small Basket,Medium-Low Order Value,Medium Frequency,51.47,Strong Basket Customer,Increase basket breadth through complementary-product recommendations,245
C0269,Government,Mining,South,41,61642030.4,1503464.16,1285301.8,46610.0,3754647.0,5.95,69.85,2864,48367030,969309.67,64.47,Small Basket,Medium-Low Order Value,High Frequency,51.39,Strong Basket Customer,Increase basket breadth through complementary-product recommendations,246
C0315,Dealer,Rental,West,40,61457629.4,1536440.74,1220924.2,18172.0,4758769.6,5.88,68.6,2744,48208830,1266648.91,82.44,Small Basket,Medium-Low Order Value,High Frequency,51.19,Strong Basket Customer,Increase basket breadth through complementary-product recommendations,247
C0408,Government,Infrastructure,South,36,60127186.2,1670199.62,1489858.5,7929.6,4409726.4,5.58,73.03,2629,47201090,1199987.82,71.85,Small Basket,Medium-High Order Value,High Frequency,51.13,Strong Basket Customer,Increase basket breadth through complementary-product recommendations,248
C0065,Corporate,Mining,West,36,59751563.6,1659765.66,1472002.5,35341.0,4001524.0,5.61,65.83,2370,46865770,1245392.2,75.03,Small Basket,Medium-High Order Value,High Frequency,51.02,Strong Basket Customer,Increase basket breadth through complementary-product recommendations,249
C0232,Government,Mining,South,37,57544368.0,1555253.19,1399329.0,4106.4,5103526.8,5.92,68.78,2545,45159600,1193585.69,76.75,Small Basket,Medium-Low Order Value,High Frequency,50.5,Strong Basket Customer,Increase basket breadth through complementary-product recommendations,250
C0360,Dealer,Construction,West,31,54662201.0,1763296.81,1955348.6,32509.0,4219521.2,5.58,72.03,2233,42914200,1287522.74,73.02,Small Basket,Medium-High Order Value,Medium Frequency,50.38,Strong Basket Customer,Increase basket breadth through complementary-product recommendations,251
C0052,Government,Manufacturing,North East,35,56612172.2,1617490.63,1519527.2,48981.8,4785792.0,5.83,65.66,2298,44420040,1351652.68,83.56,Small Basket,Medium-Low Order Value,High Frequency,50.23,Strong Basket Customer,Increase basket breadth through complementary-product recommendations,252
C0344,Fleet Owner,Mining,West,28,48151864.0,1719709.43,1458431.0,21381.6,5408813.4,5.79,70.43,1972,37729300,1349620.45,78.48,Small Basket,Medium-High Order Value,Medium Frequency,50.19,Strong Basket Customer,Increase basket breadth through complementary-product recommendations,253
C0216,Government,Mining,East,39,62009378.6,1589984.07,1009408.0,95604.2,6149787.6,5.69,63.95,2494,48655520,1451970.2,91.32,Small Basket,Medium-Low Order Value,High Frequency,49.85,Developing Basket Customer,Increase basket breadth through complementary-product recommendations,254
C0160,Retail,Rental,West,44,70762190.2,1608231.6,1382776.5,4790.8,4576032.4,5.48,64.02,2817,55534390,1365022.62,84.88,Small Basket,Medium-Low Order Value,High Frequency,49.62,Developing Basket Customer,Increase basket breadth through complementary-product recommendations,255
C0106,Dealer,Infrastructure,Central,39,58339475.8,1495883.99,1292046.8,94814.0,4512128.0,5.97,69.64,2716,45839560,1026695.62,68.63,Small Basket,Medium-Low Order Value,High Frequency,49.62,Developing Basket Customer,Increase basket breadth through complementary-product recommendations,256
C0054,Fleet Owner,Manufacturing,South,37,63424926.8,1714187.21,1217462.0,5900.0,5816638.0,5.27,60.49,2238,49743760,1666828.32,97.24,Small Basket,Medium-High Order Value,High Frequency,49.49,Developing Basket Customer,Increase basket breadth through complementary-product recommendations,257
C0114,Retail,Mining,East,33,48515792.8,1470175.54,1088197.0,56394.6,5126531.0,6.61,75.21,2482,38178710,1135894.02,77.26,Small Basket,Medium-Low Order Value,Medium Frequency,49.37,Developing Basket Customer,Increase basket breadth through complementary-product recommendations,258
C0500,Corporate,Infrastructure,East,27,44474866.6,1647217.28,1339125.6,9499.0,5533710.0,6.04,73.15,1975,34912870,1292011.93,78.44,Small Basket,Medium-High Order Value,Medium Frequency,49.32,Developing Basket Customer,Increase basket breadth through complementary-product recommendations,259
C0428,Retail,Construction,North,43,66337820.6,1542740.01,1307506.8,2926.4,4356038.4,5.7,67.95,2922,52052170,1080288.78,70.02,Small Basket,Medium-Low Order Value,High Frequency,49.06,Developing Basket Customer,Increase basket breadth through complementary-product recommendations,260
C0211,Fleet Owner,Manufacturing,South,42,59389779.2,1414042.36,1134515.1,65254.0,5170106.6,6.07,74.43,3126,46705690,1155720.65,81.73,Small Basket,Low Order Value,High Frequency,48.76,Developing Basket Customer,Increase basket breadth through complementary-product recommendations,261
C0223,Corporate,Logistics,West,33,54079206.6,1638763.84,1264192.0,4755.4,4756857.2,5.79,72.27,2385,42492870,1285452.46,78.44,Small Basket,Medium-High Order Value,Medium Frequency,48.7,Developing Basket Customer,Increase basket breadth through complementary-product recommendations,262
C0033,Government,Mining,South,30,49354094.2,1645136.47,1293854.0,176038.0,5678833.4,5.9,69.53,2086,38713690,1386512.94,84.28,Small Basket,Medium-High Order Value,Medium Frequency,48.5,Developing Basket Customer,Increase basket breadth through complementary-product recommendations,263
C0401,Government,Logistics,North East,36,58231157.8,1617532.16,1552200.4,10195.2,6226216.8,5.69,63.61,2290,45711960,1257898.33,77.77,Small Basket,Medium-High Order Value,High Frequency,48.36,Developing Basket Customer,Increase basket breadth through complementary-product recommendations,264
C0354,Corporate,Logistics,South,37,56690884.8,1532186.08,1370880.0,2737.6,4713035.2,5.89,70.14,2595,44585860,1170571.94,76.4,Small Basket,Medium-Low Order Value,High Frequency,47.93,Developing Basket Customer,Increase basket breadth through complementary-product recommendations,265
C0418,Government,Mining,West,30,47167025.6,1572234.19,1136397.8,1357.0,6597767.0,6.2,69.7,2091,37023670,1482053.61,94.26,Small Basket,Medium-Low Order Value,Medium Frequency,47.79,Developing Basket Customer,Increase basket breadth through complementary-product recommendations,266
C0088,Corporate,Infrastructure,West,36,57330201.8,1592505.61,1569472.9,10620.0,4624374.0,5.75,64.0,2304,44991010,1206010.23,75.73,Small Basket,Medium-Low Order Value,High Frequency,47.75,Developing Basket Customer,Increase basket breadth through complementary-product recommendations,267
C0133,Government,Mining,South,29,51247358.0,1767150.28,1837568.0,6218.6,4899577.0,5.52,65.45,1898,40181100,1349975.11,76.39,Small Basket,Medium-High Order Value,Medium Frequency,47.61,Developing Basket Customer,Increase basket breadth through complementary-product recommendations,268
C0159,Dealer,Construction,South,34,49934036.2,1468648.12,1295066.2,14927.0,4110390.8,6.29,70.82,2408,39245590,1077468.12,73.36,Small Basket,Medium-Low Order Value,Medium Frequency,47.16,Developing Basket Customer,Increase basket breadth through complementary-product recommendations,269
C0217,Corporate,Infrastructure,North,36,61360958.2,1704471.06,1373077.5,2714.0,4576766.4,5.19,64.97,2339,48179740,1343946.35,78.85,Small Basket,Medium-High Order Value,High Frequency,46.78,Developing Basket Customer,Increase basket breadth through complementary-product recommendations,270
C0251,Dealer,Mining,North,36,60544705.8,1681797.38,1160406.4,8850.0,5978285.6,5.33,62.58,2253,47504560,1572582.79,93.51,Small Basket,Medium-High Order Value,High Frequency,46.55,Developing Basket Customer,Increase basket breadth through complementary-product recommendations,271
C0441,Dealer,Construction,North,31,47045233.8,1517588.19,1408164.2,7976.8,3793706.6,6.32,76.84,2382,37017660,1110189.63,73.15,Small Basket,Medium-Low Order Value,Medium Frequency,46.52,Developing Basket Customer,Increase basket breadth through complementary-product recommendations,272
C0414,Dealer,Construction,South,40,66316815.6,1657920.39,988002.9,8142.0,6038474.4,5.03,61.92,2477,52044170,1740715.44,104.99,Small Basket,Medium-High Order Value,High Frequency,46.42,Developing Basket Customer,Increase basket breadth through complementary-product recommendations,273
C0314,Retail,Logistics,East,36,58625243.8,1628478.99,1204665.5,35282.0,5734866.2,5.56,62.11,2236,46037410,1456130.46,89.42,Small Basket,Medium-High Order Value,High Frequency,46.38,Developing Basket Customer,Increase basket breadth through complementary-product recommendations,274
C0276,Dealer,Manufacturing,Central,44,67350598.6,1530695.42,1070175.9,86452.0,6525621.0,5.59,64.55,2840,52803770,1558680.78,101.83,Small Basket,Medium-Low Order Value,High Frequency,46.28,Developing Basket Customer,Increase basket breadth through complementary-product recommendations,275
C0321,Retail,Logistics,South,38,54558976.4,1435762.54,1201577.9,28969.0,4424024.6,6.05,67.82,2577,42809230,1054311.3,73.43,Small Basket,Low Order Value,High Frequency,46.25,Developing Basket Customer,Increase basket breadth through complementary-product recommendations,276
C0413,Fleet Owner,Manufacturing,South,41,62380011.4,1521463.69,1213888.0,1132.8,5126008.2,5.71,66.76,2737,48986230,1241120.11,81.57,Small Basket,Medium-Low Order Value,High Frequency,46.22,Developing Basket Customer,Increase basket breadth through complementary-product recommendations,277
C0214,Corporate,Rental,West,31,50612095.0,1632648.23,1618161.4,56172.0,5093943.0,5.81,70.32,2180,39709250,1438161.11,88.09,Small Basket,Medium-High Order Value,Medium Frequency,46.02,Developing Basket Customer,Increase basket breadth through complementary-product recommendations,278
C0395,Corporate,Manufacturing,East,44,64514679.8,1466242.72,1041133.2,15399.0,5186192.0,5.77,66.77,2938,50643860,1194953.27,81.5,Small Basket,Medium-Low Order Value,High Frequency,45.98,Developing Basket Customer,Increase basket breadth through complementary-product recommendations,279
C0339,Fleet Owner,Logistics,South,24,40193008.4,1674708.68,1601043.1,11044.8,4536500.4,5.79,68.54,1645,31557880,1399628.26,83.57,Small Basket,Medium-High Order Value,Low Frequency,45.72,Developing Basket Customer,Increase basket breadth through complementary-product recommendations,280
C0243,Government,Construction,North,28,42431751.6,1515419.7,1222362.6,9628.8,3480120.6,6.5,73.18,2049,33315370,1010412.78,66.68,Small Basket,Medium-Low Order Value,Medium Frequency,45.64,Developing Basket Customer,Increase basket breadth through complementary-product recommendations,281
C0143,Corporate,Infrastructure,South,27,44644618.2,1653504.38,1600854.4,34220.0,6225460.2,5.81,70.04,1891,35058490,1438308.7,86.99,Small Basket,Medium-High Order Value,Medium Frequency,45.56,Developing Basket Customer,Increase basket breadth through complementary-product recommendations,282
C0366,Corporate,Logistics,East,26,43711261.8,1681202.38,1450491.0,6218.6,5714314.4,5.77,65.19,1695,34264010,1500822.15,89.27,Small Basket,Medium-High Order Value,Medium Frequency,45.49,Developing Basket Customer,Increase basket breadth through complementary-product recommendations,283
C0130,Government,Mining,West,39,60017312.8,1538905.46,1164267.0,11044.8,4873627.0,5.67,66.92,2610,47103710,1332058.11,86.56,Small Basket,Medium-Low Order Value,High Frequency,45.31,Developing Basket Customer,Increase basket breadth through complementary-product recommendations,284
C0438,Corporate,Rental,East,39,61720027.0,1582564.79,1030234.2,5097.6,4989440.0,5.51,65.69,2562,48432400,1496599.27,94.57,Small Basket,Medium-Low Order Value,High Frequency,45.3,Developing Basket Customer,Increase basket breadth through complementary-product recommendations,285
C0157,Dealer,Infrastructure,North,34,55572804.4,1634494.25,1325086.0,5664.0,4300721.0,5.59,69.0,2346,43654580,1219334.99,74.6,Small Basket,Medium-High Order Value,Medium Frequency,45.1,Developing Basket Customer,Increase basket breadth through complementary-product recommendations,286
C0158,Corporate,Infrastructure,East,36,58875735.2,1635437.09,1036638.5,49793.2,6215545.0,5.47,65.25,2349,46231390,1639589.0,100.25,Small Basket,Medium-High Order Value,High Frequency,44.92,Developing Basket Customer,Increase basket breadth through complementary-product recommendations,287
C0036,Fleet Owner,Construction,East,31,48929201.8,1578361.35,1391939.2,204612.0,4187610.0,5.94,66.48,2061,38418260,1072264.04,67.94,Small Basket,Medium-Low Order Value,Medium Frequency,44.92,Developing Basket Customer,Increase basket breadth through complementary-product recommendations,288
C0265,Retail,Mining,West,29,47931619.6,1652814.47,1417596.6,6372.0,4432869.2,5.76,67.52,1958,37594220,1235556.83,74.75,Small Basket,Medium-High Order Value,Medium Frequency,44.9,Developing Basket Customer,Increase basket breadth through complementary-product recommendations,289
C0435,Dealer,Manufacturing,South,50,73908258.2,1478165.16,1296816.3,6796.8,4284160.0,5.58,62.9,3145,57957990,1195649.59,80.89,Small Basket,Medium-Low Order Value,Very High Frequency,44.64,Developing Basket Customer,Increase basket breadth through complementary-product recommendations,290
C0057,Retail,Logistics,East,32,49701788.6,1553180.89,1182198.1,9817.6,5668793.4,5.94,70.5,2256,39001020,1357618.1,87.41,Small Basket,Medium-Low Order Value,Medium Frequency,44.36,Developing Basket Customer,Increase basket breadth through complementary-product recommendations,291
C0242,Government,Construction,South,47,73225487.6,1557989.1,966327.8,25665.0,5650194.6,5.3,62.94,2958,57416320,1480471.06,95.02,Small Basket,Medium-Low Order Value,Very High Frequency,44.0,Developing Basket Customer,Increase basket breadth through complementary-product recommendations,292
C0208,Fleet Owner,Logistics,North,30,46904115.8,1563470.53,878613.4,4661.0,4600808.4,6.0,69.53,2086,36866060,1425959.95,91.2,Small Basket,Medium-Low Order Value,Medium Frequency,43.68,Developing Basket Customer,Increase basket breadth through complementary-product recommendations,293
C0434,Corporate,Mining,Central,33,54575670.2,1653808.19,1066971.0,20532.0,4919421.0,5.48,64.55,2130,42768890,1428675.95,86.39,Small Basket,Medium-High Order Value,Medium Frequency,43.6,Developing Basket Customer,Increase basket breadth through complementary-product recommendations,294
C0048,Dealer,Mining,South,31,49413459.2,1593982.55,1065014.4,5121.2,5635300.0,5.81,65.9,2043,38811940,1422347.56,89.23,Small Basket,Medium-Low Order Value,Medium Frequency,43.32,Developing Basket Customer,Increase basket breadth through complementary-product recommendations,295
C0017,Government,Infrastructure,South,39,59194497.0,1517807.62,986708.4,7965.0,4901028.2,5.67,62.56,2440,46409400,1335476.17,87.99,Small Basket,Medium-Low Order Value,High Frequency,43.11,Developing Basket Customer,Increase basket breadth through complementary-product recommendations,296
C0098,Corporate,Mining,East,35,56088743.0,1602535.51,1178292.6,2832.0,4855902.0,5.57,68.03,2381,44013350,1440340.94,89.88,Small Basket,Medium-Low Order Value,High Frequency,42.83,Developing Basket Customer,Increase basket breadth through complementary-product recommendations,297
C0426,Dealer,Infrastructure,North East,35,57207251.0,1634492.89,1360247.8,6950.2,4803942.2,5.46,66.71,2335,44884200,1244970.99,76.17,Small Basket,Medium-High Order Value,High Frequency,42.81,Developing Basket Customer,Increase basket breadth through complementary-product recommendations,298
C0175,Fleet Owner,Rental,East,36,59434888.8,1650969.13,1270199.5,16576.0,5033641.8,5.22,61.31,2207,46583410,1415364.26,85.73,Small Basket,Medium-High Order Value,High Frequency,42.8,Developing Basket Customer,Increase basket breadth through complementary-product recommendations,299
C0417,Fleet Owner,Mining,East,32,51984530.4,1624516.58,1443654.4,28166.6,5926978.0,5.66,66.72,2135,40806780,1413395.58,87.0,Small Basket,Medium-High Order Value,Medium Frequency,42.75,Developing Basket Customer,Increase basket breadth through complementary-product recommendations,300
C0499,Corporate,Construction,East,39,62785837.0,1609893.26,1265283.8,1097.4,5980032.0,5.23,62.41,2434,49218150,1366370.03,84.87,Small Basket,Medium-Low Order Value,High Frequency,42.63,Developing Basket Customer,Increase basket breadth through complementary-product recommendations,301
C0296,Corporate,Manufacturing,East,40,56944680.8,1423617.02,1157976.4,5664.0,4359864.8,5.82,63.95,2558,44706560,1212889.25,85.2,Small Basket,Low Order Value,High Frequency,42.44,Developing Basket Customer,Increase basket breadth through complementary-product recommendations,302
C0362,Corporate,Rental,West,37,53495189.2,1445815.92,1105769.0,5522.4,4175915.6,5.89,67.27,2489,41935190,1151304.51,79.63,Small Basket,Medium-Low Order Value,High Frequency,42.43,Developing Basket Customer,Increase basket breadth through complementary-product recommendations,303
C0442,Dealer,Logistics,East,33,53527848.6,1622056.02,1365440.6,9499.0,4370885.4,5.58,64.76,2137,41966020,1162283.6,71.65,Small Basket,Medium-High Order Value,Medium Frequency,42.3,Developing Basket Customer,Increase basket breadth through complementary-product recommendations,304
C0124,Dealer,Construction,West,42,54870405.8,1306438.23,1196685.5,11044.8,4853906.0,6.02,69.21,2907,43084310,1055883.01,80.82,Small Basket,Low Order Value,High Frequency,42.22,Developing Basket Customer,Increase basket breadth through complementary-product recommendations,305
C0190,Retail,Manufacturing,North,35,56351528.4,1610043.67,1645575.6,2926.4,4941465.8,5.49,64.31,2251,44179380,1331119.5,82.68,Small Basket,Medium-Low Order Value,High Frequency,41.86,Developing Basket Customer,Increase basket breadth through complementary-product recommendations,306
C0280,Corporate,Construction,West,42,59078520.8,1406631.45,1221096.1,2053.2,4186403.0,5.79,64.1,2692,46383310,1209659.31,86.0,Small Basket,Low Order Value,High Frequency,41.73,Developing Basket Customer,Increase basket breadth through complementary-product recommendations,307
C0081,Corporate,Rental,West,37,56355210.0,1523113.78,975378.0,18585.0,6351855.6,5.68,72.32,2676,44271750,1539776.49,101.09,Small Basket,Medium-Low Order Value,High Frequency,41.64,Developing Basket Customer,Increase basket breadth through complementary-product recommendations,308
C0489,Fleet Owner,Rental,South,47,70625273.0,1502665.38,1169342.4,1227.2,5253902.2,5.43,65.19,3064,55400350,1367687.99,91.02,Small Basket,Medium-Low Order Value,Very High Frequency,41.5,Developing Basket Customer,Increase basket breadth through complementary-product recommendations,309
C0338,Corporate,Rental,West,33,52210070.0,1582123.33,1109661.0,4023.8,4242496.0,5.7,60.88,2009,40964750,1362266.83,86.1,Small Basket,Medium-Low Order Value,Medium Frequency,41.49,Developing Basket Customer,Increase basket breadth through complementary-product recommendations,310
C0361,Government,Logistics,South,32,52532617.8,1641644.31,1486588.5,12083.2,4602000.0,5.5,67.47,2159,41202210,1242324.54,75.68,Small Basket,Medium-High Order Value,Medium Frequency,41.26,Developing Basket Customer,Increase basket breadth through complementary-product recommendations,311
C0325,Corporate,Rental,East,30,52920013.4,1764000.45,1119839.8,19072.0,6525703.6,5.07,58.0,1740,41524630,1801286.53,102.11,Small Basket,Medium-High Order Value,Medium Frequency,41.24,Developing Basket Customer,Increase basket breadth through complementary-product recommendations,312
C0267,Fleet Owner,Infrastructure,South,29,46440405.2,1601393.28,1733788.4,5664.0,3696799.0,5.79,69.24,2008,36465390,1093874.2,68.31,Small Basket,Medium-Low Order Value,Medium Frequency,41.07,Developing Basket Customer,Increase basket breadth through complementary-product recommendations,313
C0085,Retail,Mining,South,37,60463527.2,1634149.38,1216579.2,7316.0,6582355.4,5.11,60.22,2228,47385290,1596445.97,97.69,Small Basket,Medium-High Order Value,High Frequency,41.06,Developing Basket Customer,Increase basket breadth through complementary-product recommendations,314
C0096,Corporate,Construction,South,34,51986858.4,1529025.25,985219.9,22726.8,5657594.4,5.79,63.79,2169,40828880,1412958.38,92.41,Small Basket,Medium-Low Order Value,Medium Frequency,41.04,Developing Basket Customer,Increase basket breadth through complementary-product recommendations,315
C0209,Corporate,Infrastructure,East,44,65445658.4,1487401.33,1344335.1,6159.6,6555432.0,5.48,66.14,2910,51373630,1317272.03,88.56,Small Basket,Medium-Low Order Value,High Frequency,40.72,Developing Basket Customer,Increase basket breadth through complementary-product recommendations,316
C0181,Government,Construction,West,36,53087081.0,1474641.14,1512975.7,6136.0,4759006.0,5.81,65.64,2363,41700450,1196140.69,81.11,Small Basket,Medium-Low Order Value,High Frequency,40.63,Developing Basket Customer,Increase basket breadth through complementary-product recommendations,317
C0043,Corporate,Construction,South,36,47644638.8,1323462.19,1301093.1,6230.4,3475767.2,6.19,68.67,2472,37467660,949829.65,71.77,Small Basket,Low Order Value,High Frequency,40.61,Developing Basket Customer,Increase basket breadth through complementary-product recommendations,318
C0219,Government,Manufacturing,West,39,59976015.0,1537846.54,1217384.8,1097.4,4736160.2,5.46,66.77,2604,47075000,1258071.62,81.81,Small Basket,Medium-Low Order Value,High Frequency,40.46,Developing Basket Customer,Increase basket breadth through complementary-product recommendations,319
C0397,Fleet Owner,Mining,West,36,56279511.4,1563319.76,1454283.4,10761.6,5299689.0,5.53,68.75,2475,44216230,1257092.92,80.41,Small Basket,Medium-Low Order Value,High Frequency,40.46,Developing Basket Customer,Increase basket breadth through complementary-product recommendations,320
C0431,Government,Logistics,West,28,45787279.2,1635259.97,1435969.2,3422.0,4428123.0,5.68,64.18,1797,35920190,1341543.68,82.04,Small Basket,Medium-High Order Value,Medium Frequency,40.46,Developing Basket Customer,Increase basket breadth through complementary-product recommendations,321
C0038,Fleet Owner,Rental,North,36,57808311.2,1605786.42,1402503.5,24024.8,4981816.2,5.36,66.33,2388,45410090,1339115.15,83.39,Small Basket,Medium-Low Order Value,High Frequency,40.1,Developing Basket Customer,Increase basket breadth through complementary-product recommendations,322
C0474,Government,Logistics,West,30,48230361.0,1607678.7,1061597.8,5475.2,5960518.4,5.7,67.33,2020,37863700,1501276.66,93.38,Small Basket,Medium-Low Order Value,Medium Frequency,39.96,Developing Basket Customer,Increase basket breadth through complementary-product recommendations,323
C0399,Fleet Owner,Rental,South,39,59287998.0,1520205.08,1215771.8,35199.4,5136097.8,5.49,62.54,2439,46532600,1235181.53,81.25,Small Basket,Medium-Low Order Value,High Frequency,39.77,Developing Basket Customer,Increase basket breadth through complementary-product recommendations,324
C0400,Government,Infrastructure,North,35,51694363.6,1476981.82,1022943.8,4790.8,5398027.4,5.83,64.34,2252,40610020,1271259.63,86.07,Small Basket,Medium-Low Order Value,High Frequency,39.73,Developing Basket Customer,Increase basket breadth through complementary-product recommendations,325
C0493,Retail,Construction,South,38,54684935.2,1439077.24,1049738.8,38460.8,5475734.0,5.76,71.79,2728,42934640,1146289.56,79.65,Small Basket,Low Order Value,High Frequency,39.64,Developing Basket Customer,Increase basket breadth through complementary-product recommendations,326
C0271,Corporate,Infrastructure,South,24,37757473.8,1573228.08,1104926.7,21632.0,6235676.4,5.92,69.79,1675,29644660,1591983.97,101.19,Small Basket,Medium-Low Order Value,Low Frequency,39.57,Developing Basket Customer,Increase basket breadth through complementary-product recommendations,327
C0001,Retail,Construction,East,34,55019747.4,1618227.86,1362826.1,36108.0,5757412.2,5.41,62.44,2123,43201680,1360880.46,84.1,Small Basket,Medium-High Order Value,Medium Frequency,39.48,Developing Basket Customer,Increase basket breadth through complementary-product recommendations,328
C0287,Dealer,Manufacturing,South,36,55179366.6,1532760.18,1146027.9,3658.0,5883515.2,5.58,64.78,2332,43261120,1415132.4,92.33,Small Basket,Medium-Low Order Value,High Frequency,39.43,Developing Basket Customer,Increase basket breadth through complementary-product recommendations,329
C0196,Fleet Owner,Rental,North East,48,71291851.6,1485246.91,1199211.3,8555.0,5926888.0,5.31,63.73,3059,55921870,1305652.79,87.91,Small Basket,Medium-Low Order Value,Very High Frequency,39.28,Developing Basket Customer,Increase basket breadth through complementary-product recommendations,330
C0011,Retail,Infrastructure,West,41,57187490.8,1394816.85,1078746.8,68929.0,4228850.0,5.76,66.27,2717,44933810,1112653.68,79.77,Small Basket,Low Order Value,High Frequency,39.28,Developing Basket Customer,Increase basket breadth through complementary-product recommendations,331
C0120,Fleet Owner,Construction,South,34,50313583.0,1479811.26,1001530.6,39423.8,4404519.8,5.85,71.38,2427,39523350,1283086.83,86.71,Small Basket,Medium-Low Order Value,Medium Frequency,39.18,Developing Basket Customer,Increase basket breadth through complementary-product recommendations,332
C0179,Government,Infrastructure,South,32,43222736.0,1350710.5,1244232.7,1475.0,3774190.8,6.38,72.03,2305,34009700,1026179.24,75.97,Small Basket,Low Order Value,Medium Frequency,39.17,Developing Basket Customer,Increase basket breadth through complementary-product recommendations,333
C0029,Dealer,Construction,South,38,58176890.6,1530970.81,1481163.5,76830.0,5590004.8,5.47,67.5,2565,45653420,1097990.79,71.72,Small Basket,Medium-Low Order Value,High Frequency,39.03,Developing Basket Customer,Increase basket breadth through complementary-product recommendations,334
C0410,Corporate,Mining,South,39,59804309.8,1533443.84,1532269.0,30160.8,4057427.2,5.41,64.26,2506,46906860,1149524.1,74.96,Small Basket,Medium-Low Order Value,High Frequency,38.98,Developing Basket Customer,Increase basket breadth through complementary-product recommendations,335
C0473,Government,Rental,South,26,42018356.8,1616090.65,1179719.2,5487.0,6392163.0,5.73,66.73,1735,32922260,1753393.04,108.5,Small Basket,Medium-Low Order Value,Medium Frequency,38.88,Developing Basket Customer,Increase basket breadth through complementary-product recommendations,336
C0122,Dealer,Rental,North East,31,48051119.4,1550036.11,1372053.0,1227.2,4926814.4,5.77,66.16,2051,37712330,1253432.14,80.86,Small Basket,Medium-Low Order Value,Medium Frequency,38.54,Developing Basket Customer,Increase basket breadth through complementary-product recommendations,337
C0437,Dealer,Mining,West,30,46199550.2,1539985.01,1254244.2,8555.0,3859782.0,5.83,65.2,1956,36305140,1123185.18,72.93,Small Basket,Medium-Low Order Value,Medium Frequency,38.45,Developing Basket Customer,Increase basket breadth through complementary-product recommendations,338
C0409,Government,Logistics,West,45,60821412.6,1351586.95,1021278.4,1711.0,5426612.0,5.69,66.02,2971,47755320,1118606.21,82.76,Small Basket,Low Order Value,Very High Frequency,38.32,Developing Basket Customer,Increase basket breadth through complementary-product recommendations,339
C0387,Dealer,Infrastructure,East,34,47133318.0,1386274.06,1227084.9,3068.0,3851207.0,6.09,71.47,2430,37034600,1007935.14,72.71,Small Basket,Low Order Value,Medium Frequency,38.31,Developing Basket Customer,Increase basket breadth through complementary-product recommendations,340
C0035,Dealer,Infrastructure,Central,38,53340276.8,1403691.49,1326352.5,2737.6,3766155.2,5.79,64.45,2449,41878010,946558.91,67.43,Small Basket,Low Order Value,High Frequency,38.21,Developing Basket Customer,Increase basket breadth through complementary-product recommendations,341
C0187,Retail,Rental,North,30,46901016.0,1563367.2,1331885.0,11328.0,4435411.0,5.77,66.03,1981,36769950,1171383.5,74.93,Small Basket,Medium-Low Order Value,Medium Frequency,38.06,Developing Basket Customer,Increase basket breadth through complementary-product recommendations,342
C0322,Government,Construction,West,28,40996678.0,1464167.07,1067396.6,60593.0,4180552.6,6.11,70.07,1962,32200600,1191344.02,81.37,Small Basket,Medium-Low Order Value,Medium Frequency,37.18,Developing Basket Customer,Increase basket breadth through complementary-product recommendations,343
C0324,Corporate,Mining,South,35,52335374.8,1495296.42,1030136.0,42845.8,6854319.0,5.69,68.31,2391,41098360,1584280.84,105.95,Small Basket,Medium-Low Order Value,High Frequency,36.98,Developing Basket Customer,Increase basket breadth through complementary-product recommendations,344
C0313,Corporate,Mining,West,30,48205237.4,1606841.25,1180514.0,365.8,4449330.0,5.57,65.43,1963,37841680,1413916.29,87.99,Small Basket,Medium-Low Order Value,Medium Frequency,36.95,Developing Basket Customer,Increase basket breadth through complementary-product recommendations,345
C0330,Retail,Infrastructure,East,38,54285450.6,1428564.49,1011150.9,3136.0,6389676.0,5.66,70.92,2695,42673670,1558701.11,109.11,Small Basket,Low Order Value,High Frequency,36.64,Developing Basket Customer,Increase basket breadth through complementary-product recommendations,346
C0075,Retail,Mining,South,33,50186853.4,1520813.74,1258375.6,55557.0,5128461.0,5.7,67.73,2235,39435130,1278802.45,84.09,Small Basket,Medium-Low Order Value,Medium Frequency,36.49,Developing Basket Customer,Increase basket breadth through complementary-product recommendations,347
C0308,Retail,Mining,North,33,50359329.6,1526040.29,1193713.8,7363.2,5044113.0,5.67,65.42,2159,39549470,1309891.48,85.84,Small Basket,Medium-Low Order Value,Medium Frequency,36.27,Developing Basket Customer,Increase basket breadth through complementary-product recommendations,348
C0031,Government,Mining,East,34,50500841.8,1485318.88,1203491.0,2832.0,4303043.6,5.71,64.12,2180,39680260,1216716.84,81.92,Small Basket,Medium-Low Order Value,Medium Frequency,36.04,Developing Basket Customer,Increase basket breadth through complementary-product recommendations,349
C0279,Dealer,Rental,West,26,35292218.0,1357393.0,1209970.7,79237.0,4335222.0,6.5,75.88,1973,27795350,1007573.4,74.23,Small Basket,Low Order Value,Medium Frequency,35.72,Developing Basket Customer,Increase basket breadth through complementary-product recommendations,350
C0298,Fleet Owner,Construction,South,33,46771231.0,1417310.03,1186760.0,9408.0,5496993.2,5.91,65.67,2167,36725200,1150236.66,81.16,Small Basket,Low Order Value,Medium Frequency,35.71,Developing Basket Customer,Increase basket breadth through complementary-product recommendations,351
C0002,Fleet Owner,Manufacturing,South,51,71712838.0,1406134.08,1206682.0,2265.6,4941931.2,5.37,63.78,3253,56261100,1246880.23,88.67,Small Basket,Low Order Value,Very High Frequency,35.62,Developing Basket Customer,Increase basket breadth through complementary-product recommendations,352
C0058,Retail,Infrastructure,West,40,56831525.0,1420788.12,1219418.6,8496.0,4564237.4,5.52,63.42,2537,44606750,1219843.37,85.86,Small Basket,Low Order Value,High Frequency,35.43,Developing Basket Customer,Increase basket breadth through complementary-product recommendations,353
C0115,Fleet Owner,Mining,South,29,44357793.6,1529579.09,1197015.0,2832.0,4711056.6,5.79,66.79,1937,34787020,1302585.45,85.16,Small Basket,Medium-Low Order Value,Medium Frequency,35.37,Developing Basket Customer,Increase basket breadth through complementary-product recommendations,354
C0266,Fleet Owner,Rental,South,35,50717014.0,1449057.54,1411833.0,3492.8,4718229.0,5.71,69.29,2425,39797800,1136709.32,78.44,Small Basket,Medium-Low Order Value,High Frequency,35.31,Developing Basket Customer,Increase basket breadth through complementary-product recommendations,355
C0320,Retail,Construction,North,34,53574056.6,1575707.55,1327155.4,5428.0,4855320.4,5.38,61.12,2078,42001120,1307036.86,82.95,Small Basket,Medium-Low Order Value,Medium Frequency,35.3,Developing Basket Customer,Increase basket breadth through complementary-product recommendations,356
C0389,Retail,Mining,West,30,48796477.0,1626549.23,1517611.2,8897.2,4785010.0,5.4,64.13,1924,38241650,1204948.73,74.08,Small Basket,Medium-High Order Value,Medium Frequency,35.14,Developing Basket Customer,Increase basket breadth through complementary-product recommendations,357
C0203,Government,Manufacturing,West,35,53777085.6,1536488.16,1472231.0,23895.0,3505502.8,5.46,65.69,2299,42161670,1097114.22,71.4,Small Basket,Medium-Low Order Value,High Frequency,35.11,Developing Basket Customer,Increase basket breadth through complementary-product recommendations,358
C0382,Retail,Manufacturing,South,33,42929317.0,1300888.39,1257391.8,16142.4,5077568.4,6.18,73.09,2412,33715150,1008600.25,77.53,Small Basket,Low Order Value,Medium Frequency,35.06,Developing Basket Customer,Increase basket breadth through complementary-product recommendations,359
C0022,Retail,Infrastructure,South,38,56759064.0,1493659.58,1091870.8,14443.2,5448520.0,5.42,67.95,2582,44575550,1441530.16,96.51,Small Basket,Medium-Low Order Value,High Frequency,34.94,Developing Basket Customer,Increase basket breadth through complementary-product recommendations,360
C0290,Corporate,Construction,West,40,57372288.2,1434307.2,893440.5,8059.4,8420708.0,5.48,62.6,2504,45014240,1658715.7,115.65,Small Basket,Low Order Value,High Frequency,34.78,Developing Basket Customer,Increase basket breadth through complementary-product recommendations,361
C0079,Retail,Rental,North,31,47175266.2,1521782.78,1151677.6,4425.0,6197217.0,5.71,63.1,1956,36993090,1641609.24,107.87,Small Basket,Medium-Low Order Value,Medium Frequency,34.58,Developing Basket Customer,Increase basket breadth through complementary-product recommendations,362
C0446,Retail,Logistics,South,34,52035543.6,1530457.16,1170084.0,27595.2,4139912.4,5.5,66.06,2246,40839770,1093929.61,71.48,Small Basket,Medium-Low Order Value,Medium Frequency,34.52,Developing Basket Customer,Increase basket breadth through complementary-product recommendations,363
C0172,Dealer,Manufacturing,South,37,57323600.2,1549286.49,1374896.8,7929.6,7046403.6,5.11,62.49,2312,44967390,1466028.13,94.63,Small Basket,Medium-Low Order Value,High Frequency,34.36,Developing Basket Customer,Increase basket breadth through complementary-product recommendations,364
C0151,Government,Infrastructure,East,27,39556960.6,1465072.61,1227249.0,166054.2,3576168.8,5.96,70.44,1902,31051670,897804.99,61.28,Small Basket,Medium-Low Order Value,Medium Frequency,34.16,Developing Basket Customer,Increase basket breadth through complementary-product recommendations,365
C0494,Corporate,Construction,East,32,48287535.6,1508985.49,1308121.6,18821.0,4614286.0,5.69,66.88,2140,37868420,1209679.19,80.17,Small Basket,Medium-Low Order Value,Medium Frequency,34.08,Developing Basket Customer,Increase basket breadth through complementary-product recommendations,366
C0225,Fleet Owner,Logistics,North,48,69254158.0,1442794.96,896546.5,8496.0,8483662.0,4.98,58.15,2791,54324600,1643028.3,113.88,Very Small Basket,Low Order Value,Very High Frequency,33.78,Developing Basket Customer,Increase basket breadth through complementary-product recommendations,367
C0144,Fleet Owner,Construction,West,25,39589546.2,1583581.85,982402.0,17275.2,4868837.4,5.6,68.36,1709,31072090,1426254.7,90.07,Small Basket,Medium-Low Order Value,Medium Frequency,33.56,Developing Basket Customer,Increase basket breadth through complementary-product recommendations,368
C0423,Dealer,Infrastructure,South,30,46894840.4,1563161.35,1292735.4,74576.0,4700647.4,5.57,68.57,2057,36819280,1199957.74,76.76,Small Basket,Medium-Low Order Value,Medium Frequency,33.45,Developing Basket Customer,Increase basket breadth through complementary-product recommendations,369
C0405,Corporate,Infrastructure,West,32,50787823.0,1587119.47,1117812.6,5097.6,6836331.2,5.31,63.72,2039,39790100,1660963.89,104.65,Small Basket,Medium-Low Order Value,Medium Frequency,33.04,Developing Basket Customer,Increase basket breadth through complementary-product recommendations,370
C0275,Fleet Owner,Construction,West,45,64270295.0,1428228.78,1031808.0,365.8,5220206.6,5.18,60.76,2734,50445750,1364587.61,95.54,Small Basket,Low Order Value,Very High Frequency,32.82,Developing Basket Customer,Increase basket breadth through complementary-product recommendations,371
C0148,Government,Construction,South,35,54884128.4,1568117.95,1058816.0,1699.2,5707896.0,5.09,61.26,2144,43008380,1441368.37,91.92,Small Basket,Medium-Low Order Value,High Frequency,32.54,Developing Basket Customer,Increase basket breadth through complementary-product recommendations,372
C0087,Government,Logistics,South,39,50370513.4,1291551.63,1070640.8,59771.6,3973272.0,5.72,64.36,2510,39608130,1103741.33,85.46,Small Basket,Low Order Value,High Frequency,32.36,Developing Basket Customer,Increase basket breadth through complementary-product recommendations,373
C0479,Retail,Construction,West,26,37716131.0,1450620.42,1439327.4,3136.0,3337499.0,5.92,67.23,1748,29592950,949918.15,65.48,Small Basket,Medium-Low Order Value,Medium Frequency,32.24,Developing Basket Customer,Increase basket breadth through complementary-product recommendations,374
C0010,Dealer,Construction,South,46,63051038.4,1370674.75,916680.7,8850.0,5170276.8,5.35,64.89,2985,49509380,1347502.17,98.31,Small Basket,Low Order Value,Very High Frequency,32.14,Developing Basket Customer,Increase basket breadth through complementary-product recommendations,375
C0465,Fleet Owner,Mining,South,35,48083241.6,1373806.9,1128917.6,11044.8,4144225.0,5.77,68.69,2404,37783870,1178474.74,85.78,Small Basket,Low Order Value,High Frequency,32.0,Developing Basket Customer,Increase basket breadth through complementary-product recommendations,376
C0416,Dealer,Manufacturing,South,37,46006682.0,1243423.84,1067946.0,32261.2,4521880.8,5.86,67.08,2482,36145900,923877.7,74.3,Small Basket,Low Order Value,High Frequency,31.98,Developing Basket Customer,Increase basket breadth through complementary-product recommendations,377
C0068,Retail,Mining,North,39,57372766.4,1471096.57,1534610.2,46315.0,3626248.8,5.18,63.23,2466,45062980,1050474.99,71.41,Small Basket,Medium-Low Order Value,High Frequency,31.91,Developing Basket Customer,Increase basket breadth through complementary-product recommendations,378
C0199,Government,Mining,West,33,48930073.4,1482729.5,828826.4,1711.0,7932282.8,5.58,66.85,2206,38456880,1687503.25,113.81,Small Basket,Medium-Low Order Value,Medium Frequency,31.7,Developing Basket Customer,Increase basket breadth through complementary-product recommendations,379
C0370,Corporate,Infrastructure,East,36,53881174.6,1496699.29,1166013.1,1357.0,5306149.6,5.33,65.31,2351,42286970,1385028.74,92.54,Small Basket,Medium-Low Order Value,High Frequency,31.55,Developing Basket Customer,Increase basket breadth through complementary-product recommendations,380
C0004,Fleet Owner,Logistics,South,46,60843242.8,1322679.19,1091958.0,17110.0,4759040.0,5.43,62.59,2879,47754210,1176489.82,88.95,Small Basket,Low Order Value,Very High Frequency,31.54,Developing Basket Customer,Increase basket breadth through complementary-product recommendations,381
C0105,Government,Logistics,North,41,57202879.8,1395192.19,1135201.4,80287.2,5235631.8,5.39,59.98,2459,44966360,1169431.45,83.82,Small Basket,Low Order Value,High Frequency,31.46,Developing Basket Customer,Increase basket breadth through complementary-product recommendations,382
C0150,Fleet Owner,Manufacturing,West,30,41608958.8,1386965.29,1110823.5,95779.2,4262720.0,5.97,64.6,1938,32673410,1140075.31,82.2,Small Basket,Low Order Value,Medium Frequency,31.42,Developing Basket Customer,Increase basket breadth through complementary-product recommendations,383
C0205,Retail,Construction,North,33,51965845.0,1574722.58,1620869.2,4071.0,3443289.4,5.18,61.21,2020,40742250,1234574.88,78.4,Small Basket,Medium-Low Order Value,Medium Frequency,31.32,Developing Basket Customer,Increase basket breadth through complementary-product recommendations,384
C0278,Fleet Owner,Logistics,West,38,47107787.2,1239678.61,1113217.8,21712.0,3370241.4,5.79,70.05,2662,37042540,834256.18,67.3,Small Basket,Low Order Value,High Frequency,31.11,Developing Basket Customer,Increase basket breadth through complementary-product recommendations,385
C0327,Retail,Mining,West,43,61017008.6,1419000.2,1098547.8,5487.0,4581049.8,5.16,60.42,2598,47883020,1192042.17,84.01,Small Basket,Low Order Value,High Frequency,30.92,Developing Basket Customer,Increase basket breadth through complementary-product recommendations,386
C0346,Retail,Construction,East,39,54686860.8,1402227.2,1003133.0,1357.0,4945127.6,5.44,61.82,2411,42873560,1386515.2,98.88,Small Basket,Low Order Value,High Frequency,30.8,Developing Basket Customer,Increase basket breadth through complementary-product recommendations,387
C0404,Government,Mining,West,31,46035794.4,1485025.63,1182720.0,25783.0,4493510.0,5.61,68.61,2127,36224330,1243863.85,83.76,Small Basket,Medium-Low Order Value,Medium Frequency,30.35,Developing Basket Customer,Increase basket breadth through complementary-product recommendations,388
C0289,Corporate,Logistics,South,35,50221149.2,1434889.98,1114974.0,6218.6,5970432.0,5.54,63.43,2220,39396940,1312130.25,91.44,Small Basket,Low Order Value,High Frequency,30.34,Developing Basket Customer,Increase basket breadth through complementary-product recommendations,389
C0378,Retail,Manufacturing,North,35,50644577.2,1446987.92,905088.0,16968.4,6522405.0,5.49,62.89,2201,39739040,1429130.13,98.77,Small Basket,Medium-Low Order Value,High Frequency,30.26,Developing Basket Customer,Increase basket breadth through complementary-product recommendations,390
C0372,Government,Logistics,South,36,52822436.0,1467289.89,1226022.3,28796.0,4707851.0,5.33,62.89,2264,41513200,1170188.38,79.75,Small Basket,Medium-Low Order Value,High Frequency,29.85,Developing Basket Customer,Increase basket breadth through complementary-product recommendations,391
C0099,Fleet Owner,Rental,South,44,56469516.0,1283398.09,959639.0,6844.0,3824948.0,5.48,65.5,2882,44372200,1029621.63,80.23,Small Basket,Low Order Value,High Frequency,29.82,Developing Basket Customer,Increase basket breadth through complementary-product recommendations,392
C0224,Retail,Manufacturing,East,36,54050072.4,1501390.9,1179621.9,50176.0,6099078.0,5.17,64.08,2307,42395680,1227369.61,81.75,Small Basket,Medium-Low Order Value,High Frequency,29.56,Developing Basket Customer,Increase basket breadth through complementary-product recommendations,393
C0188,Corporate,Logistics,West,39,54387524.8,1394551.92,1228992.0,2548.8,4684417.8,5.38,60.64,2365,42691360,1015862.05,72.85,Small Basket,Low Order Value,High Frequency,29.38,Developing Basket Customer,Increase basket breadth through complementary-product recommendations,394
C0080,Retail,Mining,South,42,56541324.2,1346222.0,1121921.2,2714.0,3913920.0,5.33,62.69,2633,44386690,1094397.24,81.29,Small Basket,Low Order Value,High Frequency,29.21,Developing Basket Customer,Increase basket breadth through complementary-product recommendations,395
C0450,Fleet Owner,Construction,East,38,55345960.4,1456472.64,1062446.3,2950.0,5054718.8,5.16,61.76,2347,43401530,1327614.97,91.15,Small Basket,Medium-Low Order Value,High Frequency,29.14,Developing Basket Customer,Increase basket breadth through complementary-product recommendations,396
C0177,Dealer,Construction,West,28,35762840.4,1277244.3,990246.5,86267.0,3923799.6,6.18,71.46,2001,28125780,1078144.53,84.41,Small Basket,Low Order Value,Medium Frequency,28.98,Developing Basket Customer,Increase basket breadth through complementary-product recommendations,397
C0018,Retail,Construction,West,31,49286607.8,1589890.57,1213082.6,3068.0,5442752.2,4.97,61.23,1898,38692710,1398358.27,87.95,Very Small Basket,Medium-Low Order Value,Medium Frequency,28.78,Developing Basket Customer,Increase basket breadth through complementary-product recommendations,398
C0274,Dealer,Mining,North,39,54639688.2,1401017.65,946176.0,41252.8,4529078.0,5.31,61.41,2395,42946740,1211405.98,86.47,Small Basket,Low Order Value,High Frequency,28.74,Developing Basket Customer,Increase basket breadth through complementary-product recommendations,399
C0163,Dealer,Logistics,West,38,46377823.0,1220469.03,963965.4,3136.0,3555840.0,5.71,65.32,2482,36480350,983963.13,80.62,Small Basket,Low Order Value,High Frequency,28.56,Developing Basket Customer,Increase basket breadth through complementary-product recommendations,400
C0301,Dealer,Mining,East,46,63821535.6,1387424.69,1164853.8,4023.8,5553246.4,4.85,55.37,2547,50074420,1262939.17,91.03,Very Small Basket,Low Order Value,Very High Frequency,28.5,Developing Basket Customer,Increase basket breadth through complementary-product recommendations,401
C0024,Dealer,Rental,South,44,60658309.2,1378597.94,998853.1,2454.4,5413953.8,5.05,57.41,2526,47587690,1420579.1,103.05,Small Basket,Low Order Value,High Frequency,28.2,Developing Basket Customer,Increase basket breadth through complementary-product recommendations,402
C0236,Corporate,Mining,West,41,57861179.0,1411248.27,945516.6,3398.4,5866872.0,4.93,56.66,2323,45446800,1453161.14,102.97,Very Small Basket,Low Order Value,High Frequency,28.0,Developing Basket Customer,Increase basket breadth through complementary-product recommendations,403
C0222,Fleet Owner,Logistics,North,41,57177978.6,1394584.84,1122851.2,10266.0,4763734.4,5.15,62.39,2558,44904020,1168473.22,83.79,Small Basket,Low Order Value,High Frequency,27.96,Developing Basket Customer,Increase basket breadth through complementary-product recommendations,404
C0458,Dealer,Manufacturing,West,38,50799400.6,1336826.33,1283748.4,10266.0,4753013.0,5.47,69.24,2631,39941170,1127343.1,84.33,Small Basket,Low Order Value,High Frequency,27.93,Developing Basket Customer,Increase basket breadth through complementary-product recommendations,405
C0386,Retail,Construction,North,32,48819152.6,1525598.52,1316579.4,54138.4,6334617.8,5.31,64.38,2060,38385820,1363195.14,89.35,Small Basket,Medium-Low Order Value,Medium Frequency,27.84,Developing Basket Customer,Increase basket breadth through complementary-product recommendations,406
C0323,Government,Manufacturing,West,36,50291498.8,1396986.08,1127599.5,9204.0,6393906.2,5.47,61.86,2227,39487910,1339884.52,95.91,Small Basket,Low Order Value,High Frequency,27.72,Developing Basket Customer,Increase basket breadth through complementary-product recommendations,407
C0074,Fleet Owner,Infrastructure,East,39,50426138.6,1292977.91,890534.0,19576.2,4133031.6,5.49,63.23,2466,39627770,1155304.78,89.35,Small Basket,Low Order Value,High Frequency,27.57,Developing Basket Customer,Increase basket breadth through complementary-product recommendations,408
C0229,Government,Mining,East,28,44419985.8,1586428.06,1156819.6,14820.8,6579378.8,5.18,56.75,1589,34806810,1622893.13,102.3,Small Basket,Medium-Low Order Value,Medium Frequency,27.46,Developing Basket Customer,Increase basket breadth through complementary-product recommendations,409
C0391,Government,Construction,West,33,47080496.4,1426681.71,1213665.8,5428.0,3781628.0,5.55,62.06,2048,36944480,1144346.49,80.21,Small Basket,Low Order Value,Medium Frequency,27.45,Developing Basket Customer,Increase basket breadth through complementary-product recommendations,410
C0407,Dealer,Logistics,South,38,54609453.4,1437090.88,1091451.2,6844.0,5534848.0,4.97,59.16,2248,42882880,1455997.8,101.32,Very Small Basket,Low Order Value,High Frequency,27.15,Developing Basket Customer,Increase basket breadth through complementary-product recommendations,411
C0119,Government,Manufacturing,West,51,67143205.2,1316533.44,938192.0,6159.6,3696162.0,4.92,58.63,2990,52748640,1046506.55,79.49,Very Small Basket,Low Order Value,Very High Frequency,27.1,Developing Basket Customer,Increase basket breadth through complementary-product recommendations,412
C0185,Dealer,Logistics,West,33,47500335.2,1439404.1,930353.0,13971.2,4428240.2,5.48,62.18,2052,37319640,1281069.25,89.0,Small Basket,Low Order Value,Medium Frequency,27.1,Developing Basket Customer,Increase basket breadth through complementary-product recommendations,413
C0220,Government,Infrastructure,Central,43,53467975.0,1243441.28,1016462.2,5593.2,4530980.4,5.44,60.56,2604,41988750,1097320.31,88.25,Small Basket,Low Order Value,High Frequency,27.08,Developing Basket Customer,Increase basket breadth through complementary-product recommendations,414
C0305,Fleet Owner,Logistics,North,31,48238808.8,1556090.61,849780.0,44486.0,5957338.4,5.16,59.48,1844,37914410,1584994.2,101.86,Small Basket,Medium-Low Order Value,Medium Frequency,27.08,Developing Basket Customer,Increase basket breadth through complementary-product recommendations,415
C0044,Government,Mining,West,34,49589458.0,1458513.47,1338912.1,24426.0,4369613.2,5.38,62.62,2129,38929350,1063418.59,72.91,Small Basket,Medium-Low Order Value,Medium Frequency,27.0,Developing Basket Customer,Increase basket breadth through complementary-product recommendations,416
C0027,Fleet Owner,Logistics,West,39,54309976.4,1392563.5,1073246.8,101888.0,3874103.0,5.18,59.23,2310,42577230,1065111.36,76.49,Small Basket,Low Order Value,High Frequency,26.61,Developing Basket Customer,Increase basket breadth through complementary-product recommendations,417
C0439,Dealer,Construction,South,36,47576062.0,1321557.28,795288.8,18596.8,4717900.0,5.56,63.72,2294,37351400,1279045.69,96.78,Small Basket,Low Order Value,High Frequency,26.58,Developing Basket Customer,Increase basket breadth through complementary-product recommendations,418
C0183,Government,Mining,West,27,32313901.0,1196811.15,1078172.0,61362.4,3156533.0,6.19,67.11,1812,25426200,886210.05,74.05,Small Basket,Low Order Value,Medium Frequency,26.04,Developing Basket Customer,Increase basket breadth through complementary-product recommendations,419
C0467,Retail,Construction,North,48,62880162.4,1310003.38,1129377.9,51625.0,4000836.0,4.83,55.19,2649,49361930,1028217.83,78.49,Very Small Basket,Low Order Value,Very High Frequency,25.9,Developing Basket Customer,Increase basket breadth through complementary-product recommendations,420
C0040,Government,Logistics,North,43,53757984.6,1250185.69,1014484.0,56061.8,3535608.2,5.35,61.58,2648,42259970,837546.05,66.99,Small Basket,Low Order Value,High Frequency,25.84,Developing Basket Customer,Increase basket breadth through complementary-product recommendations,421
C0021,Corporate,Mining,South,45,59956738.4,1332371.96,1017646.4,15680.0,5024659.0,4.84,53.13,2391,47093630,1235833.38,92.75,Very Small Basket,Low Order Value,Very High Frequency,25.8,Developing Basket Customer,Increase basket breadth through complementary-product recommendations,422
C0470,Government,Mining,South,36,49194933.2,1366525.92,1271051.1,7375.0,3850432.0,5.44,64.64,2327,38599240,1032946.88,75.59,Small Basket,Low Order Value,High Frequency,25.65,Developing Basket Customer,Increase basket breadth through complementary-product recommendations,423
C0283,Retail,Logistics,North,31,44490975.8,1435192.77,1196904.0,13983.0,5295767.6,5.55,66.74,2069,34916310,1117985.59,77.9,Small Basket,Low Order Value,Medium Frequency,25.64,Developing Basket Customer,Increase basket breadth through complementary-product recommendations,424
C0094,Corporate,Logistics,West,31,46343009.2,1494935.78,825185.8,2950.0,6248625.6,5.39,62.39,1934,36407440,1555703.93,104.06,Small Basket,Medium-Low Order Value,Medium Frequency,25.6,Developing Basket Customer,Increase basket breadth through complementary-product recommendations,425
C0034,Government,Construction,West,32,42477752.2,1327429.76,980437.6,1227.2,4813068.8,5.72,61.97,1983,33363540,1236983.43,93.19,Small Basket,Low Order Value,Medium Frequency,25.4,Developing Basket Customer,Increase basket breadth through complementary-product recommendations,426
C0012,Fleet Owner,Logistics,South,37,53404468.4,1443364.01,968498.6,9408.0,5296831.0,4.65,52.54,1944,41835630,1396757.85,96.77,Very Small Basket,Medium-Low Order Value,High Frequency,25.02,Developing Basket Customer,Increase basket breadth through complementary-product recommendations,427
C0008,Corporate,Logistics,West,34,48368868.0,1422613.76,1345096.0,54680.8,3645826.0,5.38,67.06,2280,37972100,953283.71,67.01,Small Basket,Low Order Value,Medium Frequency,24.9,Low Basket Customer,Increase basket breadth through complementary-product recommendations,428
C0014,Fleet Owner,Construction,East,27,41523847.6,1537920.28,1003357.8,18703.6,6099062.2,5.3,65.78,1776,32598320,1632691.67,106.16,Small Basket,Medium-Low Order Value,Medium Frequency,24.54,Low Basket Customer,Increase basket breadth through complementary-product recommendations,429
C0112,Fleet Owner,Mining,South,33,46248326.6,1401464.44,930166.0,16284.0,4683623.8,5.48,64.79,2138,36333120,1189644.97,84.89,Small Basket,Low Order Value,Medium Frequency,24.5,Low Basket Customer,Increase basket breadth through complementary-product recommendations,430
C0345,Retail,Infrastructure,West,40,50444735.6,1261118.39,932518.5,50944.0,3820328.8,5.35,60.12,2405,39617420,1012627.82,80.3,Small Basket,Low Order Value,High Frequency,24.3,Low Basket Customer,Increase basket breadth through complementary-product recommendations,431
C0388,Fleet Owner,Infrastructure,West,27,39389408.6,1458866.99,1159995.8,12806.4,4168206.0,5.56,61.48,1660,30890020,1199294.09,82.21,Small Basket,Medium-Low Order Value,Medium Frequency,24.04,Low Basket Customer,Increase basket breadth through complementary-product recommendations,432
C0427,Corporate,Mining,West,41,53149424.2,1296327.42,990205.4,14443.2,5854806.0,5.17,57.61,2362,41731940,1220157.35,94.12,Small Basket,Low Order Value,High Frequency,23.96,Low Basket Customer,Increase basket breadth through complementary-product recommendations,433
C0090,Government,Infrastructure,North,43,51915256.6,1207331.55,1005752.6,9322.0,6481463.0,5.3,61.56,2647,40810370,1134842.16,94.0,Small Basket,Low Order Value,High Frequency,23.82,Low Basket Customer,Increase basket breadth through complementary-product recommendations,434
C0285,Government,Infrastructure,West,47,54036327.8,1149709.1,865370.0,7398.6,4378257.4,5.19,58.04,2728,42474460,1087449.05,94.58,Small Basket,Low Order Value,Very High Frequency,23.68,Low Basket Customer,Increase basket breadth through complementary-product recommendations,435
C0480,Government,Infrastructure,West,34,48525468.6,1427219.66,1114404.6,13688.0,5308869.0,5.26,64.68,2199,38076520,1373049.76,96.2,Small Basket,Low Order Value,Medium Frequency,23.67,Low Basket Customer,Increase basket breadth through complementary-product recommendations,436
C0132,Corporate,Construction,Central,37,49004629.4,1324449.44,1281338.0,6796.8,3205911.0,5.27,61.76,2285,38534330,998610.02,75.4,Small Basket,Low Order Value,High Frequency,23.09,Low Basket Customer,Increase basket breadth through complementary-product recommendations,437
C0299,Retail,Logistics,South,34,48095055.8,1414560.46,857773.8,28928.0,4495570.8,5.26,69.15,2351,37822560,1374062.85,97.14,Small Basket,Low Order Value,Medium Frequency,22.97,Low Basket Customer,Increase basket breadth through complementary-product recommendations,438
C0487,Dealer,Mining,South,26,39512216.0,1519700.62,1140510.2,19753.2,4751228.0,5.35,68.65,1785,31063950,1423588.12,93.68,Small Basket,Medium-Low Order Value,Medium Frequency,22.7,Low Basket Customer,Increase basket breadth through complementary-product recommendations,439
C0108,Corporate,Rental,North,24,31126705.0,1296946.04,1105239.5,172673.0,3825977.8,5.88,67.42,1618,24485250,1019243.21,78.59,Small Basket,Low Order Value,Low Frequency,22.45,Low Basket Customer,Increase basket breadth through complementary-product recommendations,440
C0170,Government,Construction,South,27,38882680.4,1440099.27,1545842.0,2454.4,4381708.2,5.52,64.56,1743,30542780,1159738.55,80.53,Small Basket,Low Order Value,Medium Frequency,22.42,Low Basket Customer,Increase basket breadth through complementary-product recommendations,441
C0451,Government,Manufacturing,East,37,49725150.4,1343922.98,1136703.0,2265.6,4044780.4,5.11,58.84,2177,38981780,1073132.6,79.85,Small Basket,Low Order Value,High Frequency,22.06,Low Basket Customer,Increase basket breadth through complementary-product recommendations,442
C0317,Corporate,Manufacturing,South,32,43291415.2,1352856.72,943900.1,7823.4,4685412.0,5.5,65.19,2086,34026890,1363121.83,100.76,Small Basket,Low Order Value,Medium Frequency,21.86,Low Basket Customer,Increase basket breadth through complementary-product recommendations,443
C0248,Fleet Owner,Rental,West,30,45208412.0,1506947.07,1309435.2,15399.0,4133960.0,5.1,60.3,1809,35510400,1181137.65,78.38,Small Basket,Medium-Low Order Value,Medium Frequency,21.84,Low Basket Customer,Increase basket breadth through complementary-product recommendations,444
C0118,Retail,Rental,South,32,41835680.2,1307365.01,1295171.4,10620.0,3393812.8,5.59,65.94,2110,32892640,1041906.74,79.7,Small Basket,Low Order Value,Medium Frequency,21.82,Low Basket Customer,Increase basket breadth through complementary-product recommendations,445
C0350,Dealer,Logistics,North East,32,41227777.0,1288368.03,948079.0,245339.0,5104022.0,5.66,60.5,1936,32353150,1027007.18,79.71,Small Basket,Low Order Value,Medium Frequency,21.75,Low Basket Customer,Increase basket breadth through complementary-product recommendations,446
C0252,Retail,Construction,South,34,45321304.6,1332979.55,999835.5,22089.6,6635572.0,5.44,60.82,2068,35584220,1435250.82,107.67,Small Basket,Low Order Value,Medium Frequency,21.66,Low Basket Customer,Increase basket breadth through complementary-product recommendations,447
C0238,Corporate,Construction,South,30,36717219.2,1223907.31,962582.2,1227.2,4072917.8,5.83,61.93,1858,28891440,1055430.78,86.23,Small Basket,Low Order Value,Medium Frequency,21.65,Low Basket Customer,Increase basket breadth through complementary-product recommendations,448
C0182,Dealer,Infrastructure,East,29,40856091.0,1408830.72,1069197.0,5900.0,4896967.4,5.52,67.45,1956,32105700,1326565.75,94.16,Small Basket,Low Order Value,Medium Frequency,21.61,Low Basket Customer,Increase basket breadth through complementary-product recommendations,449
C0393,Retail,Rental,East,39,51240981.8,1313871.33,1037152.4,65254.0,3663191.2,4.92,56.21,2192,40195010,1033116.35,78.63,Very Small Basket,Low Order Value,High Frequency,21.58,Low Basket Customer,Increase basket breadth through complementary-product recommendations,450
C0212,Retail,Infrastructure,North East,31,45262151.0,1460069.39,909142.0,32509.0,5706286.0,5.23,58.87,1825,35519950,1419097.76,97.19,Small Basket,Medium-Low Order Value,Medium Frequency,21.5,Low Basket Customer,Increase basket breadth through complementary-product recommendations,451
C0432,Fleet Owner,Mining,South,37,49310040.8,1332703.81,984179.0,94090.0,5069256.0,5.08,59.59,2205,38717560,1167951.01,87.64,Small Basket,Low Order Value,High Frequency,21.26,Low Basket Customer,Increase basket breadth through complementary-product recommendations,452
C0496,Government,Infrastructure,East,37,48190097.0,1302435.05,713664.0,3422.0,4298239.2,5.19,59.86,2215,37818650,1195367.9,91.78,Small Basket,Low Order Value,High Frequency,21.02,Low Basket Customer,Increase basket breadth through complementary-product recommendations,453
C0351,Corporate,Rental,East,34,44776790.6,1316964.43,905834.2,8142.0,3714941.8,5.44,64.91,2207,35183170,1100498.26,83.56,Small Basket,Low Order Value,Medium Frequency,20.76,Low Basket Customer,Increase basket breadth through complementary-product recommendations,454
C0104,Fleet Owner,Infrastructure,South,34,42120081.4,1238825.92,806967.7,24638.4,4805164.2,5.56,63.12,2146,33092730,1115388.26,90.04,Small Basket,Low Order Value,Medium Frequency,20.52,Low Basket Customer,Increase basket breadth through complementary-product recommendations,455
C0412,Corporate,Infrastructure,East,32,43246987.6,1351468.36,1085106.5,6844.0,6620601.6,5.47,59.28,1897,33987820,1389961.51,102.85,Small Basket,Low Order Value,Medium Frequency,20.46,Low Basket Customer,Increase basket breadth through complementary-product recommendations,456
C0402,Fleet Owner,Rental,South,35,43498305.2,1242808.72,1059898.0,3068.0,5610895.8,5.49,61.8,2163,34212640,1268059.36,102.03,Small Basket,Low Order Value,High Frequency,20.36,Low Basket Customer,Increase basket breadth through complementary-product recommendations,457
C0194,Fleet Owner,Construction,South,33,48202752.8,1460689.48,1064448.0,4023.8,5671845.0,4.27,51.64,1704,37787710,1415118.61,96.88,Very Small Basket,Medium-Low Order Value,Medium Frequency,20.26,Low Basket Customer,Increase basket breadth through complementary-product recommendations,458
C0089,Corporate,Rental,West,37,47111014.0,1273270.65,941960.6,7528.4,4914095.2,5.24,59.97,2219,37054300,1263429.21,99.23,Small Basket,Low Order Value,High Frequency,20.2,Low Basket Customer,Increase basket breadth through complementary-product recommendations,459
C0239,Government,Logistics,South,32,44962159.0,1405067.47,1012634.5,10620.0,5087964.6,5.22,58.06,1858,35255050,1302190.81,92.68,Small Basket,Low Order Value,Medium Frequency,19.2,Low Basket Customer,Increase basket breadth through complementary-product recommendations,460
C0028,Retail,Infrastructure,South,29,38208624.0,1317538.76,1080114.6,8555.0,5395666.0,5.59,63.55,1843,30031300,1226244.56,93.07,Small Basket,Low Order Value,Medium Frequency,18.96,Low Basket Customer,Increase basket breadth through complementary-product recommendations,461
C0100,Government,Construction,North,38,48373950.0,1272998.68,1137116.5,4295.2,4907120.0,4.97,62.18,2363,38016250,1027483.84,80.71,Very Small Basket,Low Order Value,High Frequency,18.95,Low Basket Customer,Increase basket breadth through complementary-product recommendations,462
C0147,Dealer,Rental,North,30,44007572.2,1466919.07,966257.5,13027.2,5020440.2,4.93,64.87,1946,34566290,1319053.8,89.92,Very Small Basket,Medium-Low Order Value,Medium Frequency,18.58,Low Basket Customer,Increase basket breadth through complementary-product recommendations,463
C0316,Dealer,Manufacturing,East,33,45390754.0,1375477.39,1179020.4,15292.8,3737367.8,5.18,59.03,1948,35655050,1133371.82,82.4,Small Basket,Low Order Value,Medium Frequency,18.52,Low Basket Customer,Increase basket breadth through complementary-product recommendations,464
C0092,Fleet Owner,Logistics,West,36,46760586.8,1298905.19,983801.5,1711.0,3742966.0,5.06,60.11,2164,36740510,1089731.2,83.9,Small Basket,Low Order Value,High Frequency,17.92,Low Basket Customer,Increase basket breadth through complementary-product recommendations,465
C0121,Government,Construction,West,34,47029566.2,1383222.54,945455.7,6844.0,5845552.0,4.91,54.5,1853,36904340,1619610.83,117.09,Very Small Basket,Low Order Value,Medium Frequency,17.78,Low Basket Customer,Increase basket breadth through complementary-product recommendations,466
C0078,Dealer,Rental,South,31,42565724.6,1373087.89,994019.0,13593.6,7385607.4,5.32,65.65,2035,33430220,1443455.9,105.12,Small Basket,Low Order Value,Medium Frequency,17.44,Low Basket Customer,Increase basket breadth through complementary-product recommendations,467
C0218,Fleet Owner,Construction,West,36,44324901.0,1231247.25,990913.4,1132.8,5348988.8,5.25,60.75,2187,34801450,1209074.31,98.2,Small Basket,Low Order Value,High Frequency,17.3,Low Basket Customer,Increase basket breadth through complementary-product recommendations,468
C0117,Government,Mining,North East,31,38951277.4,1256492.82,950730.8,6159.6,4164810.0,5.52,62.94,1951,30628680,987294.17,78.58,Small Basket,Low Order Value,Medium Frequency,16.42,Low Basket Customer,Increase basket breadth through complementary-product recommendations,469
C0180,Fleet Owner,Logistics,South,27,30093537.8,1114575.47,883630.4,7528.4,3324150.4,5.78,70.07,1892,23677460,878655.87,78.83,Small Basket,Low Order Value,Medium Frequency,16.22,Low Basket Customer,Increase basket breadth through complementary-product recommendations,470
C0164,Government,Construction,North,36,45625652.8,1267379.24,994564.9,22089.6,4555467.0,4.92,59.03,2125,35851210,1090749.54,86.06,Very Small Basket,Low Order Value,High Frequency,15.75,Low Basket Customer,Increase basket breadth through complementary-product recommendations,471
C0136,Dealer,Mining,West,37,45774176.2,1237139.9,799705.0,30975.0,5948912.4,4.73,55.16,2041,35915090,1421367.41,114.89,Very Small Basket,Low Order Value,High Frequency,15.38,Low Basket Customer,Increase basket breadth through complementary-product recommendations,472
C0003,Government,Logistics,West,38,44728031.8,1177053.47,840481.7,6218.6,3882112.0,4.71,56.95,2164,35112260,1136745.77,96.58,Very Small Basket,Low Order Value,High Frequency,15.16,Low Basket Customer,Increase basket breadth through complementary-product recommendations,473
C0277,Dealer,Logistics,West,36,43668914.6,1213025.41,1000681.3,37052.0,3182327.4,5.08,60.97,2195,34361720,918450.64,75.72,Small Basket,Low Order Value,High Frequency,15.16,Low Basket Customer,Increase basket breadth through complementary-product recommendations,474
C0091,Retail,Construction,South,30,39090471.8,1303015.73,1427996.0,11575.8,3106756.2,5.43,65.07,1952,30689510,935168.72,71.77,Small Basket,Low Order Value,Medium Frequency,15.06,Low Basket Customer,Increase basket breadth through complementary-product recommendations,475
C0262,Corporate,Logistics,North,26,36628894.0,1408803.62,1202388.1,26550.0,3976803.8,5.23,66.88,1739,28771050,1109335.06,78.74,Small Basket,Low Order Value,Medium Frequency,14.75,Low Basket Customer,Increase basket breadth through complementary-product recommendations,476
C0352,Corporate,Mining,South,30,40262666.2,1342088.87,933427.6,29913.0,5409128.0,5.27,60.63,1819,31581590,1308403.69,97.49,Small Basket,Low Order Value,Medium Frequency,14.7,Low Basket Customer,Increase basket breadth through complementary-product recommendations,477
C0037,Corporate,Construction,West,36,45505928.0,1264053.56,1225803.7,23895.0,3233264.4,4.69,51.67,1860,35689100,904248.3,71.54,Very Small Basket,Low Order Value,High Frequency,14.62,Low Basket Customer,Increase basket breadth through complementary-product recommendations,478
C0020,Dealer,Logistics,East,37,42586254.6,1150979.85,889728.0,1840.8,3845922.2,4.86,55.35,2048,33443220,1019736.89,88.6,Very Small Basket,Low Order Value,High Frequency,14.3,Low Basket Customer,Increase basket breadth through complementary-product recommendations,479
C0332,Corporate,Mining,South,35,44566684.4,1273333.84,910787.2,28032.0,4399446.0,4.83,61.46,2151,35068830,1074121.23,84.36,Very Small Basket,Low Order Value,High Frequency,14.03,Low Basket Customer,Increase basket breadth through complementary-product recommendations,480
C0019,Government,Logistics,East,37,42528118.4,1149408.61,843761.4,5475.2,3922270.8,4.57,51.49,1905,33389880,1065971.26,92.74,Very Small Basket,Low Order Value,High Frequency,13.26,Low Basket Customer,Increase basket breadth through complementary-product recommendations,481
C0204,Retail,Rental,South,31,39880662.0,1286472.97,751036.0,4389.6,4575790.0,5.29,61.71,1913,31359900,1295071.41,100.67,Small Basket,Low Order Value,Medium Frequency,13.16,Low Basket Customer,Increase basket breadth through complementary-product recommendations,482
C0155,Fleet Owner,Mining,East,31,41576324.2,1341171.75,910197.4,7375.0,6562880.0,4.94,58.0,1798,32588940,1416697.58,105.63,Very Small Basket,Low Order Value,Medium Frequency,12.92,Low Basket Customer,Increase basket breadth through complementary-product recommendations,483
C0309,Government,Manufacturing,West,31,38065991.6,1227935.21,894015.8,65507.0,5640815.8,5.35,58.81,1823,29869120,1224840.66,99.75,Small Basket,Low Order Value,Medium Frequency,12.18,Low Basket Customer,Increase basket breadth through complementary-product recommendations,484
C0452,Fleet Owner,Mining,South,35,40090449.2,1145441.41,929984.0,4531.2,3620890.0,4.83,61.23,2143,31479440,987750.5,86.23,Very Small Basket,Low Order Value,High Frequency,10.63,Low Basket Customer,Increase basket breadth through complementary-product recommendations,485
C0454,Government,Mining,West,33,41820500.6,1267287.9,797036.8,2194.8,6528011.6,4.3,54.85,1810,32847670,1577386.53,124.47,Very Small Basket,Low Order Value,Medium Frequency,10.52,Low Basket Customer,Increase basket breadth through complementary-product recommendations,486
C0336,Government,Rental,East,33,39095696.4,1184718.07,753497.0,10431.2,3683388.0,4.97,58.06,1916,30736480,1052728.2,88.86,Very Small Basket,Low Order Value,Medium Frequency,10.14,Low Basket Customer,Increase basket breadth through complementary-product recommendations,487
C0303,Corporate,Mining,West,27,32465859.6,1202439.24,757430.8,99456.0,4097614.8,5.44,63.37,1711,25492220,1096056.58,91.15,Small Basket,Low Order Value,Medium Frequency,9.91,Low Basket Customer,Increase basket breadth through complementary-product recommendations,488
C0007,Corporate,Manufacturing,West,31,36509378.2,1177721.88,776128.0,32615.2,4561288.0,5.26,61.55,1908,28648240,1092621.84,92.77,Small Basket,Low Order Value,Medium Frequency,9.9,Low Basket Customer,Increase basket breadth through complementary-product recommendations,489
C0139,Government,Mining,West,29,37337910.0,1287514.14,1196260.8,123286.4,4205273.6,5.07,59.62,1729,29295750,982488.84,76.31,Small Basket,Low Order Value,Medium Frequency,9.08,Low Basket Customer,Increase basket breadth through complementary-product recommendations,490
C0334,Corporate,Mining,South,33,37526956.6,1137180.5,499717.0,1699.2,4745344.0,4.85,56.55,1866,29449120,1330537.06,117.0,Very Small Basket,Low Order Value,Medium Frequency,8.32,Low Basket Customer,Increase basket breadth through complementary-product recommendations,491
C0145,Retail,Construction,West,33,34445949.4,1043816.65,805586.8,2053.2,4126201.2,4.88,55.06,1817,27079080,970899.13,93.01,Very Small Basket,Low Order Value,Medium Frequency,8.14,Low Basket Customer,Increase basket breadth through complementary-product recommendations,492
C0292,Corporate,Rental,Central,27,30979627.8,1147393.62,988298.4,2714.0,3850512.0,5.41,55.96,1511,24356960,1021158.77,89.0,Small Basket,Low Order Value,Medium Frequency,8.0,Low Basket Customer,Increase basket breadth through complementary-product recommendations,493
C0392,Fleet Owner,Logistics,East,31,38571708.8,1244248.67,827864.6,11788.2,6157542.0,4.71,55.52,1721,30249660,1505600.6,121.0,Very Small Basket,Low Order Value,Medium Frequency,7.88,Low Basket Customer,Increase basket breadth through complementary-product recommendations,494
C0456,Corporate,Mining,North,27,31514609.0,1167207.74,790144.0,5133.0,3923096.0,5.19,55.11,1488,24747800,1134901.25,97.23,Small Basket,Low Order Value,Medium Frequency,5.76,Low Basket Customer,Increase basket breadth through complementary-product recommendations,495
C0353,Dealer,Manufacturing,North,27,31979908.6,1184441.06,1112462.0,17700.0,2827593.4,5.0,62.22,1680,25154270,960258.99,81.07,Small Basket,Low Order Value,Medium Frequency,4.6,Low Basket Customer,Increase basket breadth through complementary-product recommendations,496
C0125,Government,Mining,West,30,31904862.6,1063495.42,1036740.3,5097.6,2862952.4,4.7,52.87,1586,25077820,800332.33,75.25,Very Small Basket,Low Order Value,Medium Frequency,3.94,Low Basket Customer,Increase basket breadth through complementary-product recommendations,497
C0061,Dealer,Construction,West,29,33890240.0,1168628.97,1108205.6,4531.2,3296744.6,4.45,46.62,1352,26564250,924134.2,79.08,Very Small Basket,Low Order Value,Medium Frequency,3.78,Low Basket Customer,Increase basket breadth through complementary-product recommendations,498
C0174,Government,Mining,West,29,29793255.0,1027353.62,611328.0,5900.0,3319520.4,4.72,58.9,1708,23386250,951221.42,92.59,Very Small Basket,Low Order Value,Medium Frequency,3.1,Low Basket Customer,Increase basket breadth through complementary-product recommendations,499
C0347,Retail,Mining,North,24,22536660.4,939027.52,722499.3,6785.0,2468224.0,4.92,55.08,1322,17721530,754552.45,80.35,Very Small Basket,Low Order Value,Low Frequency,1.53,Low Basket Customer,Increase basket breadth through complementary-product recommendations,500
