movement_date,product_id,branch_id,movement_count,total_quantity,max_single_quantity,daily_volume_anomaly,high_frequency_anomaly,anomaly_flag,anomaly_reason
2019-01-13,P023,CHN001,4,59,18,False,True,True,Unusually High Movement Frequency
2019-01-15,P009,KOL001,3,599,252,True,False,True,Unusual Daily Movement Volume
2019-01-20,P014,AHM001,2,566,284,True,False,True,Unusual Daily Movement Volume
2019-01-20,P018,AHM001,5,618,232,True,True,True,High Volume and High Frequency
2019-01-21,P015,CHN001,5,52,17,False,True,True,Unusually High Movement Frequency
2019-01-22,P009,KOL001,3,588,288,True,False,True,Unusual Daily Movement Volume
2019-01-22,P012,CHN001,4,196,166,False,True,True,Unusually High Movement Frequency
2019-01-22,P016,KOL001,4,955,284,True,True,True,High Volume and High Frequency
2019-01-22,P027,DEL001,3,532,263,True,False,True,Unusual Daily Movement Volume
2019-01-24,P002,PUN001,6,519,240,False,True,True,Unusually High Movement Frequency
2019-01-24,P005,PUN001,3,740,287,True,False,True,Unusual Daily Movement Volume
2019-01-24,P008,DEL001,4,510,153,False,True,True,Unusually High Movement Frequency
2019-01-24,P012,PUN001,4,574,294,True,True,True,High Volume and High Frequency
2019-01-24,P028,DEL001,4,646,211,True,True,True,High Volume and High Frequency
2019-01-25,P002,HYD001,5,370,195,False,True,True,Unusually High Movement Frequency
2019-01-26,P004,AHM001,4,232,179,False,True,True,Unusually High Movement Frequency
2019-01-26,P012,AHM001,6,293,276,False,True,True,Unusually High Movement Frequency
2019-01-26,P016,CHN001,4,125,96,False,True,True,Unusually High Movement Frequency
2019-01-26,P021,AHM001,5,74,18,False,True,True,Unusually High Movement Frequency
2019-01-26,P027,CHN001,6,341,152,False,True,True,Unusually High Movement Frequency
2019-01-27,P011,DEL001,3,535,270,True,False,True,Unusual Daily Movement Volume
2019-01-27,P028,KOL001,4,578,237,True,True,True,High Volume and High Frequency
2019-01-28,P028,PUN001,4,674,267,True,True,True,High Volume and High Frequency
2019-01-29,P017,KOL001,3,576,259,True,False,True,Unusual Daily Movement Volume
2019-01-30,P007,DEL001,3,544,299,True,False,True,Unusual Daily Movement Volume
2019-01-30,P021,DEL001,4,441,294,False,True,True,Unusually High Movement Frequency
2019-01-30,P021,HYD001,4,623,276,True,True,True,High Volume and High Frequency
2019-01-30,P030,HYD001,4,446,286,False,True,True,Unusually High Movement Frequency
2019-01-31,P029,AHM001,3,688,278,True,False,True,Unusual Daily Movement Volume
2019-02-01,P007,CHN001,4,68,38,False,True,True,Unusually High Movement Frequency
2019-02-01,P012,KOL001,3,658,232,True,False,True,Unusual Daily Movement Volume
2019-02-01,P017,KOL001,4,332,252,False,True,True,Unusually High Movement Frequency
2019-02-01,P026,KOL001,5,619,224,True,True,True,High Volume and High Frequency
2019-02-01,P027,CHN001,4,53,17,False,True,True,Unusually High Movement Frequency
2019-02-01,P029,CHN001,4,47,15,False,True,True,Unusually High Movement Frequency
2019-02-02,P001,KOL001,4,264,240,False,True,True,Unusually High Movement Frequency
2019-02-02,P007,KOL001,4,529,253,False,True,True,Unusually High Movement Frequency
2019-02-04,P023,KOL001,5,653,257,True,True,True,High Volume and High Frequency
2019-02-05,P016,AHM001,4,518,278,False,True,True,Unusually High Movement Frequency
2019-02-06,P018,HYD001,4,291,274,False,True,True,Unusually High Movement Frequency
2019-02-07,P007,DEL001,4,226,108,False,True,True,Unusually High Movement Frequency
2019-02-09,P001,DEL001,4,581,209,True,True,True,High Volume and High Frequency
2019-02-09,P009,DEL001,3,708,267,True,False,True,Unusual Daily Movement Volume
2019-02-09,P018,DEL001,4,308,240,False,True,True,Unusually High Movement Frequency
2019-02-09,P030,HYD001,3,561,258,True,False,True,Unusual Daily Movement Volume
2019-02-10,P005,KOL001,4,422,258,False,True,True,Unusually High Movement Frequency
2019-02-10,P007,CHN001,5,681,248,True,True,True,High Volume and High Frequency
2019-02-10,P009,HYD001,4,88,48,False,True,True,Unusually High Movement Frequency
2019-02-10,P016,PUN001,4,290,140,False,True,True,Unusually High Movement Frequency
2019-02-10,P021,AHM001,4,189,160,False,True,True,Unusually High Movement Frequency
2019-02-11,P013,HYD001,4,294,170,False,True,True,Unusually High Movement Frequency
2019-02-11,P023,CHN001,4,354,277,False,True,True,Unusually High Movement Frequency
2019-02-14,P010,CHN001,3,534,297,True,False,True,Unusual Daily Movement Volume
2019-02-14,P020,CHN001,4,493,292,False,True,True,Unusually High Movement Frequency
2019-02-15,P002,AHM001,4,59,36,False,True,True,Unusually High Movement Frequency
2019-02-15,P007,DEL001,4,333,173,False,True,True,Unusually High Movement Frequency
2019-02-15,P020,DEL001,3,592,261,True,False,True,Unusual Daily Movement Volume
2019-02-15,P026,DEL001,4,654,284,True,True,True,High Volume and High Frequency
2019-02-16,P013,CHN001,4,55,28,False,True,True,Unusually High Movement Frequency
2019-02-16,P014,KOL001,3,592,286,True,False,True,Unusual Daily Movement Volume
2019-02-16,P024,CHN001,3,789,264,True,False,True,Unusual Daily Movement Volume
2019-02-17,P004,PUN001,4,379,200,False,True,True,Unusually High Movement Frequency
2019-02-17,P014,PUN001,3,647,286,True,False,True,Unusual Daily Movement Volume
2019-02-17,P020,HYD001,2,544,272,True,False,True,Unusual Daily Movement Volume
2019-02-18,P010,HYD001,4,491,298,False,True,True,Unusually High Movement Frequency
2019-02-19,P004,KOL001,4,636,258,True,True,True,High Volume and High Frequency
2019-02-22,P006,DEL001,4,456,260,False,True,True,Unusually High Movement Frequency
2019-02-22,P014,DEL001,3,648,289,True,False,True,Unusual Daily Movement Volume
2019-02-22,P021,HYD001,3,548,256,True,False,True,Unusual Daily Movement Volume
2019-02-22,P030,KOL001,4,292,257,False,True,True,Unusually High Movement Frequency
2019-02-23,P001,DEL001,3,751,274,True,False,True,Unusual Daily Movement Volume
2019-02-24,P002,KOL001,5,395,242,False,True,True,Unusually High Movement Frequency
2019-02-24,P004,PUN001,3,549,294,True,False,True,Unusual Daily Movement Volume
2019-02-24,P013,PUN001,4,353,228,False,True,True,Unusually High Movement Frequency
2019-02-24,P020,AHM001,4,384,280,False,True,True,Unusually High Movement Frequency
2019-02-24,P028,AHM001,4,240,163,False,True,True,Unusually High Movement Frequency
2019-02-24,P029,AHM001,4,305,282,False,True,True,Unusually High Movement Frequency
2019-02-25,P008,HYD001,4,406,210,False,True,True,Unusually High Movement Frequency
2019-02-25,P019,HYD001,4,701,270,True,True,True,High Volume and High Frequency
2019-02-26,P010,AHM001,4,277,251,False,True,True,Unusually High Movement Frequency
2019-02-27,P016,HYD001,4,322,266,False,True,True,Unusually High Movement Frequency
2019-02-27,P023,CHN001,3,720,258,True,False,True,Unusual Daily Movement Volume
2019-02-27,P027,HYD001,4,405,228,False,True,True,Unusually High Movement Frequency
2019-02-28,P004,CHN001,6,1011,229,True,True,True,High Volume and High Frequency
2019-02-28,P007,HYD001,3,841,296,True,False,True,Unusual Daily Movement Volume
2019-02-28,P014,CHN001,4,417,242,False,True,True,Unusually High Movement Frequency
2019-02-28,P021,DEL001,4,284,241,False,True,True,Unusually High Movement Frequency
2019-02-28,P026,CHN001,3,676,255,True,False,True,Unusual Daily Movement Volume
2019-03-01,P018,CHN001,4,47,20,False,True,True,Unusually High Movement Frequency
2019-03-01,P024,KOL001,4,521,224,False,True,True,Unusually High Movement Frequency
2019-03-02,P003,HYD001,4,665,297,True,True,True,High Volume and High Frequency
2019-03-02,P007,KOL001,4,599,260,True,True,True,High Volume and High Frequency
2019-03-02,P011,KOL001,4,406,211,False,True,True,Unusually High Movement Frequency
2019-03-02,P014,KOL001,4,584,232,True,True,True,High Volume and High Frequency
2019-03-02,P015,KOL001,2,532,277,True,False,True,Unusual Daily Movement Volume
2019-03-02,P018,KOL001,4,438,289,False,True,True,Unusually High Movement Frequency
2019-03-02,P022,HYD001,4,905,273,True,True,True,High Volume and High Frequency
2019-03-02,P024,KOL001,4,123,86,False,True,True,Unusually High Movement Frequency
2019-03-02,P029,HYD001,4,485,214,False,True,True,Unusually High Movement Frequency
2019-03-03,P003,CHN001,7,751,281,True,True,True,High Volume and High Frequency
2019-03-04,P001,DEL001,5,441,214,False,True,True,Unusually High Movement Frequency
2019-03-04,P003,AHM001,4,553,278,True,True,True,High Volume and High Frequency
2019-03-04,P008,DEL001,5,61,41,False,True,True,Unusually High Movement Frequency
2019-03-04,P021,DEL001,8,704,217,True,True,True,High Volume and High Frequency
2019-03-04,P029,AHM001,5,605,289,True,True,True,High Volume and High Frequency
2019-03-05,P006,DEL001,3,667,255,True,False,True,Unusual Daily Movement Volume
2019-03-05,P017,KOL001,2,571,286,True,False,True,Unusual Daily Movement Volume
2019-03-06,P003,CHN001,4,585,254,True,True,True,High Volume and High Frequency
2019-03-06,P007,CHN001,4,623,257,True,True,True,High Volume and High Frequency
2019-03-06,P009,CHN001,5,664,225,True,True,True,High Volume and High Frequency
2019-03-06,P010,CHN001,4,321,167,False,True,True,Unusually High Movement Frequency
2019-03-06,P012,CHN001,4,269,226,False,True,True,Unusually High Movement Frequency
2019-03-06,P013,CHN001,3,532,229,True,False,True,Unusual Daily Movement Volume
2019-03-06,P014,KOL001,3,582,245,True,False,True,Unusual Daily Movement Volume
2019-03-06,P018,DEL001,4,24,15,False,True,True,Unusually High Movement Frequency
2019-03-07,P001,PUN001,4,422,226,False,True,True,Unusually High Movement Frequency
2019-03-07,P002,AHM001,3,764,298,True,False,True,Unusual Daily Movement Volume
2019-03-07,P002,KOL001,4,38,13,False,True,True,Unusually High Movement Frequency
2019-03-07,P003,HYD001,4,311,203,False,True,True,Unusually High Movement Frequency
2019-03-07,P003,PUN001,3,606,286,True,False,True,Unusual Daily Movement Volume
2019-03-07,P011,PUN001,3,782,289,True,False,True,Unusual Daily Movement Volume
2019-03-07,P016,HYD001,6,46,12,False,True,True,Unusually High Movement Frequency
2019-03-07,P025,HYD001,4,331,162,False,True,True,Unusually High Movement Frequency
2019-03-07,P030,HYD001,5,172,88,False,True,True,Unusually High Movement Frequency
2019-03-08,P002,PUN001,4,34,15,False,True,True,Unusually High Movement Frequency
2019-03-08,P003,DEL001,2,545,290,True,False,True,Unusual Daily Movement Volume
2019-03-09,P019,DEL001,4,286,225,False,True,True,Unusually High Movement Frequency
2019-03-10,P011,DEL001,3,845,298,True,False,True,Unusual Daily Movement Volume
2019-03-10,P025,PUN001,2,535,271,True,False,True,Unusual Daily Movement Volume
2019-03-11,P007,CHN001,4,576,281,True,True,True,High Volume and High Frequency
2019-03-11,P014,CHN001,4,467,292,False,True,True,Unusually High Movement Frequency
2019-03-11,P016,CHN001,5,48,14,False,True,True,Unusually High Movement Frequency
2019-03-11,P023,AHM001,4,706,249,True,True,True,High Volume and High Frequency
2019-03-11,P027,CHN001,4,669,283,True,True,True,High Volume and High Frequency
2019-03-13,P013,PUN001,4,652,256,True,True,True,High Volume and High Frequency
2019-03-13,P017,PUN001,3,581,295,True,False,True,Unusual Daily Movement Volume
2019-03-13,P023,KOL001,4,35,14,False,True,True,Unusually High Movement Frequency
2019-03-13,P027,HYD001,3,554,282,True,False,True,Unusual Daily Movement Volume
2019-03-13,P030,CHN001,4,107,47,False,True,True,Unusually High Movement Frequency
2019-03-14,P001,HYD001,3,649,294,True,False,True,Unusual Daily Movement Volume
2019-03-14,P005,HYD001,4,400,249,False,True,True,Unusually High Movement Frequency
2019-03-15,P004,PUN001,4,208,178,False,True,True,Unusually High Movement Frequency
2019-03-15,P010,AHM001,4,594,270,True,True,True,High Volume and High Frequency
2019-03-15,P011,PUN001,2,535,299,True,False,True,Unusual Daily Movement Volume
2019-03-15,P023,PUN001,4,593,255,True,True,True,High Volume and High Frequency
2019-03-16,P012,AHM001,4,320,282,False,True,True,Unusually High Movement Frequency
2019-03-16,P021,CHN001,4,443,197,False,True,True,Unusually High Movement Frequency
2019-03-17,P016,KOL001,4,569,277,True,True,True,High Volume and High Frequency
2019-03-17,P018,HYD001,4,573,276,True,True,True,High Volume and High Frequency
2019-03-18,P003,KOL001,4,519,230,False,True,True,Unusually High Movement Frequency
2019-03-19,P012,KOL001,4,904,281,True,True,True,High Volume and High Frequency
2019-03-19,P025,DEL001,4,392,260,False,True,True,Unusually High Movement Frequency
2019-03-19,P029,DEL001,4,527,292,False,True,True,Unusually High Movement Frequency
2019-03-20,P010,CHN001,5,623,244,True,True,True,High Volume and High Frequency
2019-03-21,P019,KOL001,4,251,211,False,True,True,Unusually High Movement Frequency
2019-03-22,P002,CHN001,5,577,297,True,True,True,High Volume and High Frequency
2019-03-22,P008,DEL001,2,546,282,True,False,True,Unusual Daily Movement Volume
2019-03-22,P018,HYD001,4,366,266,False,True,True,Unusually High Movement Frequency
2019-03-23,P001,AHM001,5,828,287,True,True,True,High Volume and High Frequency
2019-03-23,P004,AHM001,3,586,213,True,False,True,Unusual Daily Movement Volume
2019-03-23,P009,DEL001,4,554,235,True,True,True,High Volume and High Frequency
2019-03-23,P012,DEL001,3,536,258,True,False,True,Unusual Daily Movement Volume
2019-03-23,P013,CHN001,4,51,19,False,True,True,Unusually High Movement Frequency
2019-03-23,P015,DEL001,4,264,230,False,True,True,Unusually High Movement Frequency
2019-03-25,P009,AHM001,3,557,220,True,False,True,Unusual Daily Movement Volume
2019-03-25,P010,KOL001,4,307,188,False,True,True,Unusually High Movement Frequency
2019-03-26,P013,CHN001,2,532,281,True,False,True,Unusual Daily Movement Volume
2019-03-27,P004,KOL001,3,657,257,True,False,True,Unusual Daily Movement Volume
2019-03-28,P005,AHM001,4,201,145,False,True,True,Unusually High Movement Frequency
2019-03-28,P007,AHM001,3,763,281,True,False,True,Unusual Daily Movement Volume
2019-03-28,P007,PUN001,4,172,149,False,True,True,Unusually High Movement Frequency
2019-03-28,P008,PUN001,4,265,232,False,True,True,Unusually High Movement Frequency
2019-03-28,P017,CHN001,4,605,297,True,True,True,High Volume and High Frequency
2019-03-29,P007,AHM001,6,520,276,False,True,True,Unusually High Movement Frequency
2019-03-29,P009,KOL001,5,60,19,False,True,True,Unusually High Movement Frequency
2019-03-29,P011,CHN001,5,33,12,False,True,True,Unusually High Movement Frequency
2019-03-29,P022,AHM001,4,447,292,False,True,True,Unusually High Movement Frequency
2019-03-29,P022,KOL001,4,45,18,False,True,True,Unusually High Movement Frequency
2019-03-30,P017,PUN001,3,657,286,True,False,True,Unusual Daily Movement Volume
2019-03-30,P030,DEL001,2,544,287,True,False,True,Unusual Daily Movement Volume
2019-03-31,P004,CHN001,3,531,293,True,False,True,Unusual Daily Movement Volume
2019-03-31,P013,CHN001,4,437,273,False,True,True,Unusually High Movement Frequency
2019-03-31,P021,CHN001,5,64,16,False,True,True,Unusually High Movement Frequency
2019-03-31,P025,CHN001,4,423,237,False,True,True,Unusually High Movement Frequency
2019-03-31,P029,DEL001,4,607,227,True,True,True,High Volume and High Frequency
2019-04-01,P009,PUN001,6,806,250,True,True,True,High Volume and High Frequency
2019-04-01,P015,AHM001,4,365,184,False,True,True,Unusually High Movement Frequency
2019-04-02,P028,AHM001,4,304,287,False,True,True,Unusually High Movement Frequency
2019-04-03,P029,KOL001,3,630,278,True,False,True,Unusual Daily Movement Volume
2019-04-04,P001,CHN001,4,78,43,False,True,True,Unusually High Movement Frequency
2019-04-04,P004,CHN001,4,740,254,True,True,True,High Volume and High Frequency
2019-04-04,P006,CHN001,4,146,112,False,True,True,Unusually High Movement Frequency
2019-04-04,P007,CHN001,5,141,71,False,True,True,Unusually High Movement Frequency
2019-04-04,P011,HYD001,3,587,235,True,False,True,Unusual Daily Movement Volume
2019-04-05,P028,CHN001,4,277,180,False,True,True,Unusually High Movement Frequency
2019-04-05,P029,KOL001,4,335,249,False,True,True,Unusually High Movement Frequency
2019-04-06,P005,HYD001,4,438,234,False,True,True,Unusually High Movement Frequency
2019-04-06,P008,CHN001,4,843,285,True,True,True,High Volume and High Frequency
2019-04-06,P011,PUN001,4,336,245,False,True,True,Unusually High Movement Frequency
2019-04-06,P014,HYD001,4,253,125,False,True,True,Unusually High Movement Frequency
2019-04-06,P021,DEL001,3,731,290,True,False,True,Unusual Daily Movement Volume
2019-04-06,P026,DEL001,3,693,285,True,False,True,Unusual Daily Movement Volume
2019-04-07,P015,CHN001,4,50,21,False,True,True,Unusually High Movement Frequency
2019-04-08,P003,CHN001,4,256,165,False,True,True,Unusually High Movement Frequency
2019-04-08,P004,DEL001,4,512,290,False,True,True,Unusually High Movement Frequency
2019-04-08,P011,PUN001,2,572,291,True,False,True,Unusual Daily Movement Volume
2019-04-08,P017,DEL001,4,607,284,True,True,True,High Volume and High Frequency
2019-04-08,P018,DEL001,4,251,202,False,True,True,Unusually High Movement Frequency
2019-04-08,P026,DEL001,3,622,289,True,False,True,Unusual Daily Movement Volume
2019-04-09,P009,HYD001,3,575,296,True,False,True,Unusual Daily Movement Volume
2019-04-09,P012,CHN001,5,379,236,False,True,True,Unusually High Movement Frequency
2019-04-09,P026,CHN001,4,237,208,False,True,True,Unusually High Movement Frequency
2019-04-10,P014,HYD001,5,879,259,True,True,True,High Volume and High Frequency
2019-04-10,P022,HYD001,3,685,262,True,False,True,Unusual Daily Movement Volume
2019-04-11,P003,HYD001,3,558,290,True,False,True,Unusual Daily Movement Volume
2019-04-11,P011,HYD001,3,666,297,True,False,True,Unusual Daily Movement Volume
2019-04-11,P020,PUN001,4,256,134,False,True,True,Unusually High Movement Frequency
2019-04-11,P021,HYD001,5,68,17,False,True,True,Unusually High Movement Frequency
2019-04-12,P009,HYD001,4,38,14,False,True,True,Unusually High Movement Frequency
2019-04-13,P020,PUN001,3,621,290,True,False,True,Unusual Daily Movement Volume
2019-04-14,P020,KOL001,4,160,109,False,True,True,Unusually High Movement Frequency
2019-04-15,P008,CHN001,5,510,217,False,True,True,Unusually High Movement Frequency
2019-04-15,P011,KOL001,4,160,88,False,True,True,Unusually High Movement Frequency
2019-04-15,P017,CHN001,4,55,20,False,True,True,Unusually High Movement Frequency
2019-04-15,P028,KOL001,3,628,292,True,False,True,Unusual Daily Movement Volume
2019-04-16,P014,AHM001,4,675,296,True,True,True,High Volume and High Frequency
2019-04-16,P017,HYD001,4,750,298,True,True,True,High Volume and High Frequency
2019-04-16,P030,HYD001,4,627,289,True,True,True,High Volume and High Frequency
2019-04-17,P005,CHN001,4,24,12,False,True,True,Unusually High Movement Frequency
2019-04-17,P010,CHN001,4,17,5,False,True,True,Unusually High Movement Frequency
2019-04-17,P021,CHN001,4,40,18,False,True,True,Unusually High Movement Frequency
2019-04-17,P026,CHN001,4,61,18,False,True,True,Unusually High Movement Frequency
2019-04-18,P007,AHM001,2,552,276,True,False,True,Unusual Daily Movement Volume
2019-04-18,P011,KOL001,5,328,277,False,True,True,Unusually High Movement Frequency
2019-04-18,P015,DEL001,4,264,207,False,True,True,Unusually High Movement Frequency
2019-04-19,P001,KOL001,3,594,300,True,False,True,Unusual Daily Movement Volume
2019-04-19,P011,CHN001,5,353,243,False,True,True,Unusually High Movement Frequency
2019-04-19,P015,KOL001,4,839,261,True,True,True,High Volume and High Frequency
2019-04-19,P023,KOL001,4,888,297,True,True,True,High Volume and High Frequency
2019-04-21,P001,CHN001,4,718,295,True,True,True,High Volume and High Frequency
2019-04-21,P016,CHN001,2,551,298,True,False,True,Unusual Daily Movement Volume
2019-04-21,P020,DEL001,3,616,288,True,False,True,Unusual Daily Movement Volume
2019-04-22,P017,AHM001,4,160,134,False,True,True,Unusually High Movement Frequency
2019-04-22,P020,PUN001,4,484,200,False,True,True,Unusually High Movement Frequency
2019-04-22,P024,AHM001,3,531,239,True,False,True,Unusual Daily Movement Volume
2019-04-22,P025,KOL001,3,806,288,True,False,True,Unusual Daily Movement Volume
2019-04-23,P011,DEL001,4,471,180,False,True,True,Unusually High Movement Frequency
2019-04-23,P030,KOL001,4,50,19,False,True,True,Unusually High Movement Frequency
2019-04-24,P018,CHN001,4,473,191,False,True,True,Unusually High Movement Frequency
2019-04-24,P019,KOL001,3,710,286,True,False,True,Unusual Daily Movement Volume
2019-04-25,P030,PUN001,4,457,281,False,True,True,Unusually High Movement Frequency
2019-04-26,P005,DEL001,2,538,271,True,False,True,Unusual Daily Movement Volume
2019-04-26,P015,CHN001,3,690,280,True,False,True,Unusual Daily Movement Volume
2019-04-27,P011,CHN001,4,539,279,True,True,True,High Volume and High Frequency
2019-04-27,P025,PUN001,3,677,295,True,False,True,Unusual Daily Movement Volume
2019-04-27,P030,AHM001,4,303,267,False,True,True,Unusually High Movement Frequency
2019-04-28,P002,CHN001,4,465,232,False,True,True,Unusually High Movement Frequency
2019-04-28,P004,CHN001,5,512,248,False,True,True,Unusually High Movement Frequency
2019-04-28,P025,HYD001,5,374,219,False,True,True,Unusually High Movement Frequency
2019-04-29,P024,AHM001,4,262,218,False,True,True,Unusually High Movement Frequency
2019-04-30,P008,CHN001,5,327,178,False,True,True,Unusually High Movement Frequency
2019-04-30,P009,CHN001,4,69,30,False,True,True,Unusually High Movement Frequency
2019-04-30,P015,PUN001,4,237,125,False,True,True,Unusually High Movement Frequency
2019-04-30,P027,CHN001,4,140,107,False,True,True,Unusually High Movement Frequency
2019-05-01,P012,PUN001,4,314,263,False,True,True,Unusually High Movement Frequency
2019-05-03,P001,DEL001,4,608,281,True,True,True,High Volume and High Frequency
2019-05-03,P010,DEL001,5,385,188,False,True,True,Unusually High Movement Frequency
2019-05-03,P016,DEL001,3,809,285,True,False,True,Unusual Daily Movement Volume
2019-05-03,P018,DEL001,4,158,135,False,True,True,Unusually High Movement Frequency
2019-05-04,P015,HYD001,3,665,274,True,False,True,Unusual Daily Movement Volume
2019-05-05,P004,HYD001,5,273,236,False,True,True,Unusually High Movement Frequency
2019-05-05,P005,AHM001,3,626,257,True,False,True,Unusual Daily Movement Volume
2019-05-07,P029,CHN001,4,553,276,True,True,True,High Volume and High Frequency
2019-05-07,P029,KOL001,4,28,11,False,True,True,Unusually High Movement Frequency
2019-05-08,P007,KOL001,5,750,228,True,True,True,High Volume and High Frequency
2019-05-08,P013,CHN001,4,978,294,True,True,True,High Volume and High Frequency
2019-05-08,P017,CHN001,6,877,197,True,True,True,High Volume and High Frequency
2019-05-08,P018,KOL001,4,602,290,True,True,True,High Volume and High Frequency
2019-05-09,P018,DEL001,4,544,185,True,True,True,High Volume and High Frequency
2019-05-09,P030,DEL001,3,565,273,True,False,True,Unusual Daily Movement Volume
2019-05-10,P006,KOL001,4,383,228,False,True,True,Unusually High Movement Frequency
2019-05-10,P008,CHN001,2,573,288,True,False,True,Unusual Daily Movement Volume
2019-05-10,P013,CHN001,4,499,240,False,True,True,Unusually High Movement Frequency
2019-05-10,P016,CHN001,4,500,241,False,True,True,Unusually High Movement Frequency
2019-05-10,P017,KOL001,4,609,234,True,True,True,High Volume and High Frequency
2019-05-10,P025,KOL001,4,235,197,False,True,True,Unusually High Movement Frequency
2019-05-10,P026,CHN001,4,268,160,False,True,True,Unusually High Movement Frequency
2019-05-11,P016,AHM001,3,612,284,True,False,True,Unusual Daily Movement Volume
2019-05-11,P022,AHM001,3,557,286,True,False,True,Unusual Daily Movement Volume
2019-05-12,P013,CHN001,4,196,141,False,True,True,Unusually High Movement Frequency
2019-05-12,P014,CHN001,2,539,295,True,False,True,Unusual Daily Movement Volume
2019-05-12,P015,CHN001,4,198,165,False,True,True,Unusually High Movement Frequency
2019-05-12,P023,CHN001,2,544,288,True,False,True,Unusual Daily Movement Volume
2019-05-14,P012,DEL001,3,694,258,True,False,True,Unusual Daily Movement Volume
2019-05-14,P013,CHN001,4,328,297,False,True,True,Unusually High Movement Frequency
2019-05-14,P029,DEL001,3,619,249,True,False,True,Unusual Daily Movement Volume
2019-05-15,P001,AHM001,3,535,260,True,False,True,Unusual Daily Movement Volume
2019-05-15,P003,KOL001,5,534,259,True,True,True,High Volume and High Frequency
2019-05-15,P004,HYD001,4,54,19,False,True,True,Unusually High Movement Frequency
2019-05-15,P018,KOL001,3,815,293,True,False,True,Unusual Daily Movement Volume
2019-05-16,P013,CHN001,4,219,186,False,True,True,Unusually High Movement Frequency
2019-05-16,P020,CHN001,4,517,297,False,True,True,Unusually High Movement Frequency
2019-05-17,P007,HYD001,4,528,284,False,True,True,Unusually High Movement Frequency
2019-05-17,P017,DEL001,4,519,260,False,True,True,Unusually High Movement Frequency
2019-05-18,P005,KOL001,4,202,151,False,True,True,Unusually High Movement Frequency
2019-05-18,P019,KOL001,4,21,14,False,True,True,Unusually High Movement Frequency
2019-05-20,P016,PUN001,4,25,17,False,True,True,Unusually High Movement Frequency
2019-05-21,P030,AHM001,2,565,286,True,False,True,Unusual Daily Movement Volume
2019-05-22,P013,PUN001,5,754,273,True,True,True,High Volume and High Frequency
2019-05-23,P004,HYD001,3,667,261,True,False,True,Unusual Daily Movement Volume
2019-05-24,P020,HYD001,4,110,52,False,True,True,Unusually High Movement Frequency
2019-05-24,P024,CHN001,5,454,285,False,True,True,Unusually High Movement Frequency
2019-05-25,P002,CHN001,4,120,82,False,True,True,Unusually High Movement Frequency
2019-05-25,P002,DEL001,5,509,281,False,True,True,Unusually High Movement Frequency
2019-05-25,P005,CHN001,4,429,273,False,True,True,Unusually High Movement Frequency
2019-05-25,P006,PUN001,3,767,297,True,False,True,Unusual Daily Movement Volume
2019-05-25,P029,PUN001,3,663,299,True,False,True,Unusual Daily Movement Volume
2019-05-26,P028,CHN001,3,781,291,True,False,True,Unusual Daily Movement Volume
2019-05-26,P028,KOL001,4,832,285,True,True,True,High Volume and High Frequency
2019-05-27,P006,CHN001,4,512,178,False,True,True,Unusually High Movement Frequency
2019-05-27,P015,AHM001,4,405,236,False,True,True,Unusually High Movement Frequency
2019-05-27,P017,CHN001,4,189,127,False,True,True,Unusually High Movement Frequency
2019-05-27,P018,PUN001,4,36,13,False,True,True,Unusually High Movement Frequency
2019-05-27,P020,CHN001,4,454,279,False,True,True,Unusually High Movement Frequency
2019-05-27,P022,PUN001,4,46,19,False,True,True,Unusually High Movement Frequency
2019-05-27,P023,DEL001,4,98,54,False,True,True,Unusually High Movement Frequency
2019-05-27,P026,AHM001,5,413,212,False,True,True,Unusually High Movement Frequency
2019-05-27,P029,KOL001,4,31,15,False,True,True,Unusually High Movement Frequency
2019-05-27,P030,CHN001,4,430,274,False,True,True,Unusually High Movement Frequency
2019-05-28,P018,PUN001,2,545,285,True,False,True,Unusual Daily Movement Volume
2019-05-29,P012,KOL001,3,555,233,True,False,True,Unusual Daily Movement Volume
2019-05-29,P017,PUN001,4,448,205,False,True,True,Unusually High Movement Frequency
2019-05-29,P025,DEL001,5,646,269,True,True,True,High Volume and High Frequency
2019-05-29,P027,DEL001,3,590,298,True,False,True,Unusual Daily Movement Volume
2019-05-30,P011,PUN001,3,544,227,True,False,True,Unusual Daily Movement Volume
2019-05-30,P020,PUN001,5,316,200,False,True,True,Unusually High Movement Frequency
2019-05-31,P015,PUN001,4,53,31,False,True,True,Unusually High Movement Frequency
2019-06-02,P003,AHM001,4,683,264,True,True,True,High Volume and High Frequency
2019-06-02,P004,AHM001,3,675,292,True,False,True,Unusual Daily Movement Volume
2019-06-02,P013,AHM001,4,506,276,False,True,True,Unusually High Movement Frequency
2019-06-02,P021,AHM001,4,553,284,True,True,True,High Volume and High Frequency
2019-06-02,P023,CHN001,4,585,294,True,True,True,High Volume and High Frequency
2019-06-02,P025,AHM001,6,799,229,True,True,True,High Volume and High Frequency
2019-06-03,P028,HYD001,4,385,289,False,True,True,Unusually High Movement Frequency
2019-06-04,P003,DEL001,3,549,188,True,False,True,Unusual Daily Movement Volume
2019-06-04,P004,DEL001,3,536,298,True,False,True,Unusual Daily Movement Volume
2019-06-04,P012,DEL001,4,268,253,False,True,True,Unusually High Movement Frequency
2019-06-04,P012,PUN001,4,279,251,False,True,True,Unusually High Movement Frequency
2019-06-05,P004,AHM001,4,307,252,False,True,True,Unusually High Movement Frequency
2019-06-05,P012,DEL001,3,779,297,True,False,True,Unusual Daily Movement Volume
2019-06-05,P018,DEL001,4,851,268,True,True,True,High Volume and High Frequency
2019-06-05,P023,DEL001,4,325,104,False,True,True,Unusually High Movement Frequency
2019-06-06,P007,DEL001,2,587,299,True,False,True,Unusual Daily Movement Volume
2019-06-08,P003,DEL001,3,584,274,True,False,True,Unusual Daily Movement Volume
2019-06-08,P007,DEL001,4,587,299,True,True,True,High Volume and High Frequency
2019-06-08,P010,DEL001,4,399,254,False,True,True,Unusually High Movement Frequency
2019-06-08,P021,CHN001,6,508,241,False,True,True,Unusually High Movement Frequency
2019-06-09,P008,HYD001,3,586,252,True,False,True,Unusual Daily Movement Volume
2019-06-09,P025,HYD001,4,229,102,False,True,True,Unusually High Movement Frequency
2019-06-10,P015,KOL001,3,669,289,True,False,True,Unusual Daily Movement Volume
2019-06-10,P017,KOL001,4,401,188,False,True,True,Unusually High Movement Frequency
2019-06-10,P025,DEL001,2,562,296,True,False,True,Unusual Daily Movement Volume
2019-06-11,P010,AHM001,4,35,20,False,True,True,Unusually High Movement Frequency
2019-06-11,P015,AHM001,4,36,13,False,True,True,Unusually High Movement Frequency
2019-06-11,P019,HYD001,3,699,257,True,False,True,Unusual Daily Movement Volume
2019-06-11,P027,AHM001,4,327,173,False,True,True,Unusually High Movement Frequency
2019-06-13,P014,DEL001,4,249,177,False,True,True,Unusually High Movement Frequency
2019-06-13,P023,CHN001,4,425,219,False,True,True,Unusually High Movement Frequency
2019-06-13,P025,DEL001,5,382,241,False,True,True,Unusually High Movement Frequency
2019-06-14,P017,AHM001,4,25,12,False,True,True,Unusually High Movement Frequency
2019-06-14,P028,PUN001,2,586,299,True,False,True,Unusual Daily Movement Volume
2019-06-14,P030,AHM001,5,227,138,False,True,True,Unusually High Movement Frequency
2019-06-16,P009,KOL001,4,359,290,False,True,True,Unusually High Movement Frequency
2019-06-16,P021,KOL001,4,294,224,False,True,True,Unusually High Movement Frequency
2019-06-17,P012,CHN001,5,890,285,True,True,True,High Volume and High Frequency
2019-06-17,P025,CHN001,4,584,248,True,True,True,High Volume and High Frequency
2019-06-17,P025,KOL001,4,173,124,False,True,True,Unusually High Movement Frequency
2019-06-17,P030,PUN001,4,185,136,False,True,True,Unusually High Movement Frequency
2019-06-18,P007,DEL001,3,536,276,True,False,True,Unusual Daily Movement Volume
2019-06-18,P008,DEL001,4,129,58,False,True,True,Unusually High Movement Frequency
2019-06-18,P012,DEL001,5,466,214,False,True,True,Unusually High Movement Frequency
2019-06-18,P014,DEL001,3,539,228,True,False,True,Unusual Daily Movement Volume
2019-06-18,P020,DEL001,5,727,290,True,True,True,High Volume and High Frequency
2019-06-18,P027,DEL001,4,639,297,True,True,True,High Volume and High Frequency
2019-06-18,P030,DEL001,5,294,243,False,True,True,Unusually High Movement Frequency
2019-06-19,P002,PUN001,3,590,264,True,False,True,Unusual Daily Movement Volume
2019-06-19,P025,CHN001,4,87,54,False,True,True,Unusually High Movement Frequency
2019-06-19,P026,AHM001,4,285,172,False,True,True,Unusually High Movement Frequency
2019-06-19,P030,PUN001,4,472,190,False,True,True,Unusually High Movement Frequency
2019-06-20,P007,DEL001,4,757,260,True,True,True,High Volume and High Frequency
2019-06-20,P012,AHM001,5,592,297,True,True,True,High Volume and High Frequency
2019-06-20,P018,AHM001,4,748,269,True,True,True,High Volume and High Frequency
2019-06-20,P029,DEL001,7,960,296,True,True,True,High Volume and High Frequency
2019-06-21,P010,PUN001,3,533,284,True,False,True,Unusual Daily Movement Volume
2019-06-21,P017,HYD001,6,708,278,True,True,True,High Volume and High Frequency
2019-06-21,P020,PUN001,4,895,292,True,True,True,High Volume and High Frequency
2019-06-21,P025,HYD001,3,567,286,True,False,True,Unusual Daily Movement Volume
2019-06-21,P027,CHN001,4,591,269,True,True,True,High Volume and High Frequency
2019-06-22,P023,PUN001,3,712,298,True,False,True,Unusual Daily Movement Volume
2019-06-23,P002,HYD001,4,637,241,True,True,True,High Volume and High Frequency
2019-06-23,P012,HYD001,5,307,158,False,True,True,Unusually High Movement Frequency
2019-06-24,P012,KOL001,4,599,285,True,True,True,High Volume and High Frequency
2019-06-25,P004,AHM001,4,302,269,False,True,True,Unusually High Movement Frequency
2019-06-25,P005,DEL001,4,559,289,True,True,True,High Volume and High Frequency
2019-06-25,P012,PUN001,4,45,22,False,True,True,Unusually High Movement Frequency
2019-06-26,P018,DEL001,3,554,253,True,False,True,Unusual Daily Movement Volume
2019-06-27,P012,AHM001,4,535,297,True,True,True,High Volume and High Frequency
2019-06-27,P019,CHN001,3,694,251,True,False,True,Unusual Daily Movement Volume
2019-06-28,P006,HYD001,4,480,283,False,True,True,Unusually High Movement Frequency
2019-07-01,P002,PUN001,2,549,285,True,False,True,Unusual Daily Movement Volume
2019-07-01,P014,HYD001,2,555,293,True,False,True,Unusual Daily Movement Volume
2019-07-03,P001,AHM001,3,541,270,True,False,True,Unusual Daily Movement Volume
2019-07-03,P006,AHM001,4,359,270,False,True,True,Unusually High Movement Frequency
2019-07-03,P012,AHM001,3,635,291,True,False,True,Unusual Daily Movement Volume
2019-07-03,P017,AHM001,2,535,291,True,False,True,Unusual Daily Movement Volume
2019-07-03,P019,PUN001,4,484,265,False,True,True,Unusually High Movement Frequency
2019-07-03,P021,AHM001,4,169,81,False,True,True,Unusually High Movement Frequency
2019-07-03,P023,AHM001,4,524,291,False,True,True,Unusually High Movement Frequency
2019-07-03,P026,PUN001,3,665,264,True,False,True,Unusual Daily Movement Volume
2019-07-04,P029,DEL001,5,412,199,False,True,True,Unusually High Movement Frequency
2019-07-05,P003,PUN001,4,386,291,False,True,True,Unusually High Movement Frequency
2019-07-05,P008,PUN001,4,256,208,False,True,True,Unusually High Movement Frequency
2019-07-05,P016,AHM001,4,814,287,True,True,True,High Volume and High Frequency
2019-07-05,P024,KOL001,3,630,297,True,False,True,Unusual Daily Movement Volume
2019-07-07,P016,HYD001,4,338,218,False,True,True,Unusually High Movement Frequency
2019-07-07,P021,KOL001,4,175,77,False,True,True,Unusually High Movement Frequency
2019-07-07,P022,CHN001,4,331,300,False,True,True,Unusually High Movement Frequency
2019-07-07,P028,HYD001,3,771,295,True,False,True,Unusual Daily Movement Volume
2019-07-08,P019,KOL001,4,46,20,False,True,True,Unusually High Movement Frequency
2019-07-08,P022,CHN001,4,483,242,False,True,True,Unusually High Movement Frequency
2019-07-08,P024,CHN001,2,535,273,True,False,True,Unusual Daily Movement Volume
2019-07-09,P002,HYD001,3,679,286,True,False,True,Unusual Daily Movement Volume
2019-07-09,P023,AHM001,4,523,283,False,True,True,Unusually High Movement Frequency
2019-07-09,P027,KOL001,4,857,296,True,True,True,High Volume and High Frequency
2019-07-10,P011,KOL001,3,560,280,True,False,True,Unusual Daily Movement Volume
2019-07-10,P016,DEL001,4,239,153,False,True,True,Unusually High Movement Frequency
2019-07-10,P030,KOL001,4,710,272,True,True,True,High Volume and High Frequency
2019-07-11,P005,CHN001,2,565,296,True,False,True,Unusual Daily Movement Volume
2019-07-11,P015,PUN001,3,620,279,True,False,True,Unusual Daily Movement Volume
2019-07-11,P029,CHN001,4,61,36,False,True,True,Unusually High Movement Frequency
2019-07-12,P030,DEL001,3,548,256,True,False,True,Unusual Daily Movement Volume
2019-07-12,P030,KOL001,5,519,230,False,True,True,Unusually High Movement Frequency
2019-07-14,P004,CHN001,3,685,280,True,False,True,Unusual Daily Movement Volume
2019-07-14,P015,PUN001,4,653,281,True,True,True,High Volume and High Frequency
2019-07-15,P005,KOL001,3,649,238,True,False,True,Unusual Daily Movement Volume
2019-07-18,P001,DEL001,4,173,130,False,True,True,Unusually High Movement Frequency
2019-07-18,P010,DEL001,5,669,254,True,True,True,High Volume and High Frequency
2019-07-18,P010,PUN001,4,186,149,False,True,True,Unusually High Movement Frequency
2019-07-18,P014,DEL001,5,372,251,False,True,True,Unusually High Movement Frequency
2019-07-18,P014,PUN001,5,54,12,False,True,True,Unusually High Movement Frequency
2019-07-18,P028,DEL001,4,194,96,False,True,True,Unusually High Movement Frequency
2019-07-18,P028,PUN001,4,57,34,False,True,True,Unusually High Movement Frequency
2019-07-19,P002,KOL001,3,719,289,True,False,True,Unusual Daily Movement Volume
2019-07-19,P003,KOL001,3,611,281,True,False,True,Unusual Daily Movement Volume
2019-07-19,P012,KOL001,4,398,237,False,True,True,Unusually High Movement Frequency
2019-07-19,P014,KOL001,3,570,282,True,False,True,Unusual Daily Movement Volume
2019-07-19,P017,KOL001,4,681,235,True,True,True,High Volume and High Frequency
2019-07-19,P028,KOL001,4,596,223,True,True,True,High Volume and High Frequency
2019-07-20,P018,AHM001,4,759,260,True,True,True,High Volume and High Frequency
2019-07-20,P020,DEL001,4,374,296,False,True,True,Unusually High Movement Frequency
2019-07-20,P028,AHM001,4,612,272,True,True,True,High Volume and High Frequency
2019-07-22,P007,AHM001,3,546,231,True,False,True,Unusual Daily Movement Volume
2019-07-22,P007,PUN001,3,615,300,True,False,True,Unusual Daily Movement Volume
2019-07-22,P012,AHM001,5,927,279,True,True,True,High Volume and High Frequency
2019-07-22,P020,CHN001,4,785,286,True,True,True,High Volume and High Frequency
2019-07-22,P023,PUN001,5,858,250,True,True,True,High Volume and High Frequency
2019-07-22,P027,AHM001,4,476,274,False,True,True,Unusually High Movement Frequency
2019-07-22,P028,PUN001,3,531,229,True,False,True,Unusual Daily Movement Volume
2019-07-23,P024,DEL001,2,563,284,True,False,True,Unusual Daily Movement Volume
2019-07-23,P030,PUN001,3,537,275,True,False,True,Unusual Daily Movement Volume
2019-07-25,P028,KOL001,4,601,274,True,True,True,High Volume and High Frequency
2019-07-26,P010,KOL001,4,9,3,False,True,True,Unusually High Movement Frequency
2019-07-26,P018,CHN001,5,549,256,True,True,True,High Volume and High Frequency
2019-07-26,P019,KOL001,4,166,135,False,True,True,Unusually High Movement Frequency
2019-07-26,P022,CHN001,4,225,206,False,True,True,Unusually High Movement Frequency
2019-07-26,P025,CHN001,4,466,266,False,True,True,Unusually High Movement Frequency
2019-07-27,P004,KOL001,3,600,278,True,False,True,Unusual Daily Movement Volume
2019-07-27,P016,AHM001,3,686,284,True,False,True,Unusual Daily Movement Volume
2019-07-27,P019,AHM001,4,474,238,False,True,True,Unusually High Movement Frequency
2019-07-28,P005,DEL001,4,392,192,False,True,True,Unusually High Movement Frequency
2019-07-28,P009,KOL001,3,591,267,True,False,True,Unusual Daily Movement Volume
2019-07-28,P027,KOL001,3,671,276,True,False,True,Unusual Daily Movement Volume
2019-07-29,P002,AHM001,4,59,17,False,True,True,Unusually High Movement Frequency
2019-07-29,P008,PUN001,5,415,241,False,True,True,Unusually High Movement Frequency
2019-07-29,P029,AHM001,4,46,16,False,True,True,Unusually High Movement Frequency
2019-07-30,P005,HYD001,5,328,158,False,True,True,Unusually High Movement Frequency
2019-07-31,P025,KOL001,4,487,285,False,True,True,Unusually High Movement Frequency
2019-08-01,P004,KOL001,7,164,96,False,True,True,Unusually High Movement Frequency
2019-08-01,P007,AHM001,4,509,241,False,True,True,Unusually High Movement Frequency
2019-08-01,P013,HYD001,2,548,298,True,False,True,Unusual Daily Movement Volume
2019-08-01,P025,AHM001,5,543,287,True,True,True,High Volume and High Frequency
2019-08-03,P002,AHM001,4,313,199,False,True,True,Unusually High Movement Frequency
2019-08-03,P006,HYD001,5,739,258,True,True,True,High Volume and High Frequency
2019-08-04,P005,CHN001,4,57,20,False,True,True,Unusually High Movement Frequency
2019-08-04,P015,PUN001,4,327,188,False,True,True,Unusually High Movement Frequency
2019-08-05,P004,CHN001,4,107,59,False,True,True,Unusually High Movement Frequency
2019-08-05,P004,KOL001,4,693,245,True,True,True,High Volume and High Frequency
2019-08-05,P025,CHN001,4,182,154,False,True,True,Unusually High Movement Frequency
2019-08-06,P001,DEL001,3,593,281,True,False,True,Unusual Daily Movement Volume
2019-08-06,P003,HYD001,4,55,20,False,True,True,Unusually High Movement Frequency
2019-08-06,P010,CHN001,3,604,245,True,False,True,Unusual Daily Movement Volume
2019-08-06,P010,HYD001,4,130,89,False,True,True,Unusually High Movement Frequency
2019-08-06,P025,HYD001,3,617,271,True,False,True,Unusual Daily Movement Volume
2019-08-07,P012,CHN001,4,494,232,False,True,True,Unusually High Movement Frequency
2019-08-07,P012,DEL001,4,350,126,False,True,True,Unusually High Movement Frequency
2019-08-07,P013,CHN001,4,184,166,False,True,True,Unusually High Movement Frequency
2019-08-07,P020,CHN001,4,518,292,False,True,True,Unusually High Movement Frequency
2019-08-08,P003,KOL001,4,219,141,False,True,True,Unusually High Movement Frequency
2019-08-08,P011,DEL001,4,397,231,False,True,True,Unusually High Movement Frequency
2019-08-09,P004,PUN001,2,551,286,True,False,True,Unusual Daily Movement Volume
2019-08-09,P010,DEL001,3,731,291,True,False,True,Unusual Daily Movement Volume
2019-08-09,P023,DEL001,4,498,202,False,True,True,Unusually High Movement Frequency
2019-08-10,P015,KOL001,4,348,259,False,True,True,Unusually High Movement Frequency
2019-08-10,P017,KOL001,5,32,12,False,True,True,Unusually High Movement Frequency
2019-08-11,P006,DEL001,4,340,224,False,True,True,Unusually High Movement Frequency
2019-08-11,P008,KOL001,4,42,13,False,True,True,Unusually High Movement Frequency
2019-08-11,P018,DEL001,4,260,130,False,True,True,Unusually High Movement Frequency
2019-08-11,P021,KOL001,4,35,19,False,True,True,Unusually High Movement Frequency
2019-08-11,P024,CHN001,3,718,288,True,False,True,Unusual Daily Movement Volume
2019-08-11,P029,KOL001,4,288,265,False,True,True,Unusually High Movement Frequency
2019-08-11,P030,KOL001,4,25,12,False,True,True,Unusually High Movement Frequency
2019-08-12,P011,DEL001,4,242,170,False,True,True,Unusually High Movement Frequency
2019-08-12,P021,AHM001,4,39,13,False,True,True,Unusually High Movement Frequency
2019-08-13,P012,PUN001,3,649,284,True,False,True,Unusual Daily Movement Volume
2019-08-13,P024,DEL001,4,1054,289,True,True,True,High Volume and High Frequency
2019-08-14,P001,DEL001,7,548,278,True,True,True,High Volume and High Frequency
2019-08-14,P005,CHN001,5,510,255,False,True,True,Unusually High Movement Frequency
2019-08-14,P016,DEL001,4,116,100,False,True,True,Unusually High Movement Frequency
2019-08-14,P022,CHN001,5,498,236,False,True,True,Unusually High Movement Frequency
2019-08-14,P022,DEL001,4,411,219,False,True,True,Unusually High Movement Frequency
2019-08-14,P024,CHN001,6,862,299,True,True,True,High Volume and High Frequency
2019-08-14,P030,CHN001,4,671,281,True,True,True,High Volume and High Frequency
2019-08-15,P004,PUN001,5,375,245,False,True,True,Unusually High Movement Frequency
2019-08-15,P011,DEL001,4,689,281,True,True,True,High Volume and High Frequency
2019-08-15,P015,AHM001,4,65,19,False,True,True,Unusually High Movement Frequency
2019-08-15,P017,PUN001,4,495,261,False,True,True,Unusually High Movement Frequency
2019-08-15,P022,AHM001,4,249,121,False,True,True,Unusually High Movement Frequency
2019-08-15,P028,AHM001,3,691,253,True,False,True,Unusual Daily Movement Volume
2019-08-16,P004,KOL001,3,645,284,True,False,True,Unusual Daily Movement Volume
2019-08-16,P014,CHN001,4,538,279,True,True,True,High Volume and High Frequency
2019-08-16,P019,KOL001,4,230,197,False,True,True,Unusually High Movement Frequency
2019-08-16,P021,CHN001,5,286,118,False,True,True,Unusually High Movement Frequency
2019-08-16,P024,AHM001,6,460,242,False,True,True,Unusually High Movement Frequency
2019-08-17,P003,AHM001,4,793,291,True,True,True,High Volume and High Frequency
2019-08-17,P014,AHM001,3,654,295,True,False,True,Unusual Daily Movement Volume
2019-08-17,P027,AHM001,4,643,229,True,True,True,High Volume and High Frequency
2019-08-18,P017,CHN001,4,69,20,False,True,True,Unusually High Movement Frequency
2019-08-18,P022,AHM001,2,539,273,True,False,True,Unusual Daily Movement Volume
2019-08-18,P024,AHM001,4,694,300,True,True,True,High Volume and High Frequency
2019-08-18,P027,AHM001,4,314,164,False,True,True,Unusually High Movement Frequency
2019-08-19,P007,AHM001,3,690,248,True,False,True,Unusual Daily Movement Volume
2019-08-19,P023,KOL001,4,30,13,False,True,True,Unusually High Movement Frequency
2019-08-20,P009,DEL001,4,58,18,False,True,True,Unusually High Movement Frequency
2019-08-21,P005,DEL001,3,619,292,True,False,True,Unusual Daily Movement Volume
2019-08-23,P025,PUN001,4,583,221,True,True,True,High Volume and High Frequency
2019-08-24,P011,KOL001,4,236,195,False,True,True,Unusually High Movement Frequency
2019-08-24,P029,HYD001,4,41,19,False,True,True,Unusually High Movement Frequency
2019-08-25,P003,AHM001,3,638,300,True,False,True,Unusual Daily Movement Volume
2019-08-25,P014,CHN001,4,407,188,False,True,True,Unusually High Movement Frequency
2019-08-25,P016,AHM001,3,648,290,True,False,True,Unusual Daily Movement Volume
2019-08-26,P004,PUN001,2,533,297,True,False,True,Unusual Daily Movement Volume
2019-08-26,P019,AHM001,4,166,98,False,True,True,Unusually High Movement Frequency
2019-08-26,P030,PUN001,3,591,293,True,False,True,Unusual Daily Movement Volume
2019-08-28,P008,KOL001,4,35,15,False,True,True,Unusually High Movement Frequency
2019-08-28,P023,CHN001,4,516,247,False,True,True,Unusually High Movement Frequency
2019-08-29,P006,AHM001,4,602,245,True,True,True,High Volume and High Frequency
2019-08-29,P014,HYD001,4,111,46,False,True,True,Unusually High Movement Frequency
2019-08-29,P020,AHM001,5,1017,263,True,True,True,High Volume and High Frequency
2019-08-29,P022,HYD001,3,657,292,True,False,True,Unusual Daily Movement Volume
2019-08-29,P024,PUN001,4,293,138,False,True,True,Unusually High Movement Frequency
2019-08-29,P030,AHM001,4,168,113,False,True,True,Unusually High Movement Frequency
2019-08-30,P027,AHM001,2,533,277,True,False,True,Unusual Daily Movement Volume
2019-08-30,P027,PUN001,4,282,160,False,True,True,Unusually High Movement Frequency
2019-09-01,P022,HYD001,5,515,272,False,True,True,Unusually High Movement Frequency
2019-09-02,P007,CHN001,4,350,271,False,True,True,Unusually High Movement Frequency
2019-09-02,P008,KOL001,3,596,285,True,False,True,Unusual Daily Movement Volume
2019-09-02,P011,DEL001,3,744,291,True,False,True,Unusual Daily Movement Volume
2019-09-02,P016,HYD001,2,582,297,True,False,True,Unusual Daily Movement Volume
2019-09-02,P021,CHN001,4,404,220,False,True,True,Unusually High Movement Frequency
2019-09-04,P007,HYD001,4,104,37,False,True,True,Unusually High Movement Frequency
2019-09-04,P010,AHM001,4,93,76,False,True,True,Unusually High Movement Frequency
2019-09-04,P027,AHM001,4,139,100,False,True,True,Unusually High Movement Frequency
2019-09-05,P016,CHN001,2,539,281,True,False,True,Unusual Daily Movement Volume
2019-09-05,P022,CHN001,4,259,166,False,True,True,Unusually High Movement Frequency
2019-09-06,P022,HYD001,2,546,281,True,False,True,Unusual Daily Movement Volume
2019-09-07,P003,CHN001,3,675,266,True,False,True,Unusual Daily Movement Volume
2019-09-07,P006,PUN001,3,535,284,True,False,True,Unusual Daily Movement Volume
2019-09-07,P022,AHM001,5,770,280,True,True,True,High Volume and High Frequency
2019-09-08,P026,HYD001,4,34,14,False,True,True,Unusually High Movement Frequency
2019-09-11,P010,KOL001,3,710,295,True,False,True,Unusual Daily Movement Volume
2019-09-11,P011,KOL001,4,543,286,True,True,True,High Volume and High Frequency
2019-09-11,P013,KOL001,5,857,290,True,True,True,High Volume and High Frequency
2019-09-11,P014,DEL001,4,450,203,False,True,True,Unusually High Movement Frequency
2019-09-11,P025,AHM001,2,544,289,True,False,True,Unusual Daily Movement Volume
2019-09-12,P009,HYD001,2,561,292,True,False,True,Unusual Daily Movement Volume
2019-09-12,P012,CHN001,4,42,14,False,True,True,Unusually High Movement Frequency
2019-09-12,P012,PUN001,4,36,13,False,True,True,Unusually High Movement Frequency
2019-09-12,P013,CHN001,4,162,125,False,True,True,Unusually High Movement Frequency
2019-09-12,P022,PUN001,3,578,293,True,False,True,Unusual Daily Movement Volume
2019-09-12,P028,HYD001,4,624,237,True,True,True,High Volume and High Frequency
2019-09-14,P001,AHM001,4,298,162,False,True,True,Unusually High Movement Frequency
2019-09-14,P010,AHM001,4,157,131,False,True,True,Unusually High Movement Frequency
2019-09-14,P013,PUN001,3,617,244,True,False,True,Unusual Daily Movement Volume
2019-09-14,P024,AHM001,4,260,136,False,True,True,Unusually High Movement Frequency
2019-09-14,P029,AHM001,4,311,288,False,True,True,Unusually High Movement Frequency
2019-09-14,P030,AHM001,5,552,246,True,True,True,High Volume and High Frequency
2019-09-14,P030,PUN001,4,453,298,False,True,True,Unusually High Movement Frequency
2019-09-15,P023,AHM001,4,44,14,False,True,True,Unusually High Movement Frequency
2019-09-16,P005,AHM001,4,686,262,True,True,True,High Volume and High Frequency
2019-09-17,P011,HYD001,4,406,294,False,True,True,Unusually High Movement Frequency
2019-09-18,P025,KOL001,4,37,18,False,True,True,Unusually High Movement Frequency
2019-09-19,P007,CHN001,4,557,259,True,True,True,High Volume and High Frequency
2019-09-19,P009,HYD001,4,931,293,True,True,True,High Volume and High Frequency
2019-09-19,P014,CHN001,3,813,291,True,False,True,Unusual Daily Movement Volume
2019-09-19,P023,CHN001,4,419,247,False,True,True,Unusually High Movement Frequency
2019-09-20,P004,KOL001,4,598,188,True,True,True,High Volume and High Frequency
2019-09-21,P014,PUN001,3,603,231,True,False,True,Unusual Daily Movement Volume
2019-09-22,P010,PUN001,4,672,229,True,True,True,High Volume and High Frequency
2019-09-22,P016,KOL001,5,54,20,False,True,True,Unusually High Movement Frequency
2019-09-23,P010,AHM001,4,420,195,False,True,True,Unusually High Movement Frequency
2019-09-25,P015,CHN001,4,539,283,True,True,True,High Volume and High Frequency
2019-09-25,P018,AHM001,4,169,148,False,True,True,Unusually High Movement Frequency
2019-09-26,P015,CHN001,3,694,260,True,False,True,Unusual Daily Movement Volume
2019-09-26,P017,HYD001,3,599,246,True,False,True,Unusual Daily Movement Volume
2019-09-26,P021,CHN001,4,406,267,False,True,True,Unusually High Movement Frequency
2019-09-26,P026,CHN001,4,251,132,False,True,True,Unusually High Movement Frequency
2019-09-27,P009,KOL001,4,164,91,False,True,True,Unusually High Movement Frequency
2019-09-27,P015,KOL001,3,739,300,True,False,True,Unusual Daily Movement Volume
2019-09-27,P019,DEL001,4,247,210,False,True,True,Unusually High Movement Frequency
2019-09-27,P019,KOL001,4,318,290,False,True,True,Unusually High Movement Frequency
2019-09-27,P030,KOL001,4,322,200,False,True,True,Unusually High Movement Frequency
2019-09-30,P003,HYD001,4,600,245,True,True,True,High Volume and High Frequency
2019-09-30,P012,AHM001,2,585,296,True,False,True,Unusual Daily Movement Volume
2019-09-30,P017,AHM001,2,550,296,True,False,True,Unusual Daily Movement Volume
2019-10-01,P004,DEL001,4,29,12,False,True,True,Unusually High Movement Frequency
2019-10-01,P019,DEL001,4,303,277,False,True,True,Unusually High Movement Frequency
2019-10-01,P030,DEL001,4,240,189,False,True,True,Unusually High Movement Frequency
2019-10-02,P025,AHM001,4,481,223,False,True,True,Unusually High Movement Frequency
2019-10-03,P013,CHN001,4,967,282,True,True,True,High Volume and High Frequency
2019-10-04,P020,HYD001,4,415,246,False,True,True,Unusually High Movement Frequency
2019-10-06,P011,HYD001,3,635,251,True,False,True,Unusual Daily Movement Volume
2019-10-06,P011,PUN001,3,711,298,True,False,True,Unusual Daily Movement Volume
2019-10-06,P016,HYD001,3,570,256,True,False,True,Unusual Daily Movement Volume
2019-10-06,P022,PUN001,3,710,287,True,False,True,Unusual Daily Movement Volume
2019-10-07,P019,PUN001,4,518,254,False,True,True,Unusually High Movement Frequency
2019-10-08,P012,CHN001,5,53,15,False,True,True,Unusually High Movement Frequency
2019-10-08,P029,DEL001,2,563,285,True,False,True,Unusual Daily Movement Volume
2019-10-10,P009,HYD001,6,325,155,False,True,True,Unusually High Movement Frequency
2019-10-10,P010,KOL001,3,563,262,True,False,True,Unusual Daily Movement Volume
2019-10-10,P021,KOL001,4,131,69,False,True,True,Unusually High Movement Frequency
2019-10-11,P030,PUN001,4,334,230,False,True,True,Unusually High Movement Frequency
2019-10-12,P018,KOL001,6,258,202,False,True,True,Unusually High Movement Frequency
2019-10-14,P008,PUN001,3,531,250,True,False,True,Unusual Daily Movement Volume
2019-10-15,P008,PUN001,4,379,270,False,True,True,Unusually High Movement Frequency
2019-10-15,P018,DEL001,2,550,298,True,False,True,Unusual Daily Movement Volume
2019-10-15,P019,CHN001,4,64,20,False,True,True,Unusually High Movement Frequency
2019-10-16,P001,AHM001,4,118,81,False,True,True,Unusually High Movement Frequency
2019-10-16,P010,AHM001,4,504,250,False,True,True,Unusually High Movement Frequency
2019-10-19,P020,DEL001,7,354,276,False,True,True,Unusually High Movement Frequency
2019-10-20,P010,KOL001,2,570,293,True,False,True,Unusual Daily Movement Volume
2019-10-21,P004,KOL001,3,650,241,True,False,True,Unusual Daily Movement Volume
2019-10-22,P004,PUN001,4,314,278,False,True,True,Unusually High Movement Frequency
2019-10-22,P015,CHN001,5,285,258,False,True,True,Unusually High Movement Frequency
2019-10-22,P021,CHN001,4,360,203,False,True,True,Unusually High Movement Frequency
2019-10-23,P003,CHN001,4,455,296,False,True,True,Unusually High Movement Frequency
2019-10-23,P015,CHN001,4,414,170,False,True,True,Unusually High Movement Frequency
2019-10-25,P007,AHM001,4,222,154,False,True,True,Unusually High Movement Frequency
2019-10-25,P016,CHN001,4,629,220,True,True,True,High Volume and High Frequency
2019-10-25,P017,CHN001,3,545,217,True,False,True,Unusual Daily Movement Volume
2019-10-25,P023,KOL001,2,552,280,True,False,True,Unusual Daily Movement Volume
2019-10-25,P030,AHM001,4,288,252,False,True,True,Unusually High Movement Frequency
2019-10-25,P030,KOL001,5,833,283,True,True,True,High Volume and High Frequency
2019-10-26,P021,HYD001,4,626,247,True,True,True,High Volume and High Frequency
2019-10-26,P025,CHN001,4,432,286,False,True,True,Unusually High Movement Frequency
2019-10-26,P030,HYD001,3,655,281,True,False,True,Unusual Daily Movement Volume
2019-10-27,P012,AHM001,2,534,288,True,False,True,Unusual Daily Movement Volume
2019-10-28,P014,AHM001,4,573,259,True,True,True,High Volume and High Frequency
2019-10-28,P017,AHM001,3,619,235,True,False,True,Unusual Daily Movement Volume
2019-10-28,P028,CHN001,3,646,272,True,False,True,Unusual Daily Movement Volume
2019-10-28,P030,CHN001,4,731,282,True,True,True,High Volume and High Frequency
2019-10-29,P014,KOL001,3,728,287,True,False,True,Unusual Daily Movement Volume
2019-10-30,P012,HYD001,4,651,253,True,True,True,High Volume and High Frequency
2019-10-30,P027,PUN001,6,59,14,False,True,True,Unusually High Movement Frequency
2019-10-31,P001,CHN001,2,584,299,True,False,True,Unusual Daily Movement Volume
2019-10-31,P007,HYD001,4,432,258,False,True,True,Unusually High Movement Frequency
2019-11-01,P003,AHM001,4,432,207,False,True,True,Unusually High Movement Frequency
2019-11-01,P011,PUN001,3,605,278,True,False,True,Unusual Daily Movement Volume
2019-11-01,P021,HYD001,4,504,241,False,True,True,Unusually High Movement Frequency
2019-11-02,P001,KOL001,4,87,44,False,True,True,Unusually High Movement Frequency
2019-11-02,P002,AHM001,4,156,82,False,True,True,Unusually High Movement Frequency
2019-11-02,P014,AHM001,3,540,282,True,False,True,Unusual Daily Movement Volume
2019-11-02,P017,HYD001,3,531,252,True,False,True,Unusual Daily Movement Volume
2019-11-02,P024,AHM001,4,411,177,False,True,True,Unusually High Movement Frequency
2019-11-03,P001,AHM001,4,799,299,True,True,True,High Volume and High Frequency
2019-11-03,P025,KOL001,2,550,288,True,False,True,Unusual Daily Movement Volume
2019-11-03,P027,KOL001,4,506,180,False,True,True,Unusually High Movement Frequency
2019-11-04,P004,DEL001,3,549,267,True,False,True,Unusual Daily Movement Volume
2019-11-04,P015,CHN001,4,326,269,False,True,True,Unusually High Movement Frequency
2019-11-04,P022,AHM001,3,631,268,True,False,True,Unusual Daily Movement Volume
2019-11-04,P023,AHM001,5,217,99,False,True,True,Unusually High Movement Frequency
2019-11-05,P004,KOL001,3,568,297,True,False,True,Unusual Daily Movement Volume
2019-11-05,P005,KOL001,4,498,296,False,True,True,Unusually High Movement Frequency
2019-11-06,P002,CHN001,7,470,242,False,True,True,Unusually High Movement Frequency
2019-11-06,P006,CHN001,4,181,83,False,True,True,Unusually High Movement Frequency
2019-11-06,P013,AHM001,3,628,255,True,False,True,Unusual Daily Movement Volume
2019-11-06,P013,CHN001,5,534,225,True,True,True,High Volume and High Frequency
2019-11-06,P018,CHN001,4,221,185,False,True,True,Unusually High Movement Frequency
2019-11-06,P019,CHN001,5,328,244,False,True,True,Unusually High Movement Frequency
2019-11-07,P004,HYD001,4,958,299,True,True,True,High Volume and High Frequency
2019-11-07,P015,KOL001,5,36,15,False,True,True,Unusually High Movement Frequency
2019-11-07,P022,HYD001,3,604,229,True,False,True,Unusual Daily Movement Volume
2019-11-07,P026,CHN001,4,266,155,False,True,True,Unusually High Movement Frequency
2019-11-07,P030,CHN001,4,265,230,False,True,True,Unusually High Movement Frequency
2019-11-08,P005,HYD001,3,779,299,True,False,True,Unusual Daily Movement Volume
2019-11-08,P010,HYD001,4,730,289,True,True,True,High Volume and High Frequency
2019-11-08,P013,KOL001,5,64,17,False,True,True,Unusually High Movement Frequency
2019-11-08,P021,HYD001,4,564,277,True,True,True,High Volume and High Frequency
2019-11-10,P021,CHN001,3,623,263,True,False,True,Unusual Daily Movement Volume
2019-11-11,P017,CHN001,2,558,287,True,False,True,Unusual Daily Movement Volume
2019-11-11,P025,PUN001,4,484,257,False,True,True,Unusually High Movement Frequency
2019-11-12,P005,CHN001,4,241,217,False,True,True,Unusually High Movement Frequency
2019-11-12,P006,DEL001,3,545,300,True,False,True,Unusual Daily Movement Volume
2019-11-12,P021,CHN001,4,281,220,False,True,True,Unusually High Movement Frequency
2019-11-13,P022,DEL001,6,693,293,True,True,True,High Volume and High Frequency
2019-11-13,P024,DEL001,5,460,245,False,True,True,Unusually High Movement Frequency
2019-11-14,P011,KOL001,2,575,289,True,False,True,Unusual Daily Movement Volume
2019-11-14,P017,KOL001,4,181,157,False,True,True,Unusually High Movement Frequency
2019-11-15,P002,AHM001,4,43,17,False,True,True,Unusually High Movement Frequency
2019-11-15,P010,HYD001,3,597,272,True,False,True,Unusual Daily Movement Volume
2019-11-17,P008,DEL001,3,550,224,True,False,True,Unusual Daily Movement Volume
2019-11-17,P020,DEL001,4,723,291,True,True,True,High Volume and High Frequency
2019-11-17,P023,DEL001,4,508,259,False,True,True,Unusually High Movement Frequency
2019-11-17,P024,DEL001,3,640,295,True,False,True,Unusual Daily Movement Volume
2019-11-17,P028,KOL001,4,394,282,False,True,True,Unusually High Movement Frequency
2019-11-19,P022,PUN001,4,433,200,False,True,True,Unusually High Movement Frequency
2019-11-19,P026,PUN001,3,570,300,True,False,True,Unusual Daily Movement Volume
2019-11-20,P002,KOL001,5,388,296,False,True,True,Unusually High Movement Frequency
2019-11-20,P005,DEL001,3,677,241,True,False,True,Unusual Daily Movement Volume
2019-11-20,P014,CHN001,4,49,20,False,True,True,Unusually High Movement Frequency
2019-11-20,P021,CHN001,4,242,205,False,True,True,Unusually High Movement Frequency
2019-11-22,P026,CHN001,4,518,262,False,True,True,Unusually High Movement Frequency
2019-11-24,P005,KOL001,3,583,260,True,False,True,Unusual Daily Movement Volume
2019-11-25,P005,AHM001,4,364,187,False,True,True,Unusually High Movement Frequency
2019-11-25,P006,KOL001,4,309,284,False,True,True,Unusually High Movement Frequency
2019-11-25,P009,CHN001,4,86,60,False,True,True,Unusually High Movement Frequency
2019-11-25,P021,CHN001,4,163,127,False,True,True,Unusually High Movement Frequency
2019-11-25,P028,KOL001,4,204,155,False,True,True,Unusually High Movement Frequency
2019-11-26,P010,KOL001,3,602,280,True,False,True,Unusual Daily Movement Volume
2019-11-26,P014,KOL001,5,519,260,False,True,True,Unusually High Movement Frequency
2019-11-26,P024,KOL001,4,509,225,False,True,True,Unusually High Movement Frequency
2019-11-26,P027,KOL001,4,636,292,True,True,True,High Volume and High Frequency
2019-11-26,P030,HYD001,4,765,267,True,True,True,High Volume and High Frequency
2019-11-27,P003,AHM001,4,619,289,True,True,True,High Volume and High Frequency
2019-11-27,P004,CHN001,5,76,20,False,True,True,Unusually High Movement Frequency
2019-11-27,P005,KOL001,4,266,236,False,True,True,Unusually High Movement Frequency
2019-11-27,P007,AHM001,4,570,268,True,True,True,High Volume and High Frequency
2019-11-27,P007,PUN001,4,512,258,False,True,True,Unusually High Movement Frequency
2019-11-27,P008,AHM001,4,198,155,False,True,True,Unusually High Movement Frequency
2019-11-27,P012,CHN001,4,40,17,False,True,True,Unusually High Movement Frequency
2019-11-27,P018,AHM001,4,315,286,False,True,True,Unusually High Movement Frequency
2019-11-27,P022,HYD001,2,539,297,True,False,True,Unusual Daily Movement Volume
2019-11-27,P026,AHM001,4,764,299,True,True,True,High Volume and High Frequency
2019-11-27,P028,AHM001,5,249,180,False,True,True,Unusually High Movement Frequency
2019-11-28,P024,PUN001,4,402,145,False,True,True,Unusually High Movement Frequency
2019-11-29,P006,PUN001,3,679,283,True,False,True,Unusual Daily Movement Volume
2019-11-29,P008,CHN001,4,310,290,False,True,True,Unusually High Movement Frequency
2019-11-29,P015,KOL001,4,24,9,False,True,True,Unusually High Movement Frequency
2019-11-30,P015,CHN001,4,174,149,False,True,True,Unusually High Movement Frequency
2019-11-30,P018,AHM001,5,788,234,True,True,True,High Volume and High Frequency
2019-11-30,P023,CHN001,4,258,213,False,True,True,Unusually High Movement Frequency
2019-12-02,P002,DEL001,4,422,292,False,True,True,Unusually High Movement Frequency
2019-12-02,P003,AHM001,3,598,298,True,False,True,Unusual Daily Movement Volume
2019-12-04,P010,KOL001,4,50,16,False,True,True,Unusually High Movement Frequency
2019-12-04,P023,HYD001,4,794,292,True,True,True,High Volume and High Frequency
2019-12-04,P024,PUN001,4,431,193,False,True,True,Unusually High Movement Frequency
2019-12-05,P014,DEL001,5,891,286,True,True,True,High Volume and High Frequency
2019-12-07,P013,AHM001,5,533,218,True,True,True,High Volume and High Frequency
2019-12-08,P001,AHM001,3,620,299,True,False,True,Unusual Daily Movement Volume
2019-12-08,P025,HYD001,3,665,271,True,False,True,Unusual Daily Movement Volume
2019-12-08,P025,KOL001,5,610,215,True,True,True,High Volume and High Frequency
2019-12-09,P003,PUN001,4,682,249,True,True,True,High Volume and High Frequency
2019-12-09,P016,PUN001,5,77,37,False,True,True,Unusually High Movement Frequency
2019-12-09,P017,PUN001,4,120,99,False,True,True,Unusually High Movement Frequency
2019-12-11,P004,AHM001,4,238,190,False,True,True,Unusually High Movement Frequency
2019-12-11,P019,AHM001,4,507,244,False,True,True,Unusually High Movement Frequency
2019-12-13,P002,HYD001,2,574,299,True,False,True,Unusual Daily Movement Volume
2019-12-13,P009,HYD001,3,705,278,True,False,True,Unusual Daily Movement Volume
2019-12-13,P013,PUN001,2,537,273,True,False,True,Unusual Daily Movement Volume
2019-12-13,P014,HYD001,3,533,263,True,False,True,Unusual Daily Movement Volume
2019-12-13,P016,AHM001,3,588,203,True,False,True,Unusual Daily Movement Volume
2019-12-13,P017,HYD001,3,610,300,True,False,True,Unusual Daily Movement Volume
2019-12-13,P022,CHN001,4,354,281,False,True,True,Unusually High Movement Frequency
2019-12-13,P023,HYD001,3,583,236,True,False,True,Unusual Daily Movement Volume
2019-12-14,P009,CHN001,4,382,192,False,True,True,Unusually High Movement Frequency
2019-12-15,P004,KOL001,3,717,284,True,False,True,Unusual Daily Movement Volume
2019-12-15,P011,CHN001,3,545,277,True,False,True,Unusual Daily Movement Volume
2019-12-15,P024,KOL001,4,176,138,False,True,True,Unusually High Movement Frequency
2019-12-16,P013,CHN001,5,629,179,True,True,True,High Volume and High Frequency
2019-12-16,P021,KOL001,3,721,289,True,False,True,Unusual Daily Movement Volume
2019-12-16,P028,CHN001,3,619,252,True,False,True,Unusual Daily Movement Volume
2019-12-18,P005,DEL001,2,531,299,True,False,True,Unusual Daily Movement Volume
2019-12-18,P021,DEL001,6,880,287,True,True,True,High Volume and High Frequency
2019-12-18,P027,CHN001,3,534,291,True,False,True,Unusual Daily Movement Volume
2019-12-19,P004,KOL001,4,540,291,True,True,True,High Volume and High Frequency
2019-12-21,P007,HYD001,4,188,134,False,True,True,Unusually High Movement Frequency
2019-12-21,P020,AHM001,4,165,91,False,True,True,Unusually High Movement Frequency
2019-12-21,P021,AHM001,5,570,274,True,True,True,High Volume and High Frequency
2019-12-22,P001,HYD001,4,217,180,False,True,True,Unusually High Movement Frequency
2019-12-22,P009,HYD001,5,592,237,True,True,True,High Volume and High Frequency
2019-12-23,P010,PUN001,4,95,48,False,True,True,Unusually High Movement Frequency
2019-12-24,P003,DEL001,5,406,274,False,True,True,Unusually High Movement Frequency
2019-12-24,P022,DEL001,4,715,243,True,True,True,High Volume and High Frequency
2019-12-24,P024,DEL001,4,487,159,False,True,True,Unusually High Movement Frequency
2019-12-24,P027,DEL001,4,651,249,True,True,True,High Volume and High Frequency
2019-12-25,P017,KOL001,4,576,281,True,True,True,High Volume and High Frequency
2019-12-25,P025,AHM001,3,637,250,True,False,True,Unusual Daily Movement Volume
2019-12-26,P001,PUN001,5,217,176,False,True,True,Unusually High Movement Frequency
2019-12-26,P002,AHM001,4,676,234,True,True,True,High Volume and High Frequency
2019-12-26,P019,PUN001,5,475,144,False,True,True,Unusually High Movement Frequency
2019-12-26,P023,PUN001,4,316,167,False,True,True,Unusually High Movement Frequency
2019-12-27,P011,HYD001,5,105,55,False,True,True,Unusually High Movement Frequency
2019-12-27,P020,DEL001,4,736,282,True,True,True,High Volume and High Frequency
2019-12-27,P026,HYD001,5,315,225,False,True,True,Unusually High Movement Frequency
2019-12-29,P005,AHM001,2,560,293,True,False,True,Unusual Daily Movement Volume
2019-12-29,P014,PUN001,4,357,226,False,True,True,Unusually High Movement Frequency
2019-12-29,P025,CHN001,5,71,20,False,True,True,Unusually High Movement Frequency
2019-12-30,P007,CHN001,5,63,21,False,True,True,Unusually High Movement Frequency
2019-12-30,P007,PUN001,3,618,282,True,False,True,Unusual Daily Movement Volume
2019-12-30,P009,CHN001,5,38,18,False,True,True,Unusually High Movement Frequency
2019-12-30,P011,CHN001,5,53,18,False,True,True,Unusually High Movement Frequency
2019-12-30,P015,PUN001,2,547,287,True,False,True,Unusual Daily Movement Volume
2019-12-30,P023,CHN001,5,651,269,True,True,True,High Volume and High Frequency
2019-12-31,P016,AHM001,4,407,262,False,True,True,Unusually High Movement Frequency
2020-01-03,P010,AHM001,4,419,274,False,True,True,Unusually High Movement Frequency
2020-01-03,P011,HYD001,3,631,265,True,False,True,Unusual Daily Movement Volume
2020-01-03,P015,CHN001,4,380,270,False,True,True,Unusually High Movement Frequency
2020-01-03,P022,PUN001,3,591,271,True,False,True,Unusual Daily Movement Volume
2020-01-07,P001,KOL001,4,712,279,True,True,True,High Volume and High Frequency
2020-01-07,P004,PUN001,5,830,256,True,True,True,High Volume and High Frequency
2020-01-07,P016,PUN001,5,512,216,False,True,True,Unusually High Movement Frequency
2020-01-07,P019,KOL001,4,100,71,False,True,True,Unusually High Movement Frequency
2020-01-07,P026,PUN001,4,443,161,False,True,True,Unusually High Movement Frequency
2020-01-08,P028,AHM001,2,562,290,True,False,True,Unusual Daily Movement Volume
2020-01-10,P001,CHN001,2,542,277,True,False,True,Unusual Daily Movement Volume
2020-01-10,P005,CHN001,2,543,282,True,False,True,Unusual Daily Movement Volume
2020-01-10,P023,CHN001,4,737,254,True,True,True,High Volume and High Frequency
2020-01-10,P026,PUN001,2,531,289,True,False,True,Unusual Daily Movement Volume
2020-01-11,P020,DEL001,4,188,166,False,True,True,Unusually High Movement Frequency
2020-01-11,P023,CHN001,3,534,257,True,False,True,Unusual Daily Movement Volume
2020-01-12,P003,AHM001,6,324,170,False,True,True,Unusually High Movement Frequency
2020-01-12,P016,AHM001,5,623,270,True,True,True,High Volume and High Frequency
2020-01-12,P020,HYD001,4,255,208,False,True,True,Unusually High Movement Frequency
2020-01-12,P025,CHN001,4,36,15,False,True,True,Unusually High Movement Frequency
2020-01-12,P028,AHM001,6,68,17,False,True,True,Unusually High Movement Frequency
2020-01-14,P022,CHN001,3,615,247,True,False,True,Unusual Daily Movement Volume
2020-01-15,P016,PUN001,4,32,19,False,True,True,Unusually High Movement Frequency
2020-01-15,P018,KOL001,3,588,269,True,False,True,Unusual Daily Movement Volume
2020-01-17,P005,DEL001,3,549,297,True,False,True,Unusual Daily Movement Volume
2020-01-18,P006,KOL001,4,323,179,False,True,True,Unusually High Movement Frequency
2020-01-18,P014,CHN001,5,741,266,True,True,True,High Volume and High Frequency
2020-01-18,P020,AHM001,2,538,287,True,False,True,Unusual Daily Movement Volume
2020-01-19,P002,DEL001,3,653,254,True,False,True,Unusual Daily Movement Volume
2020-01-19,P029,DEL001,4,791,272,True,True,True,High Volume and High Frequency
2020-01-20,P008,AHM001,2,552,294,True,False,True,Unusual Daily Movement Volume
2020-01-20,P015,CHN001,4,246,229,False,True,True,Unusually High Movement Frequency
2020-01-20,P025,AHM001,4,291,234,False,True,True,Unusually High Movement Frequency
2020-01-21,P012,PUN001,4,563,290,True,True,True,High Volume and High Frequency
2020-01-21,P023,CHN001,4,42,22,False,True,True,Unusually High Movement Frequency
2020-01-24,P022,PUN001,5,937,284,True,True,True,High Volume and High Frequency
2020-01-25,P015,DEL001,4,254,204,False,True,True,Unusually High Movement Frequency
2020-01-25,P018,HYD001,3,610,269,True,False,True,Unusual Daily Movement Volume
2020-01-30,P014,KOL001,4,54,20,False,True,True,Unusually High Movement Frequency
2020-01-31,P002,HYD001,5,262,229,False,True,True,Unusually High Movement Frequency
2020-01-31,P003,AHM001,4,356,213,False,True,True,Unusually High Movement Frequency
2020-01-31,P030,AHM001,5,389,239,False,True,True,Unusually High Movement Frequency
2020-02-01,P024,AHM001,3,758,292,True,False,True,Unusual Daily Movement Volume
2020-02-02,P008,PUN001,4,310,190,False,True,True,Unusually High Movement Frequency
2020-02-02,P018,KOL001,3,580,266,True,False,True,Unusual Daily Movement Volume
2020-02-03,P018,HYD001,4,751,232,True,True,True,High Volume and High Frequency
2020-02-04,P018,HYD001,2,551,298,True,False,True,Unusual Daily Movement Volume
2020-02-04,P021,AHM001,3,774,279,True,False,True,Unusual Daily Movement Volume
2020-02-04,P027,HYD001,5,834,277,True,True,True,High Volume and High Frequency
2020-02-05,P004,AHM001,4,48,18,False,True,True,Unusually High Movement Frequency
2020-02-05,P006,HYD001,5,92,55,False,True,True,Unusually High Movement Frequency
2020-02-05,P008,HYD001,5,203,100,False,True,True,Unusually High Movement Frequency
2020-02-05,P014,CHN001,4,636,270,True,True,True,High Volume and High Frequency
2020-02-05,P026,KOL001,4,47,23,False,True,True,Unusually High Movement Frequency
2020-02-05,P028,KOL001,4,123,82,False,True,True,Unusually High Movement Frequency
2020-02-06,P003,PUN001,3,547,237,True,False,True,Unusual Daily Movement Volume
2020-02-07,P007,CHN001,4,242,197,False,True,True,Unusually High Movement Frequency
2020-02-07,P016,DEL001,3,592,248,True,False,True,Unusual Daily Movement Volume
2020-02-07,P029,KOL001,4,231,190,False,True,True,Unusually High Movement Frequency
2020-02-08,P017,DEL001,4,411,265,False,True,True,Unusually High Movement Frequency
2020-02-08,P022,DEL001,5,488,279,False,True,True,Unusually High Movement Frequency
2020-02-08,P023,DEL001,4,423,298,False,True,True,Unusually High Movement Frequency
2020-02-08,P028,HYD001,4,494,284,False,True,True,Unusually High Movement Frequency
2020-02-09,P026,DEL001,4,292,267,False,True,True,Unusually High Movement Frequency
2020-02-10,P022,AHM001,4,39,18,False,True,True,Unusually High Movement Frequency
2020-02-10,P026,CHN001,4,300,267,False,True,True,Unusually High Movement Frequency
2020-02-11,P005,CHN001,3,624,277,True,False,True,Unusual Daily Movement Volume
2020-02-11,P008,CHN001,3,585,264,True,False,True,Unusual Daily Movement Volume
2020-02-11,P024,CHN001,3,569,240,True,False,True,Unusual Daily Movement Volume
2020-02-12,P002,AHM001,5,1050,299,True,True,True,High Volume and High Frequency
2020-02-12,P008,KOL001,3,678,266,True,False,True,Unusual Daily Movement Volume
2020-02-12,P024,AHM001,4,677,280,True,True,True,High Volume and High Frequency
2020-02-13,P016,PUN001,4,52,18,False,True,True,Unusually High Movement Frequency
2020-02-14,P001,AHM001,3,627,234,True,False,True,Unusual Daily Movement Volume
2020-02-14,P016,KOL001,5,315,198,False,True,True,Unusually High Movement Frequency
2020-02-15,P021,KOL001,6,405,201,False,True,True,Unusually High Movement Frequency
2020-02-17,P012,AHM001,5,837,291,True,True,True,High Volume and High Frequency
2020-02-17,P022,PUN001,4,562,272,True,True,True,High Volume and High Frequency
2020-02-18,P005,PUN001,2,537,274,True,False,True,Unusual Daily Movement Volume
2020-02-18,P012,DEL001,4,26,17,False,True,True,Unusually High Movement Frequency
2020-02-18,P024,KOL001,2,541,278,True,False,True,Unusual Daily Movement Volume
2020-02-18,P025,KOL001,4,52,19,False,True,True,Unusually High Movement Frequency
2020-02-20,P003,AHM001,4,145,101,False,True,True,Unusually High Movement Frequency
2020-02-20,P007,KOL001,4,361,234,False,True,True,Unusually High Movement Frequency
2020-02-20,P026,KOL001,5,473,253,False,True,True,Unusually High Movement Frequency
2020-02-20,P028,KOL001,3,639,246,True,False,True,Unusual Daily Movement Volume
2020-02-21,P003,KOL001,3,541,282,True,False,True,Unusual Daily Movement Volume
2020-02-21,P022,AHM001,4,635,246,True,True,True,High Volume and High Frequency
2020-02-22,P023,KOL001,4,560,279,True,True,True,High Volume and High Frequency
2020-02-23,P006,CHN001,3,555,248,True,False,True,Unusual Daily Movement Volume
2020-02-23,P007,CHN001,4,368,223,False,True,True,Unusually High Movement Frequency
2020-02-23,P012,CHN001,4,221,175,False,True,True,Unusually High Movement Frequency
2020-02-23,P012,DEL001,4,436,258,False,True,True,Unusually High Movement Frequency
2020-02-23,P027,CHN001,4,288,244,False,True,True,Unusually High Movement Frequency
2020-02-23,P027,HYD001,5,694,240,True,True,True,High Volume and High Frequency
2020-02-24,P003,PUN001,4,393,171,False,True,True,Unusually High Movement Frequency
2020-02-24,P010,PUN001,4,855,292,True,True,True,High Volume and High Frequency
2020-02-24,P016,AHM001,6,480,176,False,True,True,Unusually High Movement Frequency
2020-02-24,P018,PUN001,4,475,283,False,True,True,Unusually High Movement Frequency
2020-02-25,P012,AHM001,2,532,290,True,False,True,Unusual Daily Movement Volume
2020-02-25,P021,AHM001,4,547,168,True,True,True,High Volume and High Frequency
2020-02-26,P007,DEL001,4,60,19,False,True,True,Unusually High Movement Frequency
2020-02-26,P017,DEL001,5,296,181,False,True,True,Unusually High Movement Frequency
2020-02-26,P020,PUN001,4,136,93,False,True,True,Unusually High Movement Frequency
2020-02-27,P009,KOL001,4,77,42,False,True,True,Unusually High Movement Frequency
2020-02-29,P003,PUN001,4,415,254,False,True,True,Unusually High Movement Frequency
2020-03-01,P017,DEL001,2,584,293,True,False,True,Unusual Daily Movement Volume
2020-03-03,P017,HYD001,4,374,218,False,True,True,Unusually High Movement Frequency
2020-03-03,P027,KOL001,5,211,173,False,True,True,Unusually High Movement Frequency
2020-03-04,P002,CHN001,4,261,232,False,True,True,Unusually High Movement Frequency
2020-03-04,P015,HYD001,3,566,268,True,False,True,Unusual Daily Movement Volume
2020-03-04,P023,CHN001,4,432,236,False,True,True,Unusually High Movement Frequency
2020-03-04,P023,KOL001,4,282,145,False,True,True,Unusually High Movement Frequency
2020-03-04,P028,KOL001,4,443,268,False,True,True,Unusually High Movement Frequency
2020-03-05,P011,DEL001,4,433,219,False,True,True,Unusually High Movement Frequency
2020-03-06,P001,AHM001,4,476,263,False,True,True,Unusually High Movement Frequency
2020-03-06,P003,CHN001,4,411,251,False,True,True,Unusually High Movement Frequency
2020-03-06,P017,AHM001,4,315,223,False,True,True,Unusually High Movement Frequency
2020-03-06,P022,AHM001,2,554,277,True,False,True,Unusual Daily Movement Volume
2020-03-06,P026,CHN001,5,418,214,False,True,True,Unusually High Movement Frequency
2020-03-07,P005,DEL001,4,671,212,True,True,True,High Volume and High Frequency
2020-03-07,P025,DEL001,3,608,271,True,False,True,Unusual Daily Movement Volume
2020-03-08,P010,KOL001,4,444,249,False,True,True,Unusually High Movement Frequency
2020-03-10,P015,CHN001,3,595,220,True,False,True,Unusual Daily Movement Volume
2020-03-10,P026,CHN001,2,547,282,True,False,True,Unusual Daily Movement Volume
2020-03-11,P010,AHM001,2,536,290,True,False,True,Unusual Daily Movement Volume
2020-03-12,P004,CHN001,3,547,274,True,False,True,Unusual Daily Movement Volume
2020-03-12,P007,CHN001,3,651,262,True,False,True,Unusual Daily Movement Volume
2020-03-12,P016,CHN001,4,438,202,False,True,True,Unusually High Movement Frequency
2020-03-13,P024,AHM001,4,156,148,False,True,True,Unusually High Movement Frequency
2020-03-14,P007,HYD001,3,549,289,True,False,True,Unusual Daily Movement Volume
2020-03-14,P008,HYD001,4,615,231,True,True,True,High Volume and High Frequency
2020-03-14,P010,PUN001,2,540,277,True,False,True,Unusual Daily Movement Volume
2020-03-14,P016,HYD001,4,635,284,True,True,True,High Volume and High Frequency
2020-03-15,P015,HYD001,4,340,157,False,True,True,Unusually High Movement Frequency
2020-03-16,P007,PUN001,4,197,105,False,True,True,Unusually High Movement Frequency
2020-03-16,P021,AHM001,4,125,94,False,True,True,Unusually High Movement Frequency
2020-03-16,P022,PUN001,2,569,292,True,False,True,Unusual Daily Movement Volume
2020-03-16,P024,CHN001,3,677,297,True,False,True,Unusual Daily Movement Volume
2020-03-16,P024,PUN001,6,1150,296,True,True,True,High Volume and High Frequency
2020-03-17,P010,AHM001,4,275,241,False,True,True,Unusually High Movement Frequency
2020-03-19,P007,CHN001,5,347,179,False,True,True,Unusually High Movement Frequency
2020-03-19,P009,CHN001,6,166,123,False,True,True,Unusually High Movement Frequency
2020-03-19,P010,CHN001,5,237,199,False,True,True,Unusually High Movement Frequency
2020-03-20,P006,DEL001,3,634,232,True,False,True,Unusual Daily Movement Volume
2020-03-20,P009,DEL001,2,531,296,True,False,True,Unusual Daily Movement Volume
2020-03-20,P010,HYD001,3,549,277,True,False,True,Unusual Daily Movement Volume
2020-03-21,P005,HYD001,3,536,291,True,False,True,Unusual Daily Movement Volume
2020-03-21,P025,HYD001,4,257,212,False,True,True,Unusually High Movement Frequency
2020-03-21,P027,HYD001,4,664,297,True,True,True,High Volume and High Frequency
2020-03-21,P028,AHM001,4,281,248,False,True,True,Unusually High Movement Frequency
2020-03-22,P009,CHN001,4,71,28,False,True,True,Unusually High Movement Frequency
2020-03-22,P015,CHN001,6,626,286,True,True,True,High Volume and High Frequency
2020-03-22,P026,CHN001,4,637,251,True,True,True,High Volume and High Frequency
2020-03-23,P001,KOL001,2,564,291,True,False,True,Unusual Daily Movement Volume
2020-03-23,P005,KOL001,3,685,294,True,False,True,Unusual Daily Movement Volume
2020-03-23,P011,PUN001,2,575,292,True,False,True,Unusual Daily Movement Volume
2020-03-23,P027,HYD001,3,556,284,True,False,True,Unusual Daily Movement Volume
2020-03-25,P020,HYD001,4,893,256,True,True,True,High Volume and High Frequency
2020-03-25,P029,HYD001,3,575,249,True,False,True,Unusual Daily Movement Volume
2020-03-26,P012,KOL001,2,577,289,True,False,True,Unusual Daily Movement Volume
2020-03-26,P013,AHM001,5,948,299,True,True,True,High Volume and High Frequency
2020-03-26,P015,AHM001,4,429,174,False,True,True,Unusually High Movement Frequency
2020-03-26,P022,AHM001,4,444,262,False,True,True,Unusually High Movement Frequency
2020-03-27,P019,DEL001,4,449,275,False,True,True,Unusually High Movement Frequency
2020-03-27,P020,DEL001,6,380,281,False,True,True,Unusually High Movement Frequency
2020-03-27,P024,DEL001,6,494,276,False,True,True,Unusually High Movement Frequency
2020-03-27,P030,DEL001,4,362,294,False,True,True,Unusually High Movement Frequency
2020-03-28,P009,CHN001,4,462,264,False,True,True,Unusually High Movement Frequency
2020-03-29,P030,HYD001,4,294,186,False,True,True,Unusually High Movement Frequency
2020-03-30,P001,KOL001,3,717,283,True,False,True,Unusual Daily Movement Volume
2020-03-30,P002,HYD001,4,615,287,True,True,True,High Volume and High Frequency
2020-03-30,P010,HYD001,5,362,292,False,True,True,Unusually High Movement Frequency
2020-03-30,P024,AHM001,4,41,15,False,True,True,Unusually High Movement Frequency
2020-04-02,P025,KOL001,2,550,283,True,False,True,Unusual Daily Movement Volume
2020-04-03,P007,HYD001,3,649,279,True,False,True,Unusual Daily Movement Volume
2020-04-03,P028,AHM001,4,444,233,False,True,True,Unusually High Movement Frequency
2020-04-04,P008,CHN001,4,606,281,True,True,True,High Volume and High Frequency
2020-04-04,P012,HYD001,2,575,299,True,False,True,Unusual Daily Movement Volume
2020-04-04,P013,HYD001,5,802,258,True,True,True,High Volume and High Frequency
2020-04-04,P021,HYD001,3,762,299,True,False,True,Unusual Daily Movement Volume
2020-04-04,P022,CHN001,4,575,217,True,True,True,High Volume and High Frequency
2020-04-05,P023,PUN001,4,42,19,False,True,True,Unusually High Movement Frequency
2020-04-05,P025,PUN001,4,118,87,False,True,True,Unusually High Movement Frequency
2020-04-06,P022,CHN001,5,461,265,False,True,True,Unusually High Movement Frequency
2020-04-08,P003,HYD001,3,706,255,True,False,True,Unusual Daily Movement Volume
2020-04-08,P016,AHM001,4,563,295,True,True,True,High Volume and High Frequency
2020-04-08,P021,HYD001,5,678,293,True,True,True,High Volume and High Frequency
2020-04-08,P023,HYD001,3,536,283,True,False,True,Unusual Daily Movement Volume
2020-04-08,P030,CHN001,3,650,268,True,False,True,Unusual Daily Movement Volume
2020-04-09,P014,KOL001,4,502,233,False,True,True,Unusually High Movement Frequency
2020-04-09,P023,KOL001,3,541,272,True,False,True,Unusual Daily Movement Volume
2020-04-09,P028,HYD001,4,71,20,False,True,True,Unusually High Movement Frequency
2020-04-10,P010,HYD001,4,329,171,False,True,True,Unusually High Movement Frequency
2020-04-10,P021,HYD001,4,212,152,False,True,True,Unusually High Movement Frequency
2020-04-10,P027,HYD001,4,597,269,True,True,True,High Volume and High Frequency
2020-04-11,P004,DEL001,4,603,223,True,True,True,High Volume and High Frequency
2020-04-11,P012,DEL001,2,538,290,True,False,True,Unusual Daily Movement Volume
2020-04-12,P005,AHM001,2,550,276,True,False,True,Unusual Daily Movement Volume
2020-04-12,P015,AHM001,4,352,148,False,True,True,Unusually High Movement Frequency
2020-04-12,P017,AHM001,4,597,241,True,True,True,High Volume and High Frequency
2020-04-14,P008,DEL001,4,391,288,False,True,True,Unusually High Movement Frequency
2020-04-14,P021,KOL001,2,543,294,True,False,True,Unusual Daily Movement Volume
2020-04-15,P003,AHM001,4,146,124,False,True,True,Unusually High Movement Frequency
2020-04-15,P003,CHN001,3,623,244,True,False,True,Unusual Daily Movement Volume
2020-04-15,P008,PUN001,4,586,239,True,True,True,High Volume and High Frequency
2020-04-15,P013,HYD001,4,762,265,True,True,True,High Volume and High Frequency
2020-04-15,P030,CHN001,3,645,268,True,False,True,Unusual Daily Movement Volume
2020-04-17,P016,AHM001,3,707,262,True,False,True,Unusual Daily Movement Volume
2020-04-18,P015,DEL001,4,98,54,False,True,True,Unusually High Movement Frequency
2020-04-18,P017,DEL001,5,357,289,False,True,True,Unusually High Movement Frequency
2020-04-19,P028,PUN001,3,641,285,True,False,True,Unusual Daily Movement Volume
2020-04-21,P025,PUN001,4,226,196,False,True,True,Unusually High Movement Frequency
2020-04-22,P014,AHM001,4,357,201,False,True,True,Unusually High Movement Frequency
2020-04-23,P012,HYD001,2,540,286,True,False,True,Unusual Daily Movement Volume
2020-04-23,P026,CHN001,3,596,258,True,False,True,Unusual Daily Movement Volume
2020-04-24,P009,KOL001,4,319,299,False,True,True,Unusually High Movement Frequency
2020-04-24,P010,KOL001,3,671,297,True,False,True,Unusual Daily Movement Volume
2020-04-24,P013,CHN001,2,531,282,True,False,True,Unusual Daily Movement Volume
2020-04-24,P013,KOL001,4,389,237,False,True,True,Unusually High Movement Frequency
2020-04-24,P027,CHN001,3,561,255,True,False,True,Unusual Daily Movement Volume
2020-04-25,P028,PUN001,4,85,46,False,True,True,Unusually High Movement Frequency
2020-04-27,P029,PUN001,2,540,273,True,False,True,Unusual Daily Movement Volume
2020-04-28,P012,AHM001,3,532,194,True,False,True,Unusual Daily Movement Volume
2020-04-28,P013,CHN001,5,448,251,False,True,True,Unusually High Movement Frequency
2020-04-28,P026,CHN001,4,65,43,False,True,True,Unusually High Movement Frequency
2020-04-28,P027,AHM001,4,425,159,False,True,True,Unusually High Movement Frequency
2020-04-28,P029,CHN001,4,175,152,False,True,True,Unusually High Movement Frequency
2020-04-28,P030,CHN001,4,37,13,False,True,True,Unusually High Movement Frequency
2020-04-29,P006,DEL001,4,546,293,True,True,True,High Volume and High Frequency
2020-04-29,P007,AHM001,4,160,121,False,True,True,Unusually High Movement Frequency
2020-04-29,P014,DEL001,4,726,265,True,True,True,High Volume and High Frequency
2020-04-29,P016,DEL001,4,308,263,False,True,True,Unusually High Movement Frequency
2020-04-29,P020,CHN001,3,584,259,True,False,True,Unusual Daily Movement Volume
2020-04-29,P028,CHN001,3,618,256,True,False,True,Unusual Daily Movement Volume
2020-04-30,P008,DEL001,4,439,222,False,True,True,Unusually High Movement Frequency
2020-05-01,P006,KOL001,4,199,151,False,True,True,Unusually High Movement Frequency
2020-05-01,P008,HYD001,4,590,299,True,True,True,High Volume and High Frequency
2020-05-01,P024,KOL001,4,458,298,False,True,True,Unusually High Movement Frequency
2020-05-01,P025,CHN001,4,57,18,False,True,True,Unusually High Movement Frequency
2020-05-03,P005,HYD001,4,601,267,True,True,True,High Volume and High Frequency
2020-05-03,P013,AHM001,4,632,296,True,True,True,High Volume and High Frequency
2020-05-03,P016,KOL001,3,690,244,True,False,True,Unusual Daily Movement Volume
2020-05-03,P017,KOL001,4,747,201,True,True,True,High Volume and High Frequency
2020-05-03,P018,PUN001,4,921,292,True,True,True,High Volume and High Frequency
2020-05-03,P024,KOL001,4,773,292,True,True,True,High Volume and High Frequency
2020-05-04,P004,CHN001,2,551,287,True,False,True,Unusual Daily Movement Volume
2020-05-04,P010,AHM001,4,47,17,False,True,True,Unusually High Movement Frequency
2020-05-05,P011,KOL001,4,435,213,False,True,True,Unusually High Movement Frequency
2020-05-05,P014,CHN001,4,315,280,False,True,True,Unusually High Movement Frequency
2020-05-07,P024,KOL001,4,330,247,False,True,True,Unusually High Movement Frequency
2020-05-10,P001,DEL001,3,581,289,True,False,True,Unusual Daily Movement Volume
2020-05-10,P010,DEL001,4,469,155,False,True,True,Unusually High Movement Frequency
2020-05-10,P019,DEL001,4,516,266,False,True,True,Unusually High Movement Frequency
2020-05-10,P019,PUN001,2,543,289,True,False,True,Unusual Daily Movement Volume
2020-05-10,P020,DEL001,4,22,10,False,True,True,Unusually High Movement Frequency
2020-05-10,P030,AHM001,6,67,19,False,True,True,Unusually High Movement Frequency
2020-05-11,P013,KOL001,5,596,299,True,True,True,High Volume and High Frequency
2020-05-11,P025,KOL001,3,723,294,True,False,True,Unusual Daily Movement Volume
2020-05-12,P007,PUN001,3,572,234,True,False,True,Unusual Daily Movement Volume
2020-05-12,P012,PUN001,4,479,235,False,True,True,Unusually High Movement Frequency
2020-05-12,P023,PUN001,4,332,199,False,True,True,Unusually High Movement Frequency
2020-05-13,P010,DEL001,4,196,98,False,True,True,Unusually High Movement Frequency
2020-05-13,P015,AHM001,4,614,248,True,True,True,High Volume and High Frequency
2020-05-13,P023,CHN001,4,35,15,False,True,True,Unusually High Movement Frequency
2020-05-13,P027,KOL001,4,557,249,True,True,True,High Volume and High Frequency
2020-05-13,P028,AHM001,4,667,289,True,True,True,High Volume and High Frequency
2020-05-13,P028,DEL001,4,233,208,False,True,True,Unusually High Movement Frequency
2020-05-14,P006,CHN001,4,265,190,False,True,True,Unusually High Movement Frequency
2020-05-15,P016,PUN001,2,595,298,True,False,True,Unusual Daily Movement Volume
2020-05-15,P024,CHN001,5,513,266,False,True,True,Unusually High Movement Frequency
2020-05-15,P028,CHN001,4,322,254,False,True,True,Unusually High Movement Frequency
2020-05-16,P007,AHM001,4,359,238,False,True,True,Unusually High Movement Frequency
2020-05-16,P009,AHM001,4,449,237,False,True,True,Unusually High Movement Frequency
2020-05-16,P016,PUN001,4,38,18,False,True,True,Unusually High Movement Frequency
2020-05-16,P025,PUN001,4,29,14,False,True,True,Unusually High Movement Frequency
2020-05-17,P015,KOL001,4,45,21,False,True,True,Unusually High Movement Frequency
2020-05-17,P019,HYD001,3,583,240,True,False,True,Unusual Daily Movement Volume
2020-05-17,P030,CHN001,4,504,180,False,True,True,Unusually High Movement Frequency
2020-05-19,P004,KOL001,4,412,298,False,True,True,Unusually High Movement Frequency
2020-05-19,P005,KOL001,3,535,273,True,False,True,Unusual Daily Movement Volume
2020-05-19,P010,KOL001,5,164,92,False,True,True,Unusually High Movement Frequency
2020-05-19,P012,HYD001,4,117,85,False,True,True,Unusually High Movement Frequency
2020-05-19,P019,KOL001,5,127,77,False,True,True,Unusually High Movement Frequency
2020-05-19,P024,KOL001,4,195,159,False,True,True,Unusually High Movement Frequency
2020-05-19,P025,KOL001,4,197,105,False,True,True,Unusually High Movement Frequency
2020-05-21,P012,AHM001,4,180,105,False,True,True,Unusually High Movement Frequency
2020-05-21,P015,AHM001,5,455,292,False,True,True,Unusually High Movement Frequency
2020-05-21,P015,PUN001,3,575,212,True,False,True,Unusual Daily Movement Volume
2020-05-21,P017,PUN001,3,639,293,True,False,True,Unusual Daily Movement Volume
2020-05-21,P025,AHM001,2,537,298,True,False,True,Unusual Daily Movement Volume
2020-05-22,P006,KOL001,3,553,248,True,False,True,Unusual Daily Movement Volume
2020-05-23,P012,PUN001,2,545,285,True,False,True,Unusual Daily Movement Volume
2020-05-23,P013,AHM001,3,542,299,True,False,True,Unusual Daily Movement Volume
2020-05-23,P014,AHM001,4,471,297,False,True,True,Unusually High Movement Frequency
2020-05-24,P011,DEL001,4,420,274,False,True,True,Unusually High Movement Frequency
2020-05-24,P020,AHM001,4,537,295,True,True,True,High Volume and High Frequency
2020-05-25,P007,HYD001,3,619,249,True,False,True,Unusual Daily Movement Volume
2020-05-25,P019,HYD001,5,217,171,False,True,True,Unusually High Movement Frequency
2020-05-25,P026,CHN001,4,168,123,False,True,True,Unusually High Movement Frequency
2020-05-26,P005,CHN001,4,118,94,False,True,True,Unusually High Movement Frequency
2020-05-27,P015,AHM001,4,483,278,False,True,True,Unusually High Movement Frequency
2020-05-27,P019,AHM001,4,682,280,True,True,True,High Volume and High Frequency
2020-05-28,P005,CHN001,4,476,257,False,True,True,Unusually High Movement Frequency
2020-05-29,P007,KOL001,3,713,299,True,False,True,Unusual Daily Movement Volume
2020-05-29,P008,KOL001,4,268,236,False,True,True,Unusually High Movement Frequency
2020-05-29,P017,DEL001,5,594,261,True,True,True,High Volume and High Frequency
2020-05-29,P026,DEL001,4,440,204,False,True,True,Unusually High Movement Frequency
2020-05-29,P027,DEL001,3,565,252,True,False,True,Unusual Daily Movement Volume
2020-05-31,P010,DEL001,2,550,293,True,False,True,Unusual Daily Movement Volume
2020-05-31,P012,HYD001,3,768,288,True,False,True,Unusual Daily Movement Volume
2020-05-31,P016,PUN001,4,268,159,False,True,True,Unusually High Movement Frequency
2020-06-01,P004,DEL001,3,578,299,True,False,True,Unusual Daily Movement Volume
2020-06-01,P014,CHN001,4,379,255,False,True,True,Unusually High Movement Frequency
2020-06-01,P022,PUN001,3,732,272,True,False,True,Unusual Daily Movement Volume
2020-06-01,P025,HYD001,5,737,266,True,True,True,High Volume and High Frequency
2020-06-01,P028,PUN001,4,237,215,False,True,True,Unusually High Movement Frequency
2020-06-02,P004,CHN001,4,230,194,False,True,True,Unusually High Movement Frequency
2020-06-03,P012,DEL001,4,797,243,True,True,True,High Volume and High Frequency
2020-06-04,P014,KOL001,4,676,269,True,True,True,High Volume and High Frequency
2020-06-06,P001,AHM001,3,564,271,True,False,True,Unusual Daily Movement Volume
2020-06-06,P015,KOL001,4,255,148,False,True,True,Unusually High Movement Frequency
2020-06-06,P029,AHM001,5,998,284,True,True,True,High Volume and High Frequency
2020-06-07,P030,DEL001,3,572,248,True,False,True,Unusual Daily Movement Volume
2020-06-08,P002,CHN001,5,691,255,True,True,True,High Volume and High Frequency
2020-06-08,P008,HYD001,3,538,286,True,False,True,Unusual Daily Movement Volume
2020-06-08,P024,HYD001,4,363,259,False,True,True,Unusually High Movement Frequency
2020-06-08,P030,HYD001,4,174,149,False,True,True,Unusually High Movement Frequency
2020-06-10,P007,AHM001,4,515,285,False,True,True,Unusually High Movement Frequency
2020-06-10,P023,KOL001,4,568,261,True,True,True,High Volume and High Frequency
2020-06-10,P027,PUN001,4,119,92,False,True,True,Unusually High Movement Frequency
2020-06-10,P028,AHM001,4,418,218,False,True,True,Unusually High Movement Frequency
2020-06-11,P024,CHN001,4,482,211,False,True,True,Unusually High Movement Frequency
2020-06-11,P027,DEL001,4,427,219,False,True,True,Unusually High Movement Frequency
2020-06-12,P006,AHM001,3,557,246,True,False,True,Unusual Daily Movement Volume
2020-06-14,P008,DEL001,3,651,259,True,False,True,Unusual Daily Movement Volume
2020-06-14,P009,CHN001,4,972,274,True,True,True,High Volume and High Frequency
2020-06-14,P010,DEL001,3,681,252,True,False,True,Unusual Daily Movement Volume
2020-06-14,P020,DEL001,3,617,243,True,False,True,Unusual Daily Movement Volume
2020-06-14,P024,DEL001,3,593,277,True,False,True,Unusual Daily Movement Volume
2020-06-14,P026,DEL001,3,634,277,True,False,True,Unusual Daily Movement Volume
2020-06-14,P029,KOL001,3,539,264,True,False,True,Unusual Daily Movement Volume
2020-06-15,P011,KOL001,5,264,222,False,True,True,Unusually High Movement Frequency
2020-06-15,P023,DEL001,2,561,290,True,False,True,Unusual Daily Movement Volume
2020-06-15,P024,KOL001,4,312,296,False,True,True,Unusually High Movement Frequency
2020-06-15,P026,KOL001,4,232,207,False,True,True,Unusually High Movement Frequency
2020-06-16,P002,DEL001,5,512,234,False,True,True,Unusually High Movement Frequency
2020-06-16,P008,DEL001,5,545,285,True,True,True,High Volume and High Frequency
2020-06-16,P018,CHN001,4,56,20,False,True,True,Unusually High Movement Frequency
2020-06-18,P003,KOL001,4,644,299,True,True,True,High Volume and High Frequency
2020-06-19,P005,PUN001,3,655,251,True,False,True,Unusual Daily Movement Volume
2020-06-19,P010,PUN001,4,794,296,True,True,True,High Volume and High Frequency
2020-06-19,P011,CHN001,4,195,69,False,True,True,Unusually High Movement Frequency
2020-06-19,P021,AHM001,4,38,15,False,True,True,Unusually High Movement Frequency
2020-06-20,P012,AHM001,4,738,278,True,True,True,High Volume and High Frequency
2020-06-22,P003,KOL001,3,565,246,True,False,True,Unusual Daily Movement Volume
2020-06-22,P016,PUN001,4,108,94,False,True,True,Unusually High Movement Frequency
2020-06-22,P019,AHM001,4,406,180,False,True,True,Unusually High Movement Frequency
2020-06-23,P010,PUN001,3,627,295,True,False,True,Unusual Daily Movement Volume
2020-06-23,P023,KOL001,4,513,258,False,True,True,Unusually High Movement Frequency
2020-06-24,P016,CHN001,5,664,268,True,True,True,High Volume and High Frequency
2020-06-24,P020,HYD001,3,816,288,True,False,True,Unusual Daily Movement Volume
2020-06-27,P004,KOL001,4,562,299,True,True,True,High Volume and High Frequency
2020-06-27,P008,DEL001,4,463,259,False,True,True,Unusually High Movement Frequency
2020-06-27,P009,KOL001,5,429,282,False,True,True,Unusually High Movement Frequency
2020-06-27,P010,KOL001,4,275,246,False,True,True,Unusually High Movement Frequency
2020-06-27,P012,KOL001,4,697,291,True,True,True,High Volume and High Frequency
2020-06-27,P015,HYD001,4,155,80,False,True,True,Unusually High Movement Frequency
2020-06-27,P019,HYD001,5,340,167,False,True,True,Unusually High Movement Frequency
2020-06-27,P029,HYD001,4,664,283,True,True,True,High Volume and High Frequency
2020-06-27,P030,HYD001,5,961,295,True,True,True,High Volume and High Frequency
2020-06-28,P004,AHM001,5,365,200,False,True,True,Unusually High Movement Frequency
2020-06-28,P016,PUN001,5,48,18,False,True,True,Unusually High Movement Frequency
2020-06-29,P017,PUN001,4,53,17,False,True,True,Unusually High Movement Frequency
2020-06-30,P002,KOL001,4,356,190,False,True,True,Unusually High Movement Frequency
2020-06-30,P007,KOL001,4,596,275,True,True,True,High Volume and High Frequency
2020-07-01,P010,KOL001,4,34,16,False,True,True,Unusually High Movement Frequency
2020-07-01,P024,KOL001,5,517,279,False,True,True,Unusually High Movement Frequency
2020-07-01,P025,KOL001,3,536,207,True,False,True,Unusual Daily Movement Volume
2020-07-03,P008,HYD001,4,739,279,True,True,True,High Volume and High Frequency
2020-07-03,P011,HYD001,3,595,297,True,False,True,Unusual Daily Movement Volume
2020-07-03,P017,HYD001,3,672,286,True,False,True,Unusual Daily Movement Volume
2020-07-04,P016,DEL001,3,562,280,True,False,True,Unusual Daily Movement Volume
2020-07-04,P026,CHN001,2,548,274,True,False,True,Unusual Daily Movement Volume
2020-07-04,P030,CHN001,4,249,202,False,True,True,Unusually High Movement Frequency
2020-07-05,P004,KOL001,3,591,298,True,False,True,Unusual Daily Movement Volume
2020-07-05,P020,CHN001,4,291,183,False,True,True,Unusually High Movement Frequency
2020-07-05,P025,PUN001,4,313,174,False,True,True,Unusually High Movement Frequency
2020-07-05,P028,KOL001,4,688,229,True,True,True,High Volume and High Frequency
2020-07-06,P019,DEL001,4,230,148,False,True,True,Unusually High Movement Frequency
2020-07-07,P002,CHN001,6,384,200,False,True,True,Unusually High Movement Frequency
2020-07-07,P015,DEL001,2,561,293,True,False,True,Unusual Daily Movement Volume
2020-07-07,P029,PUN001,4,520,256,False,True,True,Unusually High Movement Frequency
2020-07-09,P007,PUN001,4,783,241,True,True,True,High Volume and High Frequency
2020-07-09,P025,CHN001,5,187,147,False,True,True,Unusually High Movement Frequency
2020-07-10,P008,KOL001,4,387,222,False,True,True,Unusually High Movement Frequency
2020-07-12,P008,KOL001,5,252,219,False,True,True,Unusually High Movement Frequency
2020-07-12,P011,KOL001,4,284,257,False,True,True,Unusually High Movement Frequency
2020-07-12,P027,CHN001,4,38,18,False,True,True,Unusually High Movement Frequency
2020-07-13,P014,AHM001,4,40,14,False,True,True,Unusually High Movement Frequency
2020-07-13,P018,CHN001,5,142,50,False,True,True,Unusually High Movement Frequency
2020-07-14,P005,DEL001,5,64,15,False,True,True,Unusually High Movement Frequency
2020-07-15,P003,DEL001,5,758,282,True,True,True,High Volume and High Frequency
2020-07-15,P005,CHN001,3,635,233,True,False,True,Unusual Daily Movement Volume
2020-07-16,P014,CHN001,5,546,262,True,True,True,High Volume and High Frequency
2020-07-17,P003,AHM001,3,585,282,True,False,True,Unusual Daily Movement Volume
2020-07-17,P010,AHM001,6,1170,254,True,True,True,High Volume and High Frequency
2020-07-17,P012,AHM001,3,630,239,True,False,True,Unusual Daily Movement Volume
2020-07-17,P012,KOL001,5,394,189,False,True,True,Unusually High Movement Frequency
2020-07-17,P013,DEL001,2,551,280,True,False,True,Unusual Daily Movement Volume
2020-07-17,P023,CHN001,3,733,260,True,False,True,Unusual Daily Movement Volume
2020-07-18,P009,AHM001,4,208,110,False,True,True,Unusually High Movement Frequency
2020-07-18,P021,PUN001,3,660,268,True,False,True,Unusual Daily Movement Volume
2020-07-18,P025,PUN001,4,442,229,False,True,True,Unusually High Movement Frequency
2020-07-19,P004,HYD001,4,241,124,False,True,True,Unusually High Movement Frequency
2020-07-19,P009,HYD001,3,576,264,True,False,True,Unusual Daily Movement Volume
2020-07-19,P029,DEL001,4,292,240,False,True,True,Unusually High Movement Frequency
2020-07-20,P005,AHM001,3,591,265,True,False,True,Unusual Daily Movement Volume
2020-07-20,P027,KOL001,4,35,17,False,True,True,Unusually High Movement Frequency
2020-07-22,P025,DEL001,5,926,298,True,True,True,High Volume and High Frequency
2020-07-22,P028,DEL001,3,576,297,True,False,True,Unusual Daily Movement Volume
2020-07-24,P007,HYD001,3,549,223,True,False,True,Unusual Daily Movement Volume
2020-07-25,P024,KOL001,3,596,275,True,False,True,Unusual Daily Movement Volume
2020-07-26,P007,PUN001,4,286,247,False,True,True,Unusually High Movement Frequency
2020-07-26,P021,PUN001,4,562,284,True,True,True,High Volume and High Frequency
2020-07-26,P026,CHN001,2,538,295,True,False,True,Unusual Daily Movement Volume
2020-07-26,P027,HYD001,4,322,225,False,True,True,Unusually High Movement Frequency
2020-07-26,P027,KOL001,4,292,184,False,True,True,Unusually High Movement Frequency
2020-07-26,P028,KOL001,4,44,20,False,True,True,Unusually High Movement Frequency
2020-07-27,P009,PUN001,5,442,229,False,True,True,Unusually High Movement Frequency
2020-07-27,P010,PUN001,4,60,19,False,True,True,Unusually High Movement Frequency
2020-07-27,P017,PUN001,5,548,198,True,True,True,High Volume and High Frequency
2020-07-28,P003,KOL001,4,866,299,True,True,True,High Volume and High Frequency
2020-07-28,P005,KOL001,3,857,300,True,False,True,Unusual Daily Movement Volume
2020-07-28,P025,KOL001,3,575,280,True,False,True,Unusual Daily Movement Volume
2020-07-29,P016,HYD001,2,572,287,True,False,True,Unusual Daily Movement Volume
2020-07-30,P011,HYD001,3,622,294,True,False,True,Unusual Daily Movement Volume
2020-07-30,P023,KOL001,4,127,113,False,True,True,Unusually High Movement Frequency
2020-07-30,P030,DEL001,4,43,20,False,True,True,Unusually High Movement Frequency
2020-07-31,P013,AHM001,4,269,240,False,True,True,Unusually High Movement Frequency
2020-07-31,P019,AHM001,4,238,212,False,True,True,Unusually High Movement Frequency
2020-08-02,P004,DEL001,5,655,188,True,True,True,High Volume and High Frequency
2020-08-02,P009,DEL001,6,261,136,False,True,True,Unusually High Movement Frequency
2020-08-02,P023,KOL001,3,778,294,True,False,True,Unusual Daily Movement Volume
2020-08-02,P026,CHN001,4,157,72,False,True,True,Unusually High Movement Frequency
2020-08-02,P028,DEL001,4,269,154,False,True,True,Unusually High Movement Frequency
2020-08-02,P029,DEL001,5,471,199,False,True,True,Unusually High Movement Frequency
2020-08-02,P030,DEL001,6,132,98,False,True,True,Unusually High Movement Frequency
2020-08-03,P007,KOL001,4,335,277,False,True,True,Unusually High Movement Frequency
2020-08-03,P021,CHN001,4,317,163,False,True,True,Unusually High Movement Frequency
2020-08-03,P025,CHN001,4,114,58,False,True,True,Unusually High Movement Frequency
2020-08-04,P026,HYD001,4,631,217,True,True,True,High Volume and High Frequency
2020-08-05,P003,CHN001,4,179,131,False,True,True,Unusually High Movement Frequency
2020-08-05,P023,CHN001,4,201,179,False,True,True,Unusually High Movement Frequency
2020-08-06,P020,CHN001,4,1049,283,True,True,True,High Volume and High Frequency
2020-08-08,P004,PUN001,4,597,215,True,True,True,High Volume and High Frequency
2020-08-08,P008,CHN001,3,588,298,True,False,True,Unusual Daily Movement Volume
2020-08-08,P019,CHN001,4,318,209,False,True,True,Unusually High Movement Frequency
2020-08-08,P021,CHN001,3,597,286,True,False,True,Unusual Daily Movement Volume
2020-08-09,P004,KOL001,2,536,281,True,False,True,Unusual Daily Movement Volume
2020-08-09,P014,KOL001,8,540,258,True,True,True,High Volume and High Frequency
2020-08-09,P015,KOL001,5,273,116,False,True,True,Unusually High Movement Frequency
2020-08-09,P021,KOL001,4,54,41,False,True,True,Unusually High Movement Frequency
2020-08-09,P021,PUN001,2,538,273,True,False,True,Unusual Daily Movement Volume
2020-08-09,P023,KOL001,5,660,243,True,True,True,High Volume and High Frequency
2020-08-09,P028,KOL001,4,419,240,False,True,True,Unusually High Movement Frequency
2020-08-10,P014,KOL001,5,731,249,True,True,True,High Volume and High Frequency
2020-08-10,P025,PUN001,3,760,288,True,False,True,Unusual Daily Movement Volume
2020-08-10,P028,DEL001,4,390,262,False,True,True,Unusually High Movement Frequency
2020-08-10,P029,KOL001,4,629,276,True,True,True,High Volume and High Frequency
2020-08-12,P015,CHN001,4,500,240,False,True,True,Unusually High Movement Frequency
2020-08-12,P016,KOL001,3,723,300,True,False,True,Unusual Daily Movement Volume
2020-08-12,P020,DEL001,5,941,248,True,True,True,High Volume and High Frequency
2020-08-12,P022,HYD001,4,557,271,True,True,True,High Volume and High Frequency
2020-08-13,P029,CHN001,4,421,192,False,True,True,Unusually High Movement Frequency
2020-08-15,P002,PUN001,3,617,252,True,False,True,Unusual Daily Movement Volume
2020-08-15,P012,PUN001,4,509,261,False,True,True,Unusually High Movement Frequency
2020-08-15,P018,PUN001,4,388,220,False,True,True,Unusually High Movement Frequency
2020-08-15,P019,PUN001,4,850,286,True,True,True,High Volume and High Frequency
2020-08-15,P022,KOL001,5,64,17,False,True,True,Unusually High Movement Frequency
2020-08-15,P023,PUN001,4,241,148,False,True,True,Unusually High Movement Frequency
2020-08-15,P025,KOL001,4,45,17,False,True,True,Unusually High Movement Frequency
2020-08-15,P030,DEL001,2,539,273,True,False,True,Unusual Daily Movement Volume
2020-08-16,P007,CHN001,4,450,217,False,True,True,Unusually High Movement Frequency
2020-08-16,P014,CHN001,4,776,250,True,True,True,High Volume and High Frequency
2020-08-16,P020,AHM001,4,365,192,False,True,True,Unusually High Movement Frequency
2020-08-16,P023,CHN001,4,213,190,False,True,True,Unusually High Movement Frequency
2020-08-17,P008,HYD001,4,328,146,False,True,True,Unusually High Movement Frequency
2020-08-18,P001,PUN001,5,493,213,False,True,True,Unusually High Movement Frequency
2020-08-18,P004,PUN001,4,537,266,True,True,True,High Volume and High Frequency
2020-08-18,P006,KOL001,4,111,86,False,True,True,Unusually High Movement Frequency
2020-08-18,P012,AHM001,4,193,128,False,True,True,Unusually High Movement Frequency
2020-08-18,P019,AHM001,4,455,250,False,True,True,Unusually High Movement Frequency
2020-08-19,P001,KOL001,3,558,231,True,False,True,Unusual Daily Movement Volume
2020-08-19,P003,CHN001,4,283,257,False,True,True,Unusually High Movement Frequency
2020-08-19,P006,AHM001,3,536,197,True,False,True,Unusual Daily Movement Volume
2020-08-19,P011,CHN001,4,294,198,False,True,True,Unusually High Movement Frequency
2020-08-19,P017,HYD001,3,541,204,True,False,True,Unusual Daily Movement Volume
2020-08-19,P018,CHN001,3,598,270,True,False,True,Unusual Daily Movement Volume
2020-08-20,P005,CHN001,4,231,195,False,True,True,Unusually High Movement Frequency
2020-08-20,P021,CHN001,3,667,226,True,False,True,Unusual Daily Movement Volume
2020-08-20,P021,PUN001,2,577,291,True,False,True,Unusual Daily Movement Volume
2020-08-20,P022,CHN001,4,202,156,False,True,True,Unusually High Movement Frequency
2020-08-22,P008,PUN001,2,535,294,True,False,True,Unusual Daily Movement Volume
2020-08-23,P008,AHM001,4,178,127,False,True,True,Unusually High Movement Frequency
2020-08-23,P009,DEL001,3,561,221,True,False,True,Unusual Daily Movement Volume
2020-08-23,P009,PUN001,4,23,13,False,True,True,Unusually High Movement Frequency
2020-08-23,P010,CHN001,2,569,290,True,False,True,Unusual Daily Movement Volume
2020-08-23,P026,CHN001,3,560,292,True,False,True,Unusual Daily Movement Volume
2020-08-25,P002,CHN001,4,783,264,True,True,True,High Volume and High Frequency
2020-08-25,P004,PUN001,4,294,246,False,True,True,Unusually High Movement Frequency
2020-08-25,P006,PUN001,4,330,283,False,True,True,Unusually High Movement Frequency
2020-08-25,P010,PUN001,4,55,20,False,True,True,Unusually High Movement Frequency
2020-08-25,P030,PUN001,4,223,202,False,True,True,Unusually High Movement Frequency
2020-08-26,P003,CHN001,4,43,19,False,True,True,Unusually High Movement Frequency
2020-08-27,P024,HYD001,5,386,190,False,True,True,Unusually High Movement Frequency
2020-08-28,P020,AHM001,4,587,251,True,True,True,High Volume and High Frequency
2020-08-29,P002,KOL001,3,575,276,True,False,True,Unusual Daily Movement Volume
2020-08-29,P003,HYD001,3,568,230,True,False,True,Unusual Daily Movement Volume
2020-08-29,P004,HYD001,3,562,256,True,False,True,Unusual Daily Movement Volume
2020-08-29,P004,KOL001,4,454,262,False,True,True,Unusually High Movement Frequency
2020-08-29,P006,HYD001,2,539,285,True,False,True,Unusual Daily Movement Volume
2020-08-29,P013,HYD001,2,539,296,True,False,True,Unusual Daily Movement Volume
2020-08-29,P014,AHM001,4,522,195,False,True,True,Unusually High Movement Frequency
2020-08-29,P015,AHM001,3,728,288,True,False,True,Unusual Daily Movement Volume
2020-08-29,P019,HYD001,2,534,283,True,False,True,Unusual Daily Movement Volume
2020-08-29,P022,HYD001,4,552,194,True,True,True,High Volume and High Frequency
2020-08-29,P029,HYD001,4,450,128,False,True,True,Unusually High Movement Frequency
2020-08-30,P017,HYD001,3,545,277,True,False,True,Unusual Daily Movement Volume
2020-08-30,P024,DEL001,2,552,283,True,False,True,Unusual Daily Movement Volume
2020-08-31,P006,HYD001,4,508,238,False,True,True,Unusually High Movement Frequency
2020-08-31,P015,CHN001,6,955,283,True,True,True,High Volume and High Frequency
2020-08-31,P025,KOL001,5,157,67,False,True,True,Unusually High Movement Frequency
2020-09-01,P005,KOL001,3,739,294,True,False,True,Unusual Daily Movement Volume
2020-09-01,P011,CHN001,3,613,279,True,False,True,Unusual Daily Movement Volume
2020-09-02,P006,AHM001,3,602,241,True,False,True,Unusual Daily Movement Volume
2020-09-02,P017,DEL001,4,269,184,False,True,True,Unusually High Movement Frequency
2020-09-02,P018,HYD001,5,311,237,False,True,True,Unusually High Movement Frequency
2020-09-02,P020,DEL001,4,257,177,False,True,True,Unusually High Movement Frequency
2020-09-02,P023,DEL001,3,687,260,True,False,True,Unusual Daily Movement Volume
2020-09-02,P024,AHM001,2,597,300,True,False,True,Unusual Daily Movement Volume
2020-09-02,P024,DEL001,4,385,180,False,True,True,Unusually High Movement Frequency
2020-09-03,P011,CHN001,5,63,20,False,True,True,Unusually High Movement Frequency
2020-09-03,P012,CHN001,4,42,15,False,True,True,Unusually High Movement Frequency
2020-09-03,P024,PUN001,4,519,283,False,True,True,Unusually High Movement Frequency
2020-09-03,P025,PUN001,3,555,293,True,False,True,Unusual Daily Movement Volume
2020-09-04,P004,PUN001,4,26,16,False,True,True,Unusually High Movement Frequency
2020-09-04,P006,AHM001,4,469,259,False,True,True,Unusually High Movement Frequency
2020-09-04,P008,AHM001,4,49,15,False,True,True,Unusually High Movement Frequency
2020-09-04,P008,PUN001,3,569,282,True,False,True,Unusual Daily Movement Volume
2020-09-04,P019,AHM001,5,74,39,False,True,True,Unusually High Movement Frequency
2020-09-04,P019,PUN001,4,920,273,True,True,True,High Volume and High Frequency
2020-09-04,P021,PUN001,4,174,130,False,True,True,Unusually High Movement Frequency
2020-09-04,P029,AHM001,4,247,205,False,True,True,Unusually High Movement Frequency
2020-09-06,P012,PUN001,4,23,11,False,True,True,Unusually High Movement Frequency
2020-09-06,P018,PUN001,4,503,264,False,True,True,Unusually High Movement Frequency
2020-09-07,P003,HYD001,5,226,172,False,True,True,Unusually High Movement Frequency
2020-09-07,P015,KOL001,4,379,217,False,True,True,Unusually High Movement Frequency
2020-09-07,P017,KOL001,3,685,290,True,False,True,Unusual Daily Movement Volume
2020-09-07,P027,HYD001,4,288,136,False,True,True,Unusually High Movement Frequency
2020-09-08,P013,DEL001,4,429,229,False,True,True,Unusually High Movement Frequency
2020-09-08,P016,AHM001,5,724,265,True,True,True,High Volume and High Frequency
2020-09-08,P025,DEL001,4,49,19,False,True,True,Unusually High Movement Frequency
2020-09-09,P005,CHN001,4,455,236,False,True,True,Unusually High Movement Frequency
2020-09-10,P001,CHN001,2,552,278,True,False,True,Unusual Daily Movement Volume
2020-09-10,P005,AHM001,4,656,284,True,True,True,High Volume and High Frequency
2020-09-10,P006,HYD001,4,43,17,False,True,True,Unusually High Movement Frequency
2020-09-10,P009,AHM001,4,153,110,False,True,True,Unusually High Movement Frequency
2020-09-10,P025,CHN001,4,405,290,False,True,True,Unusually High Movement Frequency
2020-09-10,P026,AHM001,4,535,282,True,True,True,High Volume and High Frequency
2020-09-12,P021,PUN001,2,543,294,True,False,True,Unusual Daily Movement Volume
2020-09-12,P026,PUN001,3,582,263,True,False,True,Unusual Daily Movement Volume
2020-09-13,P020,CHN001,5,643,245,True,True,True,High Volume and High Frequency
2020-09-14,P004,CHN001,4,744,293,True,True,True,High Volume and High Frequency
2020-09-14,P017,HYD001,4,372,276,False,True,True,Unusually High Movement Frequency
2020-09-14,P018,CHN001,3,675,294,True,False,True,Unusual Daily Movement Volume
2020-09-16,P004,CHN001,3,779,290,True,False,True,Unusual Daily Movement Volume
2020-09-16,P012,HYD001,4,27,10,False,True,True,Unusually High Movement Frequency
2020-09-16,P013,KOL001,4,75,35,False,True,True,Unusually High Movement Frequency
2020-09-16,P021,KOL001,4,365,215,False,True,True,Unusually High Movement Frequency
2020-09-16,P023,CHN001,3,667,294,True,False,True,Unusual Daily Movement Volume
2020-09-16,P025,KOL001,5,319,211,False,True,True,Unusually High Movement Frequency
2020-09-16,P026,KOL001,4,658,283,True,True,True,High Volume and High Frequency
2020-09-16,P029,HYD001,4,63,20,False,True,True,Unusually High Movement Frequency
2020-09-16,P030,DEL001,4,390,264,False,True,True,Unusually High Movement Frequency
2020-09-17,P008,KOL001,4,673,232,True,True,True,High Volume and High Frequency
2020-09-17,P026,PUN001,2,558,291,True,False,True,Unusual Daily Movement Volume
2020-09-18,P001,DEL001,4,841,290,True,True,True,High Volume and High Frequency
2020-09-18,P002,HYD001,4,701,252,True,True,True,High Volume and High Frequency
2020-09-18,P018,KOL001,4,61,20,False,True,True,Unusually High Movement Frequency
2020-09-18,P022,DEL001,2,532,269,True,False,True,Unusual Daily Movement Volume
2020-09-20,P005,KOL001,4,325,183,False,True,True,Unusually High Movement Frequency
2020-09-20,P009,CHN001,4,691,275,True,True,True,High Volume and High Frequency
2020-09-20,P019,CHN001,4,475,252,False,True,True,Unusually High Movement Frequency
2020-09-21,P008,AHM001,3,547,295,True,False,True,Unusual Daily Movement Volume
2020-09-21,P008,PUN001,4,390,246,False,True,True,Unusually High Movement Frequency
2020-09-21,P023,PUN001,4,253,147,False,True,True,Unusually High Movement Frequency
2020-09-21,P024,PUN001,2,559,284,True,False,True,Unusual Daily Movement Volume
2020-09-21,P025,CHN001,3,542,226,True,False,True,Unusual Daily Movement Volume
2020-09-21,P026,PUN001,4,36,15,False,True,True,Unusually High Movement Frequency
2020-09-21,P030,PUN001,5,350,203,False,True,True,Unusually High Movement Frequency
2020-09-22,P001,PUN001,4,234,95,False,True,True,Unusually High Movement Frequency
2020-09-22,P002,DEL001,2,546,298,True,False,True,Unusual Daily Movement Volume
2020-09-22,P004,HYD001,3,679,286,True,False,True,Unusual Daily Movement Volume
2020-09-22,P009,KOL001,4,581,242,True,True,True,High Volume and High Frequency
2020-09-22,P025,KOL001,2,542,292,True,False,True,Unusual Daily Movement Volume
2020-09-22,P026,DEL001,4,271,142,False,True,True,Unusually High Movement Frequency
2020-09-24,P010,DEL001,3,729,268,True,False,True,Unusual Daily Movement Volume
2020-09-24,P011,AHM001,4,389,230,False,True,True,Unusually High Movement Frequency
2020-09-24,P027,AHM001,3,598,273,True,False,True,Unusual Daily Movement Volume
2020-09-25,P004,CHN001,4,430,230,False,True,True,Unusually High Movement Frequency
2020-09-25,P008,AHM001,3,561,293,True,False,True,Unusual Daily Movement Volume
2020-09-25,P026,AHM001,4,474,290,False,True,True,Unusually High Movement Frequency
2020-09-26,P005,HYD001,5,809,266,True,True,True,High Volume and High Frequency
2020-09-26,P007,CHN001,5,524,240,False,True,True,Unusually High Movement Frequency
2020-09-26,P015,CHN001,4,366,238,False,True,True,Unusually High Movement Frequency
2020-09-26,P016,PUN001,4,240,203,False,True,True,Unusually High Movement Frequency
2020-09-26,P020,CHN001,4,560,293,True,True,True,High Volume and High Frequency
2020-09-26,P024,AHM001,3,694,284,True,False,True,Unusual Daily Movement Volume
2020-09-26,P025,KOL001,5,408,264,False,True,True,Unusually High Movement Frequency
2020-09-26,P028,CHN001,4,295,167,False,True,True,Unusually High Movement Frequency
2020-09-28,P001,DEL001,4,152,87,False,True,True,Unusually High Movement Frequency
2020-09-28,P007,HYD001,2,542,281,True,False,True,Unusual Daily Movement Volume
2020-09-28,P021,AHM001,4,783,300,True,True,True,High Volume and High Frequency
2020-09-29,P017,CHN001,4,42,20,False,True,True,Unusually High Movement Frequency
2020-10-01,P010,KOL001,4,489,292,False,True,True,Unusually High Movement Frequency
2020-10-01,P010,PUN001,4,617,246,True,True,True,High Volume and High Frequency
2020-10-01,P029,PUN001,3,634,269,True,False,True,Unusual Daily Movement Volume
2020-10-02,P021,PUN001,2,551,291,True,False,True,Unusual Daily Movement Volume
2020-10-03,P004,CHN001,4,129,103,False,True,True,Unusually High Movement Frequency
2020-10-03,P006,CHN001,4,239,137,False,True,True,Unusually High Movement Frequency
2020-10-03,P026,CHN001,5,716,238,True,True,True,High Volume and High Frequency
2020-10-03,P029,CHN001,4,264,165,False,True,True,Unusually High Movement Frequency
2020-10-03,P030,CHN001,4,690,223,True,True,True,High Volume and High Frequency
2020-10-05,P009,PUN001,2,535,269,True,False,True,Unusual Daily Movement Volume
2020-10-06,P027,CHN001,3,578,281,True,False,True,Unusual Daily Movement Volume
2020-10-07,P007,CHN001,4,690,298,True,True,True,High Volume and High Frequency
2020-10-09,P026,PUN001,4,295,278,False,True,True,Unusually High Movement Frequency
2020-10-11,P008,CHN001,4,271,172,False,True,True,Unusually High Movement Frequency
2020-10-11,P010,PUN001,4,92,56,False,True,True,Unusually High Movement Frequency
2020-10-11,P013,AHM001,4,439,248,False,True,True,Unusually High Movement Frequency
2020-10-11,P015,PUN001,4,516,220,False,True,True,Unusually High Movement Frequency
2020-10-11,P024,CHN001,5,31,14,False,True,True,Unusually High Movement Frequency
2020-10-12,P002,KOL001,4,40,17,False,True,True,Unusually High Movement Frequency
2020-10-12,P022,CHN001,4,441,275,False,True,True,Unusually High Movement Frequency
2020-10-13,P007,PUN001,3,580,255,True,False,True,Unusual Daily Movement Volume
2020-10-14,P001,HYD001,4,486,229,False,True,True,Unusually High Movement Frequency
2020-10-14,P003,HYD001,5,746,277,True,True,True,High Volume and High Frequency
2020-10-14,P009,KOL001,4,310,202,False,True,True,Unusually High Movement Frequency
2020-10-14,P015,HYD001,4,531,216,True,True,True,High Volume and High Frequency
2020-10-14,P024,AHM001,3,753,288,True,False,True,Unusual Daily Movement Volume
2020-10-14,P025,PUN001,5,204,162,False,True,True,Unusually High Movement Frequency
2020-10-15,P003,AHM001,4,51,19,False,True,True,Unusually High Movement Frequency
2020-10-15,P013,CHN001,4,463,286,False,True,True,Unusually High Movement Frequency
2020-10-15,P013,DEL001,3,537,246,True,False,True,Unusual Daily Movement Volume
2020-10-15,P015,PUN001,3,534,275,True,False,True,Unusual Daily Movement Volume
2020-10-16,P002,KOL001,4,344,234,False,True,True,Unusually High Movement Frequency
2020-10-16,P005,KOL001,4,626,261,True,True,True,High Volume and High Frequency
2020-10-16,P006,PUN001,3,541,275,True,False,True,Unusual Daily Movement Volume
2020-10-16,P009,PUN001,2,535,291,True,False,True,Unusual Daily Movement Volume
2020-10-16,P012,KOL001,4,347,221,False,True,True,Unusually High Movement Frequency
2020-10-17,P005,CHN001,4,161,134,False,True,True,Unusually High Movement Frequency
2020-10-19,P007,HYD001,6,488,236,False,True,True,Unusually High Movement Frequency
2020-10-21,P004,DEL001,4,473,194,False,True,True,Unusually High Movement Frequency
2020-10-21,P019,DEL001,4,803,283,True,True,True,High Volume and High Frequency
2020-10-21,P030,DEL001,3,563,222,True,False,True,Unusual Daily Movement Volume
2020-10-22,P007,PUN001,2,545,284,True,False,True,Unusual Daily Movement Volume
2020-10-22,P025,DEL001,2,591,300,True,False,True,Unusual Daily Movement Volume
2020-10-24,P014,CHN001,5,1007,269,True,True,True,High Volume and High Frequency
2020-10-24,P015,DEL001,4,309,258,False,True,True,Unusually High Movement Frequency
2020-10-24,P024,CHN001,3,563,221,True,False,True,Unusual Daily Movement Volume
2020-10-25,P027,AHM001,5,320,180,False,True,True,Unusually High Movement Frequency
2020-10-26,P023,KOL001,4,248,150,False,True,True,Unusually High Movement Frequency
2020-10-26,P024,KOL001,3,582,212,True,False,True,Unusual Daily Movement Volume
2020-10-27,P016,CHN001,3,691,290,True,False,True,Unusual Daily Movement Volume
2020-10-27,P016,HYD001,4,165,92,False,True,True,Unusually High Movement Frequency
2020-10-27,P022,HYD001,4,329,296,False,True,True,Unusually High Movement Frequency
2020-10-27,P028,HYD001,4,350,214,False,True,True,Unusually High Movement Frequency
2020-10-29,P003,DEL001,4,145,112,False,True,True,Unusually High Movement Frequency
2020-10-29,P008,PUN001,4,385,191,False,True,True,Unusually High Movement Frequency
2020-10-29,P011,HYD001,4,255,222,False,True,True,Unusually High Movement Frequency
2020-10-29,P016,AHM001,5,343,192,False,True,True,Unusually High Movement Frequency
2020-10-29,P023,AHM001,3,670,267,True,False,True,Unusual Daily Movement Volume
2020-10-30,P016,CHN001,5,67,20,False,True,True,Unusually High Movement Frequency
2020-10-30,P018,PUN001,5,729,290,True,True,True,High Volume and High Frequency
2020-10-31,P024,AHM001,4,564,223,True,True,True,High Volume and High Frequency
2020-10-31,P028,AHM001,4,181,102,False,True,True,Unusually High Movement Frequency
2020-10-31,P030,CHN001,4,223,187,False,True,True,Unusually High Movement Frequency
2020-11-02,P001,AHM001,3,705,281,True,False,True,Unusual Daily Movement Volume
2020-11-02,P009,AHM001,6,1009,256,True,True,True,High Volume and High Frequency
2020-11-02,P010,AHM001,4,842,288,True,True,True,High Volume and High Frequency
2020-11-02,P012,AHM001,6,572,191,True,True,True,High Volume and High Frequency
2020-11-02,P017,CHN001,4,254,149,False,True,True,Unusually High Movement Frequency
2020-11-02,P019,AHM001,4,384,172,False,True,True,Unusually High Movement Frequency
2020-11-02,P023,AHM001,4,416,190,False,True,True,Unusually High Movement Frequency
2020-11-03,P014,CHN001,4,151,113,False,True,True,Unusually High Movement Frequency
2020-11-04,P005,DEL001,3,653,262,True,False,True,Unusual Daily Movement Volume
2020-11-04,P011,PUN001,4,695,297,True,True,True,High Volume and High Frequency
2020-11-04,P015,CHN001,5,782,297,True,True,True,High Volume and High Frequency
2020-11-04,P020,CHN001,4,364,264,False,True,True,Unusually High Movement Frequency
2020-11-05,P023,CHN001,4,783,260,True,True,True,High Volume and High Frequency
2020-11-05,P026,KOL001,3,542,231,True,False,True,Unusual Daily Movement Volume
2020-11-05,P030,CHN001,3,569,270,True,False,True,Unusual Daily Movement Volume
2020-11-05,P030,HYD001,4,302,168,False,True,True,Unusually High Movement Frequency
2020-11-06,P006,PUN001,4,500,256,False,True,True,Unusually High Movement Frequency
2020-11-07,P006,KOL001,4,319,132,False,True,True,Unusually High Movement Frequency
2020-11-08,P001,KOL001,4,885,295,True,True,True,High Volume and High Frequency
2020-11-08,P010,KOL001,5,1145,297,True,True,True,High Volume and High Frequency
2020-11-08,P014,KOL001,5,1072,297,True,True,True,High Volume and High Frequency
2020-11-08,P022,KOL001,3,724,298,True,False,True,Unusual Daily Movement Volume
2020-11-08,P029,KOL001,3,588,242,True,False,True,Unusual Daily Movement Volume
2020-11-09,P001,AHM001,4,215,138,False,True,True,Unusually High Movement Frequency
2020-11-09,P020,KOL001,5,64,19,False,True,True,Unusually High Movement Frequency
2020-11-10,P001,PUN001,3,554,298,True,False,True,Unusual Daily Movement Volume
2020-11-10,P015,AHM001,2,553,284,True,False,True,Unusual Daily Movement Volume
2020-11-10,P023,KOL001,4,694,257,True,True,True,High Volume and High Frequency
2020-11-11,P012,AHM001,2,534,290,True,False,True,Unusual Daily Movement Volume
2020-11-13,P004,KOL001,4,163,120,False,True,True,Unusually High Movement Frequency
2020-11-13,P022,CHN001,4,416,197,False,True,True,Unusually High Movement Frequency
2020-11-15,P023,AHM001,4,370,166,False,True,True,Unusually High Movement Frequency
2020-11-15,P025,AHM001,4,884,285,True,True,True,High Volume and High Frequency
2020-11-15,P026,AHM001,3,619,293,True,False,True,Unusual Daily Movement Volume
2020-11-15,P029,AHM001,3,624,282,True,False,True,Unusual Daily Movement Volume
2020-11-16,P002,PUN001,6,1098,298,True,True,True,High Volume and High Frequency
2020-11-16,P006,PUN001,4,771,287,True,True,True,High Volume and High Frequency
2020-11-16,P014,PUN001,4,422,229,False,True,True,Unusually High Movement Frequency
2020-11-16,P021,PUN001,3,659,293,True,False,True,Unusual Daily Movement Volume
2020-11-16,P023,PUN001,4,300,207,False,True,True,Unusually High Movement Frequency
2020-11-16,P024,PUN001,4,348,191,False,True,True,Unusually High Movement Frequency
2020-11-16,P028,PUN001,6,114,63,False,True,True,Unusually High Movement Frequency
2020-11-19,P013,DEL001,2,567,298,True,False,True,Unusual Daily Movement Volume
2020-11-19,P026,KOL001,4,225,200,False,True,True,Unusually High Movement Frequency
2020-11-20,P003,CHN001,6,241,181,False,True,True,Unusually High Movement Frequency
2020-11-20,P003,KOL001,4,37,15,False,True,True,Unusually High Movement Frequency
2020-11-20,P011,AHM001,3,668,293,True,False,True,Unusual Daily Movement Volume
2020-11-20,P013,KOL001,5,278,149,False,True,True,Unusually High Movement Frequency
2020-11-20,P029,CHN001,4,281,224,False,True,True,Unusually High Movement Frequency
2020-11-21,P017,CHN001,4,305,186,False,True,True,Unusually High Movement Frequency
2020-11-21,P022,CHN001,5,506,258,False,True,True,Unusually High Movement Frequency
2020-11-22,P005,HYD001,4,760,260,True,True,True,High Volume and High Frequency
2020-11-22,P006,HYD001,6,975,283,True,True,True,High Volume and High Frequency
2020-11-22,P008,DEL001,4,43,17,False,True,True,Unusually High Movement Frequency
2020-11-22,P009,AHM001,5,210,118,False,True,True,Unusually High Movement Frequency
2020-11-22,P012,HYD001,4,83,40,False,True,True,Unusually High Movement Frequency
2020-11-22,P013,HYD001,5,293,235,False,True,True,Unusually High Movement Frequency
2020-11-22,P019,CHN001,5,314,279,False,True,True,Unusually High Movement Frequency
2020-11-22,P021,HYD001,5,386,297,False,True,True,Unusually High Movement Frequency
2020-11-22,P025,HYD001,4,104,67,False,True,True,Unusually High Movement Frequency
2020-11-23,P012,PUN001,5,433,279,False,True,True,Unusually High Movement Frequency
2020-11-23,P019,PUN001,4,621,289,True,True,True,High Volume and High Frequency
2020-11-23,P029,PUN001,5,603,235,True,True,True,High Volume and High Frequency
2020-11-24,P018,PUN001,2,538,275,True,False,True,Unusual Daily Movement Volume
2020-11-24,P030,PUN001,4,535,241,True,True,True,High Volume and High Frequency
2020-11-25,P001,DEL001,4,388,204,False,True,True,Unusually High Movement Frequency
2020-11-25,P024,HYD001,2,544,290,True,False,True,Unusual Daily Movement Volume
2020-11-26,P015,AHM001,4,579,243,True,True,True,High Volume and High Frequency
2020-11-26,P018,CHN001,4,41,18,False,True,True,Unusually High Movement Frequency
2020-11-26,P023,AHM001,4,688,278,True,True,True,High Volume and High Frequency
2020-11-26,P030,DEL001,4,828,293,True,True,True,High Volume and High Frequency
2020-11-27,P005,DEL001,4,605,277,True,True,True,High Volume and High Frequency
2020-11-27,P014,DEL001,5,518,257,False,True,True,Unusually High Movement Frequency
2020-11-27,P017,DEL001,3,686,293,True,False,True,Unusual Daily Movement Volume
2020-11-27,P024,DEL001,4,433,296,False,True,True,Unusually High Movement Frequency
2020-11-27,P025,DEL001,4,486,299,False,True,True,Unusually High Movement Frequency
2020-11-27,P026,AHM001,4,190,152,False,True,True,Unusually High Movement Frequency
2020-11-28,P006,HYD001,4,631,217,True,True,True,High Volume and High Frequency
2020-11-29,P012,CHN001,3,534,287,True,False,True,Unusual Daily Movement Volume
2020-11-30,P007,DEL001,5,663,288,True,True,True,High Volume and High Frequency
2020-11-30,P008,DEL001,6,1007,251,True,True,True,High Volume and High Frequency
2020-11-30,P017,HYD001,4,110,49,False,True,True,Unusually High Movement Frequency
2020-11-30,P018,DEL001,4,428,143,False,True,True,Unusually High Movement Frequency
2020-11-30,P019,CHN001,3,718,261,True,False,True,Unusual Daily Movement Volume
2020-11-30,P020,CHN001,4,766,278,True,True,True,High Volume and High Frequency
2020-11-30,P023,DEL001,4,348,229,False,True,True,Unusually High Movement Frequency
2020-11-30,P025,DEL001,3,598,240,True,False,True,Unusual Daily Movement Volume
2020-12-01,P005,HYD001,4,137,89,False,True,True,Unusually High Movement Frequency
2020-12-01,P006,HYD001,4,385,125,False,True,True,Unusually High Movement Frequency
2020-12-01,P007,HYD001,4,200,71,False,True,True,Unusually High Movement Frequency
2020-12-01,P011,HYD001,3,543,275,True,False,True,Unusual Daily Movement Volume
2020-12-01,P013,HYD001,3,627,287,True,False,True,Unusual Daily Movement Volume
2020-12-01,P020,AHM001,4,717,274,True,True,True,High Volume and High Frequency
2020-12-01,P021,HYD001,4,372,190,False,True,True,Unusually High Movement Frequency
2020-12-01,P023,HYD001,4,275,124,False,True,True,Unusually High Movement Frequency
2020-12-01,P024,HYD001,3,744,289,True,False,True,Unusual Daily Movement Volume
2020-12-01,P028,AHM001,4,333,223,False,True,True,Unusually High Movement Frequency
2020-12-02,P001,KOL001,5,367,195,False,True,True,Unusually High Movement Frequency
2020-12-02,P023,HYD001,5,472,144,False,True,True,Unusually High Movement Frequency
2020-12-03,P020,HYD001,5,67,20,False,True,True,Unusually High Movement Frequency
2020-12-04,P003,KOL001,2,537,269,True,False,True,Unusual Daily Movement Volume
2020-12-04,P009,KOL001,4,292,159,False,True,True,Unusually High Movement Frequency
2020-12-04,P010,KOL001,4,317,283,False,True,True,Unusually High Movement Frequency
2020-12-04,P012,CHN001,3,551,271,True,False,True,Unusual Daily Movement Volume
2020-12-04,P018,KOL001,3,544,283,True,False,True,Unusual Daily Movement Volume
2020-12-04,P020,KOL001,4,645,260,True,True,True,High Volume and High Frequency
2020-12-04,P026,KOL001,5,343,266,False,True,True,Unusually High Movement Frequency
2020-12-04,P029,KOL001,4,495,251,False,True,True,Unusually High Movement Frequency
2020-12-05,P002,AHM001,3,553,289,True,False,True,Unusual Daily Movement Volume
2020-12-06,P005,DEL001,4,265,187,False,True,True,Unusually High Movement Frequency
2020-12-06,P017,AHM001,3,544,243,True,False,True,Unusual Daily Movement Volume
2020-12-06,P017,CHN001,2,542,297,True,False,True,Unusual Daily Movement Volume
2020-12-07,P013,CHN001,3,586,291,True,False,True,Unusual Daily Movement Volume
2020-12-07,P014,KOL001,3,593,210,True,False,True,Unusual Daily Movement Volume
2020-12-08,P006,KOL001,4,145,106,False,True,True,Unusually High Movement Frequency
2020-12-08,P022,KOL001,4,28,17,False,True,True,Unusually High Movement Frequency
2020-12-09,P007,CHN001,4,67,19,False,True,True,Unusually High Movement Frequency
2020-12-09,P014,HYD001,4,812,287,True,True,True,High Volume and High Frequency
2020-12-09,P014,PUN001,5,330,274,False,True,True,Unusually High Movement Frequency
2020-12-09,P019,PUN001,5,40,18,False,True,True,Unusually High Movement Frequency
2020-12-09,P022,PUN001,4,42,19,False,True,True,Unusually High Movement Frequency
2020-12-10,P009,DEL001,4,727,290,True,True,True,High Volume and High Frequency
2020-12-10,P011,DEL001,5,821,287,True,True,True,High Volume and High Frequency
2020-12-10,P014,HYD001,4,284,200,False,True,True,Unusually High Movement Frequency
2020-12-10,P016,DEL001,5,722,292,True,True,True,High Volume and High Frequency
2020-12-10,P028,DEL001,3,534,255,True,False,True,Unusual Daily Movement Volume
2020-12-11,P019,CHN001,4,50,18,False,True,True,Unusually High Movement Frequency
2020-12-13,P006,PUN001,4,270,225,False,True,True,Unusually High Movement Frequency
2020-12-13,P024,PUN001,4,610,280,True,True,True,High Volume and High Frequency
2020-12-13,P026,PUN001,4,247,223,False,True,True,Unusually High Movement Frequency
2020-12-14,P028,AHM001,6,582,236,True,True,True,High Volume and High Frequency
2020-12-15,P004,PUN001,2,553,290,True,False,True,Unusual Daily Movement Volume
2020-12-15,P005,HYD001,4,558,257,True,True,True,High Volume and High Frequency
2020-12-15,P010,CHN001,4,49,14,False,True,True,Unusually High Movement Frequency
2020-12-15,P023,CHN001,4,24,9,False,True,True,Unusually High Movement Frequency
2020-12-16,P008,AHM001,4,34,13,False,True,True,Unusually High Movement Frequency
2020-12-16,P014,CHN001,5,820,271,True,True,True,High Volume and High Frequency
2020-12-17,P011,KOL001,4,721,285,True,True,True,High Volume and High Frequency
2020-12-18,P002,AHM001,5,509,212,False,True,True,Unusually High Movement Frequency
2020-12-18,P004,KOL001,4,222,192,False,True,True,Unusually High Movement Frequency
2020-12-18,P005,PUN001,4,630,257,True,True,True,High Volume and High Frequency
2020-12-18,P006,AHM001,7,473,257,False,True,True,Unusually High Movement Frequency
2020-12-18,P009,DEL001,2,562,295,True,False,True,Unusual Daily Movement Volume
2020-12-20,P008,CHN001,4,906,290,True,True,True,High Volume and High Frequency
2020-12-22,P002,PUN001,4,688,239,True,True,True,High Volume and High Frequency
2020-12-22,P004,AHM001,3,545,267,True,False,True,Unusual Daily Movement Volume
2020-12-23,P010,HYD001,2,535,299,True,False,True,Unusual Daily Movement Volume
2020-12-23,P030,PUN001,4,662,264,True,True,True,High Volume and High Frequency
2020-12-24,P004,PUN001,5,431,211,False,True,True,Unusually High Movement Frequency
2020-12-25,P005,AHM001,4,507,283,False,True,True,Unusually High Movement Frequency
2020-12-25,P016,AHM001,4,530,245,False,True,True,Unusually High Movement Frequency
2020-12-25,P017,PUN001,5,631,292,True,True,True,High Volume and High Frequency
2020-12-26,P030,AHM001,4,278,200,False,True,True,Unusually High Movement Frequency
2020-12-27,P011,HYD001,3,565,209,True,False,True,Unusual Daily Movement Volume
2020-12-27,P015,KOL001,4,284,235,False,True,True,Unusually High Movement Frequency
2020-12-27,P023,KOL001,4,326,177,False,True,True,Unusually High Movement Frequency
2020-12-27,P027,HYD001,4,634,245,True,True,True,High Volume and High Frequency
2020-12-28,P002,AHM001,3,548,292,True,False,True,Unusual Daily Movement Volume
2020-12-28,P026,KOL001,4,589,300,True,True,True,High Volume and High Frequency
2020-12-30,P011,DEL001,4,577,292,True,True,True,High Volume and High Frequency
2020-12-31,P026,AHM001,4,446,300,False,True,True,Unusually High Movement Frequency
2021-01-01,P003,KOL001,2,565,294,True,False,True,Unusual Daily Movement Volume
2021-01-01,P012,HYD001,3,631,298,True,False,True,Unusual Daily Movement Volume
2021-01-01,P015,AHM001,7,994,250,True,True,True,High Volume and High Frequency
2021-01-01,P021,AHM001,4,551,294,True,True,True,High Volume and High Frequency
2021-01-03,P009,HYD001,4,355,226,False,True,True,Unusually High Movement Frequency
2021-01-03,P030,KOL001,2,551,295,True,False,True,Unusual Daily Movement Volume
2021-01-04,P003,PUN001,4,386,197,False,True,True,Unusually High Movement Frequency
2021-01-04,P005,AHM001,3,630,294,True,False,True,Unusual Daily Movement Volume
2021-01-06,P014,AHM001,3,573,228,True,False,True,Unusual Daily Movement Volume
2021-01-07,P009,DEL001,5,732,287,True,True,True,High Volume and High Frequency
2021-01-07,P011,DEL001,4,754,293,True,True,True,High Volume and High Frequency
2021-01-07,P021,PUN001,2,558,298,True,False,True,Unusual Daily Movement Volume
2021-01-08,P001,KOL001,4,374,257,False,True,True,Unusually High Movement Frequency
2021-01-08,P004,KOL001,3,561,295,True,False,True,Unusual Daily Movement Volume
2021-01-08,P010,KOL001,5,328,144,False,True,True,Unusually High Movement Frequency
2021-01-08,P017,KOL001,4,633,218,True,True,True,High Volume and High Frequency
2021-01-08,P019,AHM001,4,252,191,False,True,True,Unusually High Movement Frequency
2021-01-08,P023,KOL001,3,595,276,True,False,True,Unusual Daily Movement Volume
2021-01-08,P025,AHM001,4,112,75,False,True,True,Unusually High Movement Frequency
2021-01-08,P027,AHM001,4,484,293,False,True,True,Unusually High Movement Frequency
2021-01-08,P028,DEL001,4,384,205,False,True,True,Unusually High Movement Frequency
2021-01-08,P029,AHM001,4,548,265,True,True,True,High Volume and High Frequency
2021-01-08,P030,KOL001,2,588,298,True,False,True,Unusual Daily Movement Volume
2021-01-09,P001,HYD001,2,556,289,True,False,True,Unusual Daily Movement Volume
2021-01-09,P003,HYD001,4,726,300,True,True,True,High Volume and High Frequency
2021-01-09,P004,HYD001,3,690,293,True,False,True,Unusual Daily Movement Volume
2021-01-09,P009,HYD001,3,573,286,True,False,True,Unusual Daily Movement Volume
2021-01-09,P012,KOL001,6,155,110,False,True,True,Unusually High Movement Frequency
2021-01-09,P013,DEL001,2,598,300,True,False,True,Unusual Daily Movement Volume
2021-01-09,P018,KOL001,4,152,116,False,True,True,Unusually High Movement Frequency
2021-01-09,P019,KOL001,4,126,104,False,True,True,Unusually High Movement Frequency
2021-01-09,P020,KOL001,4,47,20,False,True,True,Unusually High Movement Frequency
2021-01-09,P021,HYD001,4,473,238,False,True,True,Unusually High Movement Frequency
2021-01-09,P028,HYD001,3,556,300,True,False,True,Unusual Daily Movement Volume
2021-01-09,P029,HYD001,3,668,292,True,False,True,Unusual Daily Movement Volume
2021-01-10,P006,PUN001,4,100,81,False,True,True,Unusually High Movement Frequency
2021-01-10,P010,KOL001,4,576,268,True,True,True,High Volume and High Frequency
2021-01-10,P026,KOL001,4,25,13,False,True,True,Unusually High Movement Frequency
2021-01-10,P027,KOL001,4,436,266,False,True,True,Unusually High Movement Frequency
2021-01-11,P001,KOL001,4,656,272,True,True,True,High Volume and High Frequency
2021-01-11,P030,CHN001,4,500,253,False,True,True,Unusually High Movement Frequency
2021-01-12,P003,CHN001,5,42,22,False,True,True,Unusually High Movement Frequency
2021-01-12,P004,DEL001,4,782,268,True,True,True,High Volume and High Frequency
2021-01-13,P006,CHN001,4,527,297,False,True,True,Unusually High Movement Frequency
2021-01-14,P006,DEL001,3,574,278,True,False,True,Unusual Daily Movement Volume
2021-01-14,P024,AHM001,4,940,297,True,True,True,High Volume and High Frequency
2021-01-15,P003,CHN001,4,486,232,False,True,True,Unusually High Movement Frequency
2021-01-15,P018,CHN001,3,548,285,True,False,True,Unusual Daily Movement Volume
2021-01-15,P023,CHN001,3,602,271,True,False,True,Unusual Daily Movement Volume
2021-01-16,P005,AHM001,4,470,229,False,True,True,Unusually High Movement Frequency
2021-01-17,P004,DEL001,4,176,151,False,True,True,Unusually High Movement Frequency
2021-01-17,P011,KOL001,4,178,94,False,True,True,Unusually High Movement Frequency
2021-01-17,P016,HYD001,3,541,187,True,False,True,Unusual Daily Movement Volume
2021-01-18,P005,PUN001,4,394,208,False,True,True,Unusually High Movement Frequency
2021-01-18,P006,PUN001,3,583,251,True,False,True,Unusual Daily Movement Volume
2021-01-18,P007,AHM001,4,569,268,True,True,True,High Volume and High Frequency
2021-01-18,P008,PUN001,4,987,300,True,True,True,High Volume and High Frequency
2021-01-18,P013,PUN001,4,268,241,False,True,True,Unusually High Movement Frequency
2021-01-18,P018,KOL001,4,296,257,False,True,True,Unusually High Movement Frequency
2021-01-18,P019,PUN001,5,579,209,True,True,True,High Volume and High Frequency
2021-01-18,P025,PUN001,6,676,226,True,True,True,High Volume and High Frequency
2021-01-18,P030,HYD001,4,228,199,False,True,True,Unusually High Movement Frequency
2021-01-20,P004,AHM001,3,563,272,True,False,True,Unusual Daily Movement Volume
2021-01-20,P005,AHM001,2,534,299,True,False,True,Unusual Daily Movement Volume
2021-01-20,P013,CHN001,3,656,300,True,False,True,Unusual Daily Movement Volume
2021-01-21,P010,PUN001,3,625,244,True,False,True,Unusual Daily Movement Volume
2021-01-21,P011,AHM001,3,580,279,True,False,True,Unusual Daily Movement Volume
2021-01-21,P018,PUN001,4,724,218,True,True,True,High Volume and High Frequency
2021-01-21,P021,AHM001,3,553,236,True,False,True,Unusual Daily Movement Volume
2021-01-21,P030,AHM001,4,699,260,True,True,True,High Volume and High Frequency
2021-01-23,P007,HYD001,4,214,183,False,True,True,Unusually High Movement Frequency
2021-01-24,P002,AHM001,4,649,232,True,True,True,High Volume and High Frequency
2021-01-24,P004,AHM001,4,362,222,False,True,True,Unusually High Movement Frequency
2021-01-24,P005,HYD001,2,563,288,True,False,True,Unusual Daily Movement Volume
2021-01-24,P010,AHM001,4,600,296,True,True,True,High Volume and High Frequency
2021-01-24,P013,AHM001,4,396,206,False,True,True,Unusually High Movement Frequency
2021-01-24,P019,AHM001,3,701,292,True,False,True,Unusual Daily Movement Volume
2021-01-24,P028,AHM001,5,416,297,False,True,True,Unusually High Movement Frequency
2021-01-25,P029,AHM001,4,432,229,False,True,True,Unusually High Movement Frequency
2021-01-27,P022,CHN001,4,313,263,False,True,True,Unusually High Movement Frequency
2021-01-28,P013,AHM001,3,635,296,True,False,True,Unusual Daily Movement Volume
2021-01-28,P020,DEL001,3,790,276,True,False,True,Unusual Daily Movement Volume
2021-01-28,P021,HYD001,2,531,279,True,False,True,Unusual Daily Movement Volume
2021-01-30,P002,HYD001,2,542,295,True,False,True,Unusual Daily Movement Volume
2021-01-31,P018,HYD001,4,577,300,True,True,True,High Volume and High Frequency
2021-01-31,P023,AHM001,4,318,152,False,True,True,Unusually High Movement Frequency
2021-01-31,P025,HYD001,4,420,190,False,True,True,Unusually High Movement Frequency
2021-02-01,P018,KOL001,4,306,254,False,True,True,Unusually High Movement Frequency
2021-02-01,P019,KOL001,4,187,155,False,True,True,Unusually High Movement Frequency
2021-02-01,P028,KOL001,4,462,290,False,True,True,Unusually High Movement Frequency
2021-02-02,P005,KOL001,4,499,261,False,True,True,Unusually High Movement Frequency
2021-02-02,P007,KOL001,4,513,250,False,True,True,Unusually High Movement Frequency
2021-02-02,P010,HYD001,4,511,233,False,True,True,Unusually High Movement Frequency
2021-02-02,P019,KOL001,4,725,241,True,True,True,High Volume and High Frequency
2021-02-02,P021,AHM001,3,585,231,True,False,True,Unusual Daily Movement Volume
2021-02-02,P025,AHM001,3,559,282,True,False,True,Unusual Daily Movement Volume
2021-02-02,P030,KOL001,4,227,145,False,True,True,Unusually High Movement Frequency
2021-02-03,P007,PUN001,4,983,285,True,True,True,High Volume and High Frequency
2021-02-03,P012,DEL001,2,538,292,True,False,True,Unusual Daily Movement Volume
2021-02-03,P018,PUN001,4,739,298,True,True,True,High Volume and High Frequency
2021-02-03,P019,AHM001,4,32,15,False,True,True,Unusually High Movement Frequency
2021-02-03,P021,PUN001,6,791,231,True,True,True,High Volume and High Frequency
2021-02-04,P002,AHM001,4,215,159,False,True,True,Unusually High Movement Frequency
2021-02-04,P003,CHN001,4,544,258,True,True,True,High Volume and High Frequency
2021-02-05,P013,HYD001,2,580,293,True,False,True,Unusual Daily Movement Volume
2021-02-05,P028,HYD001,3,655,276,True,False,True,Unusual Daily Movement Volume
2021-02-06,P010,DEL001,4,412,263,False,True,True,Unusually High Movement Frequency
2021-02-06,P016,CHN001,6,526,158,False,True,True,Unusually High Movement Frequency
2021-02-07,P004,CHN001,4,327,290,False,True,True,Unusually High Movement Frequency
2021-02-07,P006,CHN001,4,268,220,False,True,True,Unusually High Movement Frequency
2021-02-07,P007,CHN001,4,147,122,False,True,True,Unusually High Movement Frequency
2021-02-07,P029,CHN001,4,66,19,False,True,True,Unusually High Movement Frequency
2021-02-08,P019,CHN001,4,36,13,False,True,True,Unusually High Movement Frequency
2021-02-08,P020,CHN001,4,385,212,False,True,True,Unusually High Movement Frequency
2021-02-09,P001,KOL001,4,619,258,True,True,True,High Volume and High Frequency
2021-02-09,P005,KOL001,6,163,71,False,True,True,Unusually High Movement Frequency
2021-02-09,P024,KOL001,4,453,257,False,True,True,Unusually High Movement Frequency
2021-02-10,P007,AHM001,6,389,253,False,True,True,Unusually High Movement Frequency
2021-02-10,P012,CHN001,4,409,229,False,True,True,Unusually High Movement Frequency
2021-02-10,P017,KOL001,3,617,249,True,False,True,Unusual Daily Movement Volume
2021-02-10,P022,KOL001,4,545,205,True,True,True,High Volume and High Frequency
2021-02-10,P026,KOL001,4,139,83,False,True,True,Unusually High Movement Frequency
2021-02-10,P030,HYD001,2,587,298,True,False,True,Unusual Daily Movement Volume
2021-02-11,P007,HYD001,2,572,292,True,False,True,Unusual Daily Movement Volume
2021-02-11,P019,KOL001,3,759,277,True,False,True,Unusual Daily Movement Volume
2021-02-12,P017,CHN001,2,557,295,True,False,True,Unusual Daily Movement Volume
2021-02-12,P019,PUN001,4,671,261,True,True,True,High Volume and High Frequency
2021-02-12,P023,CHN001,3,691,297,True,False,True,Unusual Daily Movement Volume
2021-02-12,P027,PUN001,4,782,252,True,True,True,High Volume and High Frequency
2021-02-14,P004,HYD001,3,692,277,True,False,True,Unusual Daily Movement Volume
2021-02-14,P010,HYD001,3,542,255,True,False,True,Unusual Daily Movement Volume
2021-02-14,P014,HYD001,3,640,249,True,False,True,Unusual Daily Movement Volume
2021-02-15,P013,HYD001,3,648,244,True,False,True,Unusual Daily Movement Volume
2021-02-15,P014,KOL001,4,235,108,False,True,True,Unusually High Movement Frequency
2021-02-16,P012,PUN001,3,834,289,True,False,True,Unusual Daily Movement Volume
2021-02-17,P008,HYD001,5,285,169,False,True,True,Unusually High Movement Frequency
2021-02-18,P008,DEL001,4,330,294,False,True,True,Unusually High Movement Frequency
2021-02-18,P009,AHM001,3,779,274,True,False,True,Unusual Daily Movement Volume
2021-02-18,P013,KOL001,4,574,281,True,True,True,High Volume and High Frequency
2021-02-18,P019,PUN001,2,579,292,True,False,True,Unusual Daily Movement Volume
2021-02-18,P021,DEL001,4,285,238,False,True,True,Unusually High Movement Frequency
2021-02-19,P019,AHM001,4,125,81,False,True,True,Unusually High Movement Frequency
2021-02-19,P019,PUN001,6,65,16,False,True,True,Unusually High Movement Frequency
2021-02-21,P009,KOL001,4,29,8,False,True,True,Unusually High Movement Frequency
2021-02-21,P015,AHM001,3,670,297,True,False,True,Unusual Daily Movement Volume
2021-02-21,P019,CHN001,4,281,156,False,True,True,Unusually High Movement Frequency
2021-02-21,P028,CHN001,4,468,279,False,True,True,Unusually High Movement Frequency
2021-02-22,P010,HYD001,4,615,288,True,True,True,High Volume and High Frequency
2021-02-22,P021,HYD001,4,449,232,False,True,True,Unusually High Movement Frequency
2021-02-23,P025,PUN001,3,801,288,True,False,True,Unusual Daily Movement Volume
2021-02-24,P007,HYD001,4,491,209,False,True,True,Unusually High Movement Frequency
2021-02-25,P005,PUN001,7,752,191,True,True,True,High Volume and High Frequency
2021-02-25,P012,CHN001,3,621,279,True,False,True,Unusual Daily Movement Volume
2021-02-25,P019,HYD001,4,712,250,True,True,True,High Volume and High Frequency
2021-02-26,P004,CHN001,5,432,270,False,True,True,Unusually High Movement Frequency
2021-02-26,P012,CHN001,5,103,43,False,True,True,Unusually High Movement Frequency
2021-02-26,P022,CHN001,4,456,293,False,True,True,Unusually High Movement Frequency
2021-02-26,P023,CHN001,4,293,174,False,True,True,Unusually High Movement Frequency
2021-02-26,P025,HYD001,4,51,28,False,True,True,Unusually High Movement Frequency
2021-02-27,P002,CHN001,2,533,287,True,False,True,Unusual Daily Movement Volume
2021-02-27,P014,AHM001,4,150,119,False,True,True,Unusually High Movement Frequency
2021-02-28,P015,PUN001,2,540,300,True,False,True,Unusual Daily Movement Volume
2021-02-28,P022,PUN001,4,549,250,True,True,True,High Volume and High Frequency
2021-03-04,P030,PUN001,4,700,241,True,True,True,High Volume and High Frequency
2021-03-05,P006,AHM001,3,666,294,True,False,True,Unusual Daily Movement Volume
2021-03-05,P007,AHM001,3,589,283,True,False,True,Unusual Daily Movement Volume
2021-03-05,P020,PUN001,4,452,201,False,True,True,Unusually High Movement Frequency
2021-03-05,P023,CHN001,2,551,299,True,False,True,Unusual Daily Movement Volume
2021-03-05,P024,KOL001,4,69,20,False,True,True,Unusually High Movement Frequency
2021-03-05,P028,PUN001,3,781,273,True,False,True,Unusual Daily Movement Volume
2021-03-06,P009,CHN001,5,373,137,False,True,True,Unusually High Movement Frequency
2021-03-06,P026,CHN001,4,102,81,False,True,True,Unusually High Movement Frequency
2021-03-07,P019,DEL001,3,550,274,True,False,True,Unusual Daily Movement Volume
2021-03-08,P030,KOL001,2,533,289,True,False,True,Unusual Daily Movement Volume
2021-03-09,P013,DEL001,3,589,273,True,False,True,Unusual Daily Movement Volume
2021-03-10,P014,CHN001,3,838,294,True,False,True,Unusual Daily Movement Volume
2021-03-11,P020,AHM001,3,571,239,True,False,True,Unusual Daily Movement Volume
2021-03-12,P002,HYD001,3,533,279,True,False,True,Unusual Daily Movement Volume
2021-03-12,P003,DEL001,3,551,219,True,False,True,Unusual Daily Movement Volume
2021-03-12,P015,KOL001,4,605,258,True,True,True,High Volume and High Frequency
2021-03-13,P005,AHM001,4,261,180,False,True,True,Unusually High Movement Frequency
2021-03-13,P006,HYD001,4,759,286,True,True,True,High Volume and High Frequency
2021-03-13,P011,DEL001,4,142,103,False,True,True,Unusually High Movement Frequency
2021-03-14,P005,PUN001,4,483,223,False,True,True,Unusually High Movement Frequency
2021-03-15,P007,DEL001,3,587,289,True,False,True,Unusual Daily Movement Volume
2021-03-15,P010,KOL001,4,28,12,False,True,True,Unusually High Movement Frequency
2021-03-16,P006,AHM001,2,559,293,True,False,True,Unusual Daily Movement Volume
2021-03-16,P007,AHM001,6,338,289,False,True,True,Unusually High Movement Frequency
2021-03-16,P013,AHM001,4,43,18,False,True,True,Unusually High Movement Frequency
2021-03-16,P014,AHM001,4,317,290,False,True,True,Unusually High Movement Frequency
2021-03-16,P016,AHM001,6,378,290,False,True,True,Unusually High Movement Frequency
2021-03-16,P020,AHM001,4,257,118,False,True,True,Unusually High Movement Frequency
2021-03-16,P022,AHM001,5,183,121,False,True,True,Unusually High Movement Frequency
2021-03-16,P026,AHM001,5,58,19,False,True,True,Unusually High Movement Frequency
2021-03-16,P029,AHM001,5,92,26,False,True,True,Unusually High Movement Frequency
2021-03-17,P008,AHM001,5,348,245,False,True,True,Unusually High Movement Frequency
2021-03-17,P010,HYD001,3,573,278,True,False,True,Unusual Daily Movement Volume
2021-03-17,P014,AHM001,4,44,16,False,True,True,Unusually High Movement Frequency
2021-03-17,P015,AHM001,4,742,273,True,True,True,High Volume and High Frequency
2021-03-17,P016,AHM001,4,38,17,False,True,True,Unusually High Movement Frequency
2021-03-17,P019,KOL001,3,596,255,True,False,True,Unusual Daily Movement Volume
2021-03-17,P026,HYD001,3,533,289,True,False,True,Unusual Daily Movement Volume
2021-03-18,P024,KOL001,4,580,266,True,True,True,High Volume and High Frequency
2021-03-18,P028,PUN001,3,541,291,True,False,True,Unusual Daily Movement Volume
2021-03-19,P002,AHM001,4,551,287,True,True,True,High Volume and High Frequency
2021-03-20,P029,HYD001,2,556,287,True,False,True,Unusual Daily Movement Volume
2021-03-21,P004,PUN001,4,164,63,False,True,True,Unusually High Movement Frequency
2021-03-21,P016,PUN001,3,673,275,True,False,True,Unusual Daily Movement Volume
2021-03-21,P026,PUN001,4,701,246,True,True,True,High Volume and High Frequency
2021-03-22,P025,KOL001,4,63,19,False,True,True,Unusually High Movement Frequency
2021-03-23,P016,PUN001,2,546,296,True,False,True,Unusual Daily Movement Volume
2021-03-23,P023,PUN001,6,1197,231,True,True,True,High Volume and High Frequency
2021-03-23,P027,PUN001,3,581,258,True,False,True,Unusual Daily Movement Volume
2021-03-25,P007,HYD001,3,562,297,True,False,True,Unusual Daily Movement Volume
2021-03-25,P008,HYD001,3,585,295,True,False,True,Unusual Daily Movement Volume
2021-03-26,P012,DEL001,3,561,225,True,False,True,Unusual Daily Movement Volume
2021-03-26,P012,KOL001,3,639,243,True,False,True,Unusual Daily Movement Volume
2021-03-26,P015,DEL001,4,437,240,False,True,True,Unusually High Movement Frequency
2021-03-26,P024,KOL001,4,650,236,True,True,True,High Volume and High Frequency
2021-03-26,P026,KOL001,3,556,196,True,False,True,Unusual Daily Movement Volume
2021-03-27,P003,HYD001,4,473,275,False,True,True,Unusually High Movement Frequency
2021-03-27,P019,CHN001,4,59,18,False,True,True,Unusually High Movement Frequency
2021-03-27,P020,HYD001,2,551,286,True,False,True,Unusual Daily Movement Volume
2021-03-28,P025,CHN001,4,39,17,False,True,True,Unusually High Movement Frequency
2021-03-29,P005,CHN001,5,472,282,False,True,True,Unusually High Movement Frequency
2021-03-29,P008,CHN001,4,418,218,False,True,True,Unusually High Movement Frequency
2021-03-30,P014,PUN001,4,535,281,True,True,True,High Volume and High Frequency
2021-03-31,P001,KOL001,3,551,285,True,False,True,Unusual Daily Movement Volume
2021-03-31,P009,KOL001,4,748,249,True,True,True,High Volume and High Frequency
2021-04-02,P003,HYD001,3,608,279,True,False,True,Unusual Daily Movement Volume
2021-04-02,P010,HYD001,4,808,286,True,True,True,High Volume and High Frequency
2021-04-02,P023,CHN001,4,103,92,False,True,True,Unusually High Movement Frequency
2021-04-02,P027,HYD001,2,569,291,True,False,True,Unusual Daily Movement Volume
2021-04-05,P002,CHN001,4,30,20,False,True,True,Unusually High Movement Frequency
2021-04-05,P012,AHM001,6,339,283,False,True,True,Unusually High Movement Frequency
2021-04-07,P002,CHN001,4,375,217,False,True,True,Unusually High Movement Frequency
2021-04-07,P004,DEL001,5,874,243,True,True,True,High Volume and High Frequency
2021-04-07,P005,HYD001,2,537,269,True,False,True,Unusual Daily Movement Volume
2021-04-07,P022,CHN001,4,385,245,False,True,True,Unusually High Movement Frequency
2021-04-07,P027,CHN001,6,769,217,True,True,True,High Volume and High Frequency
2021-04-09,P009,PUN001,4,425,220,False,True,True,Unusually High Movement Frequency
2021-04-10,P009,AHM001,2,566,284,True,False,True,Unusual Daily Movement Volume
2021-04-10,P011,PUN001,3,537,263,True,False,True,Unusual Daily Movement Volume
2021-04-11,P004,CHN001,4,55,20,False,True,True,Unusually High Movement Frequency
2021-04-11,P010,PUN001,3,575,235,True,False,True,Unusual Daily Movement Volume
2021-04-12,P002,HYD001,4,39,16,False,True,True,Unusually High Movement Frequency
2021-04-12,P008,CHN001,4,158,71,False,True,True,Unusually High Movement Frequency
2021-04-12,P010,CHN001,3,605,269,True,False,True,Unusual Daily Movement Volume
2021-04-12,P017,CHN001,5,164,116,False,True,True,Unusually High Movement Frequency
2021-04-13,P005,PUN001,3,536,281,True,False,True,Unusual Daily Movement Volume
2021-04-13,P010,PUN001,2,537,298,True,False,True,Unusual Daily Movement Volume
2021-04-13,P013,PUN001,4,769,274,True,True,True,High Volume and High Frequency
2021-04-14,P007,CHN001,3,539,212,True,False,True,Unusual Daily Movement Volume
2021-04-14,P013,CHN001,4,447,182,False,True,True,Unusually High Movement Frequency
2021-04-14,P026,AHM001,5,1096,271,True,True,True,High Volume and High Frequency
2021-04-14,P027,HYD001,2,559,284,True,False,True,Unusual Daily Movement Volume
2021-04-14,P030,PUN001,4,325,129,False,True,True,Unusually High Movement Frequency
2021-04-15,P013,DEL001,2,532,297,True,False,True,Unusual Daily Movement Volume
2021-04-15,P016,DEL001,3,605,259,True,False,True,Unusual Daily Movement Volume
2021-04-15,P019,DEL001,4,556,277,True,True,True,High Volume and High Frequency
2021-04-15,P028,DEL001,4,150,101,False,True,True,Unusually High Movement Frequency
2021-04-16,P011,PUN001,4,31,11,False,True,True,Unusually High Movement Frequency
2021-04-16,P017,AHM001,4,386,211,False,True,True,Unusually High Movement Frequency
2021-04-16,P027,DEL001,4,66,41,False,True,True,Unusually High Movement Frequency
2021-04-17,P005,PUN001,4,253,178,False,True,True,Unusually High Movement Frequency
2021-04-17,P011,KOL001,4,758,246,True,True,True,High Volume and High Frequency
2021-04-17,P014,PUN001,4,130,104,False,True,True,Unusually High Movement Frequency
2021-04-17,P020,KOL001,4,405,233,False,True,True,Unusually High Movement Frequency
2021-04-17,P027,KOL001,4,563,275,True,True,True,High Volume and High Frequency
2021-04-18,P007,AHM001,4,141,130,False,True,True,Unusually High Movement Frequency
2021-04-18,P018,PUN001,2,532,287,True,False,True,Unusual Daily Movement Volume
2021-04-18,P025,KOL001,3,711,294,True,False,True,Unusual Daily Movement Volume
2021-04-19,P011,DEL001,6,851,227,True,True,True,High Volume and High Frequency
2021-04-20,P009,PUN001,3,561,251,True,False,True,Unusual Daily Movement Volume
2021-04-20,P014,AHM001,2,563,299,True,False,True,Unusual Daily Movement Volume
2021-04-20,P022,DEL001,3,609,228,True,False,True,Unusual Daily Movement Volume
2021-04-21,P022,KOL001,4,176,72,False,True,True,Unusually High Movement Frequency
2021-04-24,P015,DEL001,4,43,18,False,True,True,Unusually High Movement Frequency
2021-04-26,P009,CHN001,4,371,289,False,True,True,Unusually High Movement Frequency
2021-04-26,P017,CHN001,5,604,280,True,True,True,High Volume and High Frequency
2021-04-26,P020,CHN001,4,539,279,True,True,True,High Volume and High Frequency
2021-04-26,P021,CHN001,4,396,160,False,True,True,Unusually High Movement Frequency
2021-04-26,P028,KOL001,4,32,14,False,True,True,Unusually High Movement Frequency
2021-04-27,P014,CHN001,4,35,19,False,True,True,Unusually High Movement Frequency
2021-04-27,P024,AHM001,4,463,209,False,True,True,Unusually High Movement Frequency
2021-04-28,P019,AHM001,4,840,280,True,True,True,High Volume and High Frequency
2021-04-29,P021,AHM001,4,232,163,False,True,True,Unusually High Movement Frequency
2021-04-30,P001,PUN001,4,254,115,False,True,True,Unusually High Movement Frequency
2021-04-30,P006,PUN001,3,623,240,True,False,True,Unusual Daily Movement Volume
2021-04-30,P015,PUN001,4,276,149,False,True,True,Unusually High Movement Frequency
2021-04-30,P022,PUN001,4,150,116,False,True,True,Unusually High Movement Frequency
2021-05-02,P015,PUN001,4,59,32,False,True,True,Unusually High Movement Frequency
2021-05-02,P028,KOL001,4,756,254,True,True,True,High Volume and High Frequency
2021-05-03,P009,HYD001,4,444,203,False,True,True,Unusually High Movement Frequency
2021-05-03,P014,KOL001,3,595,294,True,False,True,Unusual Daily Movement Volume
2021-05-03,P018,CHN001,2,560,281,True,False,True,Unusual Daily Movement Volume
2021-05-03,P018,DEL001,4,253,154,False,True,True,Unusually High Movement Frequency
2021-05-03,P023,AHM001,6,463,263,False,True,True,Unusually High Movement Frequency
2021-05-05,P010,HYD001,4,584,279,True,True,True,High Volume and High Frequency
2021-05-05,P014,CHN001,2,540,277,True,False,True,Unusual Daily Movement Volume
2021-05-05,P019,CHN001,4,424,233,False,True,True,Unusually High Movement Frequency
2021-05-06,P002,PUN001,4,272,237,False,True,True,Unusually High Movement Frequency
2021-05-06,P025,HYD001,4,562,236,True,True,True,High Volume and High Frequency
2021-05-06,P026,AHM001,4,638,211,True,True,True,High Volume and High Frequency
2021-05-07,P016,KOL001,3,671,281,True,False,True,Unusual Daily Movement Volume
2021-05-07,P030,KOL001,2,558,299,True,False,True,Unusual Daily Movement Volume
2021-05-10,P014,HYD001,5,632,260,True,True,True,High Volume and High Frequency
2021-05-11,P010,KOL001,3,736,276,True,False,True,Unusual Daily Movement Volume
2021-05-11,P012,CHN001,3,572,227,True,False,True,Unusual Daily Movement Volume
2021-05-13,P002,HYD001,3,548,248,True,False,True,Unusual Daily Movement Volume
2021-05-14,P009,CHN001,2,552,297,True,False,True,Unusual Daily Movement Volume
2021-05-15,P005,AHM001,5,634,213,True,True,True,High Volume and High Frequency
2021-05-15,P029,AHM001,3,715,272,True,False,True,Unusual Daily Movement Volume
2021-05-16,P017,AHM001,4,518,210,False,True,True,Unusually High Movement Frequency
2021-05-16,P021,AHM001,5,861,262,True,True,True,High Volume and High Frequency
2021-05-17,P002,AHM001,4,43,14,False,True,True,Unusually High Movement Frequency
2021-05-17,P004,HYD001,3,552,284,True,False,True,Unusual Daily Movement Volume
2021-05-17,P012,DEL001,6,549,289,True,True,True,High Volume and High Frequency
2021-05-17,P013,PUN001,2,563,293,True,False,True,Unusual Daily Movement Volume
2021-05-17,P018,HYD001,3,714,263,True,False,True,Unusual Daily Movement Volume
2021-05-17,P030,HYD001,3,603,284,True,False,True,Unusual Daily Movement Volume
2021-05-18,P010,DEL001,3,537,280,True,False,True,Unusual Daily Movement Volume
2021-05-18,P020,DEL001,4,212,155,False,True,True,Unusually High Movement Frequency
2021-05-18,P025,DEL001,5,405,264,False,True,True,Unusually High Movement Frequency
2021-05-18,P030,DEL001,4,378,278,False,True,True,Unusually High Movement Frequency
2021-05-19,P020,HYD001,7,349,285,False,True,True,Unusually High Movement Frequency
2021-05-20,P029,AHM001,3,664,296,True,False,True,Unusual Daily Movement Volume
2021-05-20,P029,HYD001,4,446,272,False,True,True,Unusually High Movement Frequency
2021-05-21,P001,CHN001,4,327,140,False,True,True,Unusually High Movement Frequency
2021-05-21,P010,PUN001,6,459,254,False,True,True,Unusually High Movement Frequency
2021-05-21,P012,PUN001,4,590,198,True,True,True,High Volume and High Frequency
2021-05-22,P015,CHN001,4,46,19,False,True,True,Unusually High Movement Frequency
2021-05-24,P007,HYD001,3,629,278,True,False,True,Unusual Daily Movement Volume
2021-05-24,P013,PUN001,4,218,176,False,True,True,Unusually High Movement Frequency
2021-05-26,P005,HYD001,4,64,19,False,True,True,Unusually High Movement Frequency
2021-05-27,P018,CHN001,4,501,286,False,True,True,Unusually High Movement Frequency
2021-05-28,P020,CHN001,4,493,193,False,True,True,Unusually High Movement Frequency
2021-05-28,P021,KOL001,4,561,296,True,True,True,High Volume and High Frequency
2021-05-29,P006,AHM001,5,494,254,False,True,True,Unusually High Movement Frequency
2021-05-30,P020,KOL001,3,550,263,True,False,True,Unusual Daily Movement Volume
2021-05-31,P005,HYD001,4,56,19,False,True,True,Unusually High Movement Frequency
2021-05-31,P009,KOL001,4,45,29,False,True,True,Unusually High Movement Frequency
2021-05-31,P014,CHN001,4,677,229,True,True,True,High Volume and High Frequency
2021-05-31,P015,CHN001,4,364,225,False,True,True,Unusually High Movement Frequency
2021-05-31,P024,HYD001,4,34,19,False,True,True,Unusually High Movement Frequency
2021-05-31,P025,CHN001,3,618,276,True,False,True,Unusual Daily Movement Volume
2021-06-01,P004,AHM001,4,700,232,True,True,True,High Volume and High Frequency
2021-06-01,P015,KOL001,4,51,20,False,True,True,Unusually High Movement Frequency
2021-06-02,P005,AHM001,4,216,111,False,True,True,Unusually High Movement Frequency
2021-06-02,P023,AHM001,3,587,288,True,False,True,Unusual Daily Movement Volume
2021-06-03,P012,DEL001,7,845,293,True,True,True,High Volume and High Frequency
2021-06-04,P026,HYD001,2,551,297,True,False,True,Unusual Daily Movement Volume
2021-06-07,P006,AHM001,2,537,293,True,False,True,Unusual Daily Movement Volume
2021-06-07,P006,CHN001,2,562,289,True,False,True,Unusual Daily Movement Volume
2021-06-08,P004,PUN001,3,579,299,True,False,True,Unusual Daily Movement Volume
2021-06-08,P006,PUN001,4,676,266,True,True,True,High Volume and High Frequency
2021-06-08,P011,CHN001,4,565,273,True,True,True,High Volume and High Frequency
2021-06-08,P016,DEL001,5,399,292,False,True,True,Unusually High Movement Frequency
2021-06-09,P002,DEL001,3,582,237,True,False,True,Unusual Daily Movement Volume
2021-06-09,P008,CHN001,4,44,17,False,True,True,Unusually High Movement Frequency
2021-06-09,P012,KOL001,4,59,34,False,True,True,Unusually High Movement Frequency
2021-06-10,P019,HYD001,4,202,168,False,True,True,Unusually High Movement Frequency
2021-06-10,P025,KOL001,4,723,266,True,True,True,High Volume and High Frequency
2021-06-10,P025,PUN001,3,567,293,True,False,True,Unusual Daily Movement Volume
2021-06-11,P007,DEL001,3,628,241,True,False,True,Unusual Daily Movement Volume
2021-06-11,P008,KOL001,4,40,18,False,True,True,Unusually High Movement Frequency
2021-06-11,P017,DEL001,4,230,208,False,True,True,Unusually High Movement Frequency
2021-06-11,P025,HYD001,5,246,114,False,True,True,Unusually High Movement Frequency
2021-06-11,P030,DEL001,2,565,298,True,False,True,Unusual Daily Movement Volume
2021-06-12,P006,KOL001,2,597,299,True,False,True,Unusual Daily Movement Volume
2021-06-12,P010,KOL001,5,732,296,True,True,True,High Volume and High Frequency
2021-06-12,P018,PUN001,2,549,284,True,False,True,Unusual Daily Movement Volume
2021-06-12,P020,KOL001,4,613,276,True,True,True,High Volume and High Frequency
2021-06-12,P022,PUN001,2,556,290,True,False,True,Unusual Daily Movement Volume
2021-06-12,P024,PUN001,3,643,300,True,False,True,Unusual Daily Movement Volume
2021-06-12,P028,PUN001,3,546,284,True,False,True,Unusual Daily Movement Volume
2021-06-13,P007,AHM001,4,691,248,True,True,True,High Volume and High Frequency
2021-06-13,P019,AHM001,5,292,227,False,True,True,Unusually High Movement Frequency
2021-06-13,P026,AHM001,3,572,282,True,False,True,Unusual Daily Movement Volume
2021-06-13,P030,AHM001,5,1131,296,True,True,True,High Volume and High Frequency
2021-06-16,P025,PUN001,5,270,102,False,True,True,Unusually High Movement Frequency
2021-06-17,P006,PUN001,4,467,290,False,True,True,Unusually High Movement Frequency
2021-06-17,P009,CHN001,3,709,275,True,False,True,Unusual Daily Movement Volume
2021-06-18,P021,PUN001,4,345,150,False,True,True,Unusually High Movement Frequency
2021-06-19,P003,AHM001,4,58,17,False,True,True,Unusually High Movement Frequency
2021-06-19,P015,KOL001,7,333,151,False,True,True,Unusually High Movement Frequency
2021-06-19,P016,PUN001,4,763,271,True,True,True,High Volume and High Frequency
2021-06-19,P022,PUN001,3,544,245,True,False,True,Unusual Daily Movement Volume
2021-06-19,P025,DEL001,3,560,283,True,False,True,Unusual Daily Movement Volume
2021-06-20,P013,AHM001,3,570,241,True,False,True,Unusual Daily Movement Volume
2021-06-21,P023,PUN001,3,537,261,True,False,True,Unusual Daily Movement Volume
2021-06-22,P005,PUN001,2,576,299,True,False,True,Unusual Daily Movement Volume
2021-06-23,P009,KOL001,4,554,185,True,True,True,High Volume and High Frequency
2021-06-23,P021,KOL001,3,626,286,True,False,True,Unusual Daily Movement Volume
2021-06-25,P019,CHN001,4,283,205,False,True,True,Unusually High Movement Frequency
2021-06-25,P024,HYD001,3,573,217,True,False,True,Unusual Daily Movement Volume
2021-06-26,P015,CHN001,4,932,291,True,True,True,High Volume and High Frequency
2021-06-26,P017,AHM001,4,70,59,False,True,True,Unusually High Movement Frequency
2021-06-26,P028,HYD001,4,47,24,False,True,True,Unusually High Movement Frequency
2021-06-28,P015,DEL001,4,301,169,False,True,True,Unusually High Movement Frequency
2021-06-28,P027,DEL001,3,533,212,True,False,True,Unusual Daily Movement Volume
2021-06-28,P029,DEL001,2,591,300,True,False,True,Unusual Daily Movement Volume
2021-06-29,P001,PUN001,2,565,287,True,False,True,Unusual Daily Movement Volume
2021-06-29,P008,DEL001,2,554,291,True,False,True,Unusual Daily Movement Volume
2021-06-29,P013,PUN001,4,580,265,True,True,True,High Volume and High Frequency
2021-06-30,P030,CHN001,4,208,149,False,True,True,Unusually High Movement Frequency
2021-07-02,P013,DEL001,5,514,176,False,True,True,Unusually High Movement Frequency
2021-07-02,P020,KOL001,3,651,259,True,False,True,Unusual Daily Movement Volume
2021-07-03,P001,CHN001,4,634,285,True,True,True,High Volume and High Frequency
2021-07-03,P002,AHM001,4,703,289,True,True,True,High Volume and High Frequency
2021-07-03,P008,AHM001,4,460,296,False,True,True,Unusually High Movement Frequency
2021-07-03,P010,AHM001,7,1166,271,True,True,True,High Volume and High Frequency
2021-07-03,P010,CHN001,3,586,287,True,False,True,Unusual Daily Movement Volume
2021-07-03,P015,AHM001,3,566,293,True,False,True,Unusual Daily Movement Volume
2021-07-03,P015,CHN001,4,405,175,False,True,True,Unusually High Movement Frequency
2021-07-03,P016,CHN001,4,298,114,False,True,True,Unusually High Movement Frequency
2021-07-03,P017,AHM001,4,148,89,False,True,True,Unusually High Movement Frequency
2021-07-03,P019,CHN001,5,511,243,False,True,True,Unusually High Movement Frequency
2021-07-03,P021,CHN001,4,344,251,False,True,True,Unusually High Movement Frequency
2021-07-03,P024,AHM001,4,324,206,False,True,True,Unusually High Movement Frequency
2021-07-03,P026,CHN001,4,674,279,True,True,True,High Volume and High Frequency
2021-07-04,P004,CHN001,4,476,238,False,True,True,Unusually High Movement Frequency
2021-07-04,P004,KOL001,4,361,282,False,True,True,Unusually High Movement Frequency
2021-07-04,P025,KOL001,4,46,18,False,True,True,Unusually High Movement Frequency
2021-07-04,P029,CHN001,3,531,268,True,False,True,Unusual Daily Movement Volume
2021-07-06,P006,DEL001,4,500,285,False,True,True,Unusually High Movement Frequency
2021-07-06,P029,DEL001,2,559,283,True,False,True,Unusual Daily Movement Volume
2021-07-07,P015,DEL001,3,750,278,True,False,True,Unusual Daily Movement Volume
2021-07-07,P021,KOL001,5,595,294,True,True,True,High Volume and High Frequency
2021-07-07,P024,CHN001,4,414,300,False,True,True,Unusually High Movement Frequency
2021-07-08,P008,HYD001,6,553,191,True,True,True,High Volume and High Frequency
2021-07-08,P017,HYD001,5,712,251,True,True,True,High Volume and High Frequency
2021-07-08,P020,HYD001,4,733,288,True,True,True,High Volume and High Frequency
2021-07-08,P021,DEL001,5,470,164,False,True,True,Unusually High Movement Frequency
2021-07-08,P025,HYD001,4,287,185,False,True,True,Unusually High Movement Frequency
2021-07-08,P028,HYD001,4,269,154,False,True,True,Unusually High Movement Frequency
2021-07-09,P019,HYD001,5,81,20,False,True,True,Unusually High Movement Frequency
2021-07-09,P022,HYD001,4,69,20,False,True,True,Unusually High Movement Frequency
2021-07-10,P006,PUN001,4,189,75,False,True,True,Unusually High Movement Frequency
2021-07-10,P011,CHN001,3,633,295,True,False,True,Unusual Daily Movement Volume
2021-07-11,P004,HYD001,4,156,116,False,True,True,Unusually High Movement Frequency
2021-07-11,P018,CHN001,3,541,285,True,False,True,Unusual Daily Movement Volume
2021-07-11,P022,PUN001,3,603,244,True,False,True,Unusual Daily Movement Volume
2021-07-11,P026,CHN001,6,879,289,True,True,True,High Volume and High Frequency
2021-07-13,P013,KOL001,4,36,19,False,True,True,Unusually High Movement Frequency
2021-07-13,P019,KOL001,4,49,16,False,True,True,Unusually High Movement Frequency
2021-07-14,P011,CHN001,4,324,137,False,True,True,Unusually High Movement Frequency
2021-07-14,P012,KOL001,3,717,281,True,False,True,Unusual Daily Movement Volume
2021-07-14,P020,HYD001,4,41,16,False,True,True,Unusually High Movement Frequency
2021-07-16,P008,DEL001,4,751,225,True,True,True,High Volume and High Frequency
2021-07-17,P005,KOL001,3,654,238,True,False,True,Unusual Daily Movement Volume
2021-07-20,P007,KOL001,4,456,245,False,True,True,Unusually High Movement Frequency
2021-07-21,P001,PUN001,2,568,292,True,False,True,Unusual Daily Movement Volume
2021-07-22,P011,CHN001,3,704,260,True,False,True,Unusual Daily Movement Volume
2021-07-22,P011,PUN001,4,370,243,False,True,True,Unusually High Movement Frequency
2021-07-23,P026,PUN001,4,557,273,True,True,True,High Volume and High Frequency
2021-07-24,P020,AHM001,4,685,286,True,True,True,High Volume and High Frequency
2021-07-25,P004,KOL001,5,486,286,False,True,True,Unusually High Movement Frequency
2021-07-25,P006,KOL001,4,245,146,False,True,True,Unusually High Movement Frequency
2021-07-25,P014,KOL001,4,552,286,True,True,True,High Volume and High Frequency
2021-07-25,P028,DEL001,4,317,268,False,True,True,Unusually High Movement Frequency
2021-07-27,P016,KOL001,4,282,169,False,True,True,Unusually High Movement Frequency
2021-07-28,P009,CHN001,4,377,270,False,True,True,Unusually High Movement Frequency
2021-07-28,P022,KOL001,3,562,295,True,False,True,Unusual Daily Movement Volume
2021-07-28,P030,PUN001,4,841,299,True,True,True,High Volume and High Frequency
2021-07-29,P016,HYD001,5,672,243,True,True,True,High Volume and High Frequency
2021-07-29,P023,HYD001,4,310,190,False,True,True,Unusually High Movement Frequency
2021-07-29,P025,HYD001,4,427,245,False,True,True,Unusually High Movement Frequency
2021-07-29,P026,HYD001,4,408,233,False,True,True,Unusually High Movement Frequency
2021-07-31,P007,CHN001,2,543,286,True,False,True,Unusual Daily Movement Volume
2021-07-31,P025,DEL001,3,594,259,True,False,True,Unusual Daily Movement Volume
2021-08-03,P002,HYD001,4,696,268,True,True,True,High Volume and High Frequency
2021-08-03,P005,AHM001,4,35,18,False,True,True,Unusually High Movement Frequency
2021-08-03,P006,AHM001,4,170,115,False,True,True,Unusually High Movement Frequency
2021-08-03,P028,HYD001,3,696,291,True,False,True,Unusual Daily Movement Volume
2021-08-04,P026,AHM001,3,665,270,True,False,True,Unusual Daily Movement Volume
2021-08-04,P029,DEL001,3,579,261,True,False,True,Unusual Daily Movement Volume
2021-08-04,P030,AHM001,4,813,289,True,True,True,High Volume and High Frequency
2021-08-05,P002,AHM001,4,472,197,False,True,True,Unusually High Movement Frequency
2021-08-07,P006,PUN001,4,258,231,False,True,True,Unusually High Movement Frequency
2021-08-07,P008,KOL001,2,531,298,True,False,True,Unusual Daily Movement Volume
2021-08-07,P020,CHN001,4,636,228,True,True,True,High Volume and High Frequency
2021-08-07,P029,KOL001,4,631,278,True,True,True,High Volume and High Frequency
2021-08-08,P027,KOL001,4,322,273,False,True,True,Unusually High Movement Frequency
2021-08-09,P006,PUN001,4,404,199,False,True,True,Unusually High Movement Frequency
2021-08-09,P013,CHN001,4,612,256,True,True,True,High Volume and High Frequency
2021-08-10,P005,KOL001,5,469,269,False,True,True,Unusually High Movement Frequency
2021-08-10,P011,KOL001,4,353,269,False,True,True,Unusually High Movement Frequency
2021-08-10,P014,HYD001,2,575,293,True,False,True,Unusual Daily Movement Volume
2021-08-10,P022,KOL001,7,843,268,True,True,True,High Volume and High Frequency
2021-08-10,P029,KOL001,4,316,277,False,True,True,Unusually High Movement Frequency
2021-08-11,P002,HYD001,3,604,267,True,False,True,Unusual Daily Movement Volume
2021-08-11,P005,PUN001,5,608,300,True,True,True,High Volume and High Frequency
2021-08-11,P006,AHM001,3,580,289,True,False,True,Unusual Daily Movement Volume
2021-08-11,P021,PUN001,3,533,279,True,False,True,Unusual Daily Movement Volume
2021-08-13,P023,PUN001,4,397,227,False,True,True,Unusually High Movement Frequency
2021-08-14,P016,DEL001,4,164,141,False,True,True,Unusually High Movement Frequency
2021-08-14,P023,PUN001,4,392,200,False,True,True,Unusually High Movement Frequency
2021-08-15,P005,DEL001,4,825,294,True,True,True,High Volume and High Frequency
2021-08-15,P023,CHN001,2,558,292,True,False,True,Unusual Daily Movement Volume
2021-08-15,P026,CHN001,4,602,296,True,True,True,High Volume and High Frequency
2021-08-16,P022,HYD001,4,189,89,False,True,True,Unusually High Movement Frequency
2021-08-17,P001,HYD001,4,621,258,True,True,True,High Volume and High Frequency
2021-08-17,P005,PUN001,2,553,278,True,False,True,Unusual Daily Movement Volume
2021-08-17,P010,KOL001,4,30,12,False,True,True,Unusually High Movement Frequency
2021-08-17,P010,PUN001,4,610,297,True,True,True,High Volume and High Frequency
2021-08-17,P011,PUN001,4,305,278,False,True,True,Unusually High Movement Frequency
2021-08-19,P005,HYD001,3,678,280,True,False,True,Unusual Daily Movement Volume
2021-08-19,P017,CHN001,4,55,17,False,True,True,Unusually High Movement Frequency
2021-08-19,P026,KOL001,3,596,300,True,False,True,Unusual Daily Movement Volume
2021-08-20,P026,AHM001,4,405,271,False,True,True,Unusually High Movement Frequency
2021-08-21,P001,KOL001,3,636,249,True,False,True,Unusual Daily Movement Volume
2021-08-24,P007,PUN001,4,52,17,False,True,True,Unusually High Movement Frequency
2021-08-24,P022,DEL001,6,780,260,True,True,True,High Volume and High Frequency
2021-08-24,P024,DEL001,2,540,291,True,False,True,Unusual Daily Movement Volume
2021-08-24,P026,PUN001,5,250,213,False,True,True,Unusually High Movement Frequency
2021-08-25,P005,CHN001,4,263,145,False,True,True,Unusually High Movement Frequency
2021-08-25,P006,KOL001,4,422,254,False,True,True,Unusually High Movement Frequency
2021-08-25,P022,KOL001,4,436,270,False,True,True,Unusually High Movement Frequency
2021-08-26,P021,HYD001,3,669,276,True,False,True,Unusual Daily Movement Volume
2021-08-28,P020,AHM001,4,663,262,True,True,True,High Volume and High Frequency
2021-08-29,P011,AHM001,6,515,297,False,True,True,Unusually High Movement Frequency
2021-08-29,P016,AHM001,2,573,294,True,False,True,Unusual Daily Movement Volume
2021-08-29,P026,AHM001,4,165,123,False,True,True,Unusually High Movement Frequency
2021-09-01,P001,DEL001,4,586,289,True,True,True,High Volume and High Frequency
2021-09-01,P003,DEL001,4,323,265,False,True,True,Unusually High Movement Frequency
2021-09-01,P024,DEL001,4,158,73,False,True,True,Unusually High Movement Frequency
2021-09-01,P025,DEL001,2,563,297,True,False,True,Unusual Daily Movement Volume
2021-09-02,P023,PUN001,2,537,298,True,False,True,Unusual Daily Movement Volume
2021-09-03,P002,DEL001,5,848,300,True,True,True,High Volume and High Frequency
2021-09-03,P006,PUN001,4,251,222,False,True,True,Unusually High Movement Frequency
2021-09-03,P014,PUN001,4,380,239,False,True,True,Unusually High Movement Frequency
2021-09-03,P017,DEL001,3,559,266,True,False,True,Unusual Daily Movement Volume
2021-09-03,P018,KOL001,4,147,113,False,True,True,Unusually High Movement Frequency
2021-09-03,P019,PUN001,4,169,114,False,True,True,Unusually High Movement Frequency
2021-09-03,P022,PUN001,5,240,189,False,True,True,Unusually High Movement Frequency
2021-09-03,P027,PUN001,4,303,259,False,True,True,Unusually High Movement Frequency
2021-09-04,P009,HYD001,3,571,296,True,False,True,Unusual Daily Movement Volume
2021-09-04,P022,HYD001,4,308,251,False,True,True,Unusually High Movement Frequency
2021-09-04,P030,HYD001,5,149,108,False,True,True,Unusually High Movement Frequency
2021-09-06,P004,HYD001,3,604,298,True,False,True,Unusual Daily Movement Volume
2021-09-06,P008,CHN001,3,551,274,True,False,True,Unusual Daily Movement Volume
2021-09-06,P023,HYD001,3,747,300,True,False,True,Unusual Daily Movement Volume
2021-09-07,P007,DEL001,2,543,295,True,False,True,Unusual Daily Movement Volume
2021-09-07,P009,KOL001,4,104,99,False,True,True,Unusually High Movement Frequency
2021-09-07,P018,KOL001,4,264,221,False,True,True,Unusually High Movement Frequency
2021-09-07,P023,DEL001,2,541,284,True,False,True,Unusual Daily Movement Volume
2021-09-07,P028,DEL001,6,418,246,False,True,True,Unusually High Movement Frequency
2021-09-08,P008,KOL001,5,267,128,False,True,True,Unusually High Movement Frequency
2021-09-08,P012,CHN001,4,760,282,True,True,True,High Volume and High Frequency
2021-09-08,P015,HYD001,3,571,238,True,False,True,Unusual Daily Movement Volume
2021-09-08,P019,KOL001,5,232,169,False,True,True,Unusually High Movement Frequency
2021-09-09,P001,DEL001,3,730,256,True,False,True,Unusual Daily Movement Volume
2021-09-09,P010,CHN001,2,534,295,True,False,True,Unusual Daily Movement Volume
2021-09-09,P013,PUN001,3,578,276,True,False,True,Unusual Daily Movement Volume
2021-09-09,P015,HYD001,3,552,272,True,False,True,Unusual Daily Movement Volume
2021-09-09,P020,HYD001,2,532,294,True,False,True,Unusual Daily Movement Volume
2021-09-10,P009,AHM001,4,328,155,False,True,True,Unusually High Movement Frequency
2021-09-10,P027,CHN001,4,329,213,False,True,True,Unusually High Movement Frequency
2021-09-12,P004,PUN001,3,617,266,True,False,True,Unusual Daily Movement Volume
2021-09-12,P016,PUN001,4,492,298,False,True,True,Unusually High Movement Frequency
2021-09-12,P018,PUN001,3,572,218,True,False,True,Unusual Daily Movement Volume
2021-09-13,P026,PUN001,4,174,128,False,True,True,Unusually High Movement Frequency
2021-09-14,P001,CHN001,4,564,271,True,True,True,High Volume and High Frequency
2021-09-14,P006,HYD001,4,530,224,False,True,True,Unusually High Movement Frequency
2021-09-14,P007,AHM001,3,684,293,True,False,True,Unusual Daily Movement Volume
2021-09-14,P008,DEL001,4,269,162,False,True,True,Unusually High Movement Frequency
2021-09-14,P009,AHM001,3,682,296,True,False,True,Unusual Daily Movement Volume
2021-09-14,P010,CHN001,3,704,256,True,False,True,Unusual Daily Movement Volume
2021-09-14,P020,DEL001,5,760,250,True,True,True,High Volume and High Frequency
2021-09-14,P020,HYD001,3,833,281,True,False,True,Unusual Daily Movement Volume
2021-09-15,P003,DEL001,4,477,222,False,True,True,Unusually High Movement Frequency
2021-09-15,P011,DEL001,4,310,269,False,True,True,Unusually High Movement Frequency
2021-09-16,P010,PUN001,4,769,297,True,True,True,High Volume and High Frequency
2021-09-16,P023,AHM001,4,47,16,False,True,True,Unusually High Movement Frequency
2021-09-17,P027,PUN001,4,464,250,False,True,True,Unusually High Movement Frequency
2021-09-17,P030,AHM001,2,543,296,True,False,True,Unusual Daily Movement Volume
2021-09-18,P002,DEL001,5,855,282,True,True,True,High Volume and High Frequency
2021-09-18,P006,KOL001,4,144,112,False,True,True,Unusually High Movement Frequency
2021-09-18,P006,PUN001,4,354,283,False,True,True,Unusually High Movement Frequency
2021-09-18,P028,DEL001,4,605,288,True,True,True,High Volume and High Frequency
2021-09-19,P007,HYD001,4,67,39,False,True,True,Unusually High Movement Frequency
2021-09-19,P009,DEL001,4,610,225,True,True,True,High Volume and High Frequency
2021-09-19,P011,AHM001,3,558,238,True,False,True,Unusual Daily Movement Volume
2021-09-19,P017,DEL001,4,249,186,False,True,True,Unusually High Movement Frequency
2021-09-20,P014,DEL001,5,52,14,False,True,True,Unusually High Movement Frequency
2021-09-20,P019,DEL001,4,45,17,False,True,True,Unusually High Movement Frequency
2021-09-20,P022,KOL001,4,40,18,False,True,True,Unusually High Movement Frequency
2021-09-21,P008,KOL001,6,195,155,False,True,True,Unusually High Movement Frequency
2021-09-22,P024,DEL001,4,531,298,True,True,True,High Volume and High Frequency
2021-09-24,P002,PUN001,3,675,245,True,False,True,Unusual Daily Movement Volume
2021-09-24,P003,AHM001,4,421,201,False,True,True,Unusually High Movement Frequency
2021-09-24,P009,HYD001,4,59,16,False,True,True,Unusually High Movement Frequency
2021-09-24,P012,HYD001,4,252,219,False,True,True,Unusually High Movement Frequency
2021-09-24,P025,KOL001,4,568,207,True,True,True,High Volume and High Frequency
2021-09-25,P008,AHM001,6,189,116,False,True,True,Unusually High Movement Frequency
2021-09-26,P014,DEL001,5,456,217,False,True,True,Unusually High Movement Frequency
2021-09-27,P004,DEL001,3,583,256,True,False,True,Unusual Daily Movement Volume
2021-09-27,P004,PUN001,2,588,299,True,False,True,Unusual Daily Movement Volume
2021-09-27,P007,PUN001,4,362,240,False,True,True,Unusually High Movement Frequency
2021-09-27,P011,DEL001,3,570,272,True,False,True,Unusual Daily Movement Volume
2021-09-30,P004,PUN001,4,214,186,False,True,True,Unusually High Movement Frequency
2021-09-30,P005,PUN001,4,47,15,False,True,True,Unusually High Movement Frequency
2021-09-30,P006,PUN001,4,503,286,False,True,True,Unusually High Movement Frequency
2021-09-30,P016,PUN001,4,183,86,False,True,True,Unusually High Movement Frequency
2021-09-30,P028,PUN001,4,241,209,False,True,True,Unusually High Movement Frequency
2021-10-01,P005,HYD001,3,649,267,True,False,True,Unusual Daily Movement Volume
2021-10-03,P024,DEL001,3,617,300,True,False,True,Unusual Daily Movement Volume
2021-10-05,P024,AHM001,3,688,300,True,False,True,Unusual Daily Movement Volume
2021-10-05,P024,KOL001,4,63,47,False,True,True,Unusually High Movement Frequency
2021-10-05,P029,AHM001,4,564,292,True,True,True,High Volume and High Frequency
2021-10-06,P007,AHM001,3,581,286,True,False,True,Unusual Daily Movement Volume
2021-10-07,P018,AHM001,4,355,201,False,True,True,Unusually High Movement Frequency
2021-10-07,P021,AHM001,3,540,282,True,False,True,Unusual Daily Movement Volume
2021-10-07,P026,AHM001,4,310,270,False,True,True,Unusually High Movement Frequency
2021-10-08,P023,PUN001,4,90,61,False,True,True,Unusually High Movement Frequency
2021-10-09,P002,KOL001,4,172,145,False,True,True,Unusually High Movement Frequency
2021-10-10,P009,PUN001,6,1079,283,True,True,True,High Volume and High Frequency
2021-10-10,P014,CHN001,4,25,13,False,True,True,Unusually High Movement Frequency
2021-10-10,P014,HYD001,2,568,292,True,False,True,Unusual Daily Movement Volume
2021-10-10,P017,CHN001,5,292,148,False,True,True,Unusually High Movement Frequency
2021-10-10,P017,DEL001,4,561,288,True,True,True,High Volume and High Frequency
2021-10-10,P027,PUN001,3,675,285,True,False,True,Unusual Daily Movement Volume
2021-10-11,P011,KOL001,4,34,18,False,True,True,Unusually High Movement Frequency
2021-10-12,P001,KOL001,3,531,278,True,False,True,Unusual Daily Movement Volume
2021-10-12,P003,KOL001,2,543,272,True,False,True,Unusual Daily Movement Volume
2021-10-12,P004,KOL001,3,542,259,True,False,True,Unusual Daily Movement Volume
2021-10-12,P011,DEL001,4,223,184,False,True,True,Unusually High Movement Frequency
2021-10-12,P017,KOL001,4,410,188,False,True,True,Unusually High Movement Frequency
2021-10-12,P024,DEL001,2,546,293,True,False,True,Unusual Daily Movement Volume
2021-10-13,P002,HYD001,8,353,187,False,True,True,Unusually High Movement Frequency
2021-10-13,P016,HYD001,4,349,226,False,True,True,Unusually High Movement Frequency
2021-10-13,P017,HYD001,4,333,294,False,True,True,Unusually High Movement Frequency
2021-10-14,P001,HYD001,3,632,293,True,False,True,Unusual Daily Movement Volume
2021-10-14,P009,CHN001,4,274,235,False,True,True,Unusually High Movement Frequency
2021-10-14,P029,HYD001,5,839,278,True,True,True,High Volume and High Frequency
2021-10-15,P004,HYD001,4,494,254,False,True,True,Unusually High Movement Frequency
2021-10-15,P005,PUN001,4,480,240,False,True,True,Unusually High Movement Frequency
2021-10-15,P017,HYD001,3,556,291,True,False,True,Unusual Daily Movement Volume
2021-10-15,P017,PUN001,4,153,122,False,True,True,Unusually High Movement Frequency
2021-10-15,P023,HYD001,3,715,279,True,False,True,Unusual Daily Movement Volume
2021-10-15,P026,PUN001,4,314,190,False,True,True,Unusually High Movement Frequency
2021-10-16,P002,AHM001,4,262,182,False,True,True,Unusually High Movement Frequency
2021-10-16,P007,AHM001,3,592,281,True,False,True,Unusual Daily Movement Volume
2021-10-16,P016,CHN001,4,30,14,False,True,True,Unusually High Movement Frequency
2021-10-16,P018,AHM001,4,322,275,False,True,True,Unusually High Movement Frequency
2021-10-16,P022,CHN001,4,396,199,False,True,True,Unusually High Movement Frequency
2021-10-16,P029,CHN001,4,650,229,True,True,True,High Volume and High Frequency
2021-10-17,P005,CHN001,5,730,290,True,True,True,High Volume and High Frequency
2021-10-17,P008,CHN001,4,435,157,False,True,True,Unusually High Movement Frequency
2021-10-17,P027,DEL001,4,424,299,False,True,True,Unusually High Movement Frequency
2021-10-18,P001,HYD001,4,691,226,True,True,True,High Volume and High Frequency
2021-10-18,P001,KOL001,5,689,223,True,True,True,High Volume and High Frequency
2021-10-18,P002,KOL001,4,178,114,False,True,True,Unusually High Movement Frequency
2021-10-18,P003,KOL001,5,724,280,True,True,True,High Volume and High Frequency
2021-10-18,P006,HYD001,3,573,265,True,False,True,Unusual Daily Movement Volume
2021-10-18,P007,CHN001,5,315,193,False,True,True,Unusually High Movement Frequency
2021-10-18,P007,HYD001,4,482,217,False,True,True,Unusually High Movement Frequency
2021-10-18,P008,KOL001,4,447,216,False,True,True,Unusually High Movement Frequency
2021-10-18,P018,CHN001,4,399,173,False,True,True,Unusually High Movement Frequency
2021-10-18,P019,KOL001,4,349,212,False,True,True,Unusually High Movement Frequency
2021-10-18,P021,KOL001,4,586,236,True,True,True,High Volume and High Frequency
2021-10-18,P022,HYD001,4,804,285,True,True,True,High Volume and High Frequency
2021-10-18,P022,KOL001,3,551,298,True,False,True,Unusual Daily Movement Volume
2021-10-18,P023,KOL001,4,336,162,False,True,True,Unusually High Movement Frequency
2021-10-18,P024,CHN001,4,282,247,False,True,True,Unusually High Movement Frequency
2021-10-18,P025,KOL001,4,17,6,False,True,True,Unusually High Movement Frequency
2021-10-18,P029,KOL001,5,700,248,True,True,True,High Volume and High Frequency
2021-10-19,P020,DEL001,4,45,18,False,True,True,Unusually High Movement Frequency
2021-10-19,P025,DEL001,4,517,286,False,True,True,Unusually High Movement Frequency
2021-10-20,P005,CHN001,3,711,266,True,False,True,Unusual Daily Movement Volume
2021-10-20,P008,CHN001,4,495,271,False,True,True,Unusually High Movement Frequency
2021-10-20,P009,CHN001,4,270,197,False,True,True,Unusually High Movement Frequency
2021-10-20,P014,PUN001,4,695,221,True,True,True,High Volume and High Frequency
2021-10-20,P021,PUN001,3,573,299,True,False,True,Unusual Daily Movement Volume
2021-10-21,P008,AHM001,4,352,188,False,True,True,Unusually High Movement Frequency
2021-10-22,P005,AHM001,4,571,268,True,True,True,High Volume and High Frequency
2021-10-23,P004,AHM001,4,425,300,False,True,True,Unusually High Movement Frequency
2021-10-23,P030,HYD001,3,625,285,True,False,True,Unusual Daily Movement Volume
2021-10-24,P017,KOL001,3,598,249,True,False,True,Unusual Daily Movement Volume
2021-10-24,P024,AHM001,4,318,290,False,True,True,Unusually High Movement Frequency
2021-10-25,P007,DEL001,4,679,288,True,True,True,High Volume and High Frequency
2021-10-25,P009,AHM001,4,63,20,False,True,True,Unusually High Movement Frequency
2021-10-25,P020,AHM001,5,107,58,False,True,True,Unusually High Movement Frequency
2021-10-25,P025,AHM001,5,316,246,False,True,True,Unusually High Movement Frequency
2021-10-25,P025,DEL001,4,497,234,False,True,True,Unusually High Movement Frequency
2021-10-25,P026,DEL001,3,531,297,True,False,True,Unusual Daily Movement Volume
2021-10-26,P012,PUN001,4,582,251,True,True,True,High Volume and High Frequency
2021-10-26,P018,CHN001,3,547,258,True,False,True,Unusual Daily Movement Volume
2021-10-27,P009,PUN001,4,352,265,False,True,True,Unusually High Movement Frequency
2021-10-27,P018,KOL001,4,127,78,False,True,True,Unusually High Movement Frequency
2021-10-27,P027,CHN001,3,750,296,True,False,True,Unusual Daily Movement Volume
2021-10-27,P029,PUN001,4,447,207,False,True,True,Unusually High Movement Frequency
2021-10-28,P030,PUN001,2,564,285,True,False,True,Unusual Daily Movement Volume
2021-10-29,P014,HYD001,3,678,276,True,False,True,Unusual Daily Movement Volume
2021-10-29,P022,PUN001,3,568,281,True,False,True,Unusual Daily Movement Volume
2021-10-31,P003,CHN001,4,390,286,False,True,True,Unusually High Movement Frequency
2021-10-31,P006,CHN001,4,247,222,False,True,True,Unusually High Movement Frequency
2021-10-31,P025,AHM001,4,78,56,False,True,True,Unusually High Movement Frequency
2021-11-01,P025,CHN001,4,290,271,False,True,True,Unusually High Movement Frequency
2021-11-02,P006,AHM001,4,275,249,False,True,True,Unusually High Movement Frequency
2021-11-03,P010,HYD001,4,773,271,True,True,True,High Volume and High Frequency
2021-11-04,P002,PUN001,3,606,236,True,False,True,Unusual Daily Movement Volume
2021-11-05,P001,KOL001,4,708,260,True,True,True,High Volume and High Frequency
2021-11-05,P010,PUN001,2,559,294,True,False,True,Unusual Daily Movement Volume
2021-11-05,P015,DEL001,4,602,295,True,True,True,High Volume and High Frequency
2021-11-05,P017,KOL001,4,569,277,True,True,True,High Volume and High Frequency
2021-11-05,P020,DEL001,3,717,253,True,False,True,Unusual Daily Movement Volume
2021-11-05,P029,DEL001,4,618,218,True,True,True,High Volume and High Frequency
2021-11-06,P001,PUN001,4,413,172,False,True,True,Unusually High Movement Frequency
2021-11-06,P011,PUN001,3,794,295,True,False,True,Unusual Daily Movement Volume
2021-11-06,P014,PUN001,4,742,290,True,True,True,High Volume and High Frequency
2021-11-06,P026,PUN001,3,624,296,True,False,True,Unusual Daily Movement Volume
2021-11-09,P008,PUN001,5,303,230,False,True,True,Unusually High Movement Frequency
2021-11-09,P018,PUN001,4,77,31,False,True,True,Unusually High Movement Frequency
2021-11-09,P030,CHN001,4,303,206,False,True,True,Unusually High Movement Frequency
2021-11-10,P015,PUN001,4,544,262,True,True,True,High Volume and High Frequency
2021-11-11,P002,AHM001,6,953,290,True,True,True,High Volume and High Frequency
2021-11-12,P013,DEL001,4,167,101,False,True,True,Unusually High Movement Frequency
2021-11-12,P014,KOL001,4,554,220,True,True,True,High Volume and High Frequency
2021-11-13,P003,CHN001,4,375,299,False,True,True,Unusually High Movement Frequency
2021-11-13,P030,KOL001,3,579,287,True,False,True,Unusual Daily Movement Volume
2021-11-14,P005,HYD001,3,732,261,True,False,True,Unusual Daily Movement Volume
2021-11-14,P008,AHM001,4,738,290,True,True,True,High Volume and High Frequency
2021-11-14,P011,AHM001,3,593,289,True,False,True,Unusual Daily Movement Volume
2021-11-14,P013,AHM001,4,334,266,False,True,True,Unusually High Movement Frequency
2021-11-14,P015,AHM001,4,869,293,True,True,True,High Volume and High Frequency
2021-11-14,P016,AHM001,4,897,299,True,True,True,High Volume and High Frequency
2021-11-14,P025,AHM001,4,595,294,True,True,True,High Volume and High Frequency
2021-11-15,P011,AHM001,6,229,174,False,True,True,Unusually High Movement Frequency
2021-11-15,P012,KOL001,4,440,270,False,True,True,Unusually High Movement Frequency
2021-11-16,P009,PUN001,3,531,298,True,False,True,Unusual Daily Movement Volume
2021-11-17,P019,HYD001,3,642,243,True,False,True,Unusual Daily Movement Volume
2021-11-17,P020,DEL001,3,841,283,True,False,True,Unusual Daily Movement Volume
2021-11-18,P021,CHN001,5,54,14,False,True,True,Unusually High Movement Frequency
2021-11-19,P007,CHN001,4,29,13,False,True,True,Unusually High Movement Frequency
2021-11-19,P009,PUN001,4,780,294,True,True,True,High Volume and High Frequency
2021-11-19,P012,DEL001,5,484,251,False,True,True,Unusually High Movement Frequency
2021-11-19,P014,CHN001,4,42,19,False,True,True,Unusually High Movement Frequency
2021-11-19,P021,DEL001,4,777,267,True,True,True,High Volume and High Frequency
2021-11-19,P028,DEL001,3,540,298,True,False,True,Unusual Daily Movement Volume
2021-11-19,P030,KOL001,4,45,18,False,True,True,Unusually High Movement Frequency
2021-11-20,P005,CHN001,4,466,243,False,True,True,Unusually High Movement Frequency
2021-11-22,P001,DEL001,4,471,280,False,True,True,Unusually High Movement Frequency
2021-11-22,P024,DEL001,5,791,298,True,True,True,High Volume and High Frequency
2021-11-23,P007,DEL001,5,255,131,False,True,True,Unusually High Movement Frequency
2021-11-23,P008,CHN001,4,937,289,True,True,True,High Volume and High Frequency
2021-11-23,P016,CHN001,4,218,142,False,True,True,Unusually High Movement Frequency
2021-11-23,P019,CHN001,4,294,247,False,True,True,Unusually High Movement Frequency
2021-11-23,P020,DEL001,4,610,293,True,True,True,High Volume and High Frequency
2021-11-23,P030,CHN001,4,232,191,False,True,True,Unusually High Movement Frequency
2021-11-25,P009,AHM001,4,377,286,False,True,True,Unusually High Movement Frequency
2021-11-26,P018,KOL001,3,606,245,True,False,True,Unusual Daily Movement Volume
2021-11-27,P001,PUN001,4,704,268,True,True,True,High Volume and High Frequency
2021-11-29,P013,CHN001,4,138,106,False,True,True,Unusually High Movement Frequency
2021-11-29,P017,CHN001,5,183,143,False,True,True,Unusually High Movement Frequency
2021-11-30,P004,AHM001,4,193,169,False,True,True,Unusually High Movement Frequency
2021-11-30,P006,AHM001,4,121,89,False,True,True,Unusually High Movement Frequency
2021-11-30,P008,AHM001,4,243,223,False,True,True,Unusually High Movement Frequency
2021-11-30,P010,AHM001,5,64,20,False,True,True,Unusually High Movement Frequency
2021-11-30,P013,AHM001,5,313,276,False,True,True,Unusually High Movement Frequency
2021-11-30,P021,AHM001,4,304,272,False,True,True,Unusually High Movement Frequency
2021-11-30,P022,AHM001,4,209,125,False,True,True,Unusually High Movement Frequency
2021-11-30,P023,AHM001,4,79,36,False,True,True,Unusually High Movement Frequency
2021-11-30,P026,AHM001,4,619,251,True,True,True,High Volume and High Frequency
2021-11-30,P028,AHM001,4,415,266,False,True,True,Unusually High Movement Frequency
2021-11-30,P029,CHN001,5,302,266,False,True,True,Unusually High Movement Frequency
2021-12-01,P027,PUN001,4,784,256,True,True,True,High Volume and High Frequency
2021-12-02,P007,HYD001,4,431,232,False,True,True,Unusually High Movement Frequency
2021-12-02,P021,HYD001,3,618,280,True,False,True,Unusual Daily Movement Volume
2021-12-03,P014,AHM001,4,278,160,False,True,True,Unusually High Movement Frequency
2021-12-08,P010,CHN001,4,78,35,False,True,True,Unusually High Movement Frequency
2021-12-08,P030,KOL001,4,184,157,False,True,True,Unusually High Movement Frequency
2021-12-10,P013,PUN001,4,52,20,False,True,True,Unusually High Movement Frequency
2021-12-11,P001,AHM001,3,821,300,True,False,True,Unusual Daily Movement Volume
2021-12-11,P003,PUN001,4,281,257,False,True,True,Unusually High Movement Frequency
2021-12-11,P005,PUN001,4,137,84,False,True,True,Unusually High Movement Frequency
2021-12-11,P007,AHM001,3,662,266,True,False,True,Unusual Daily Movement Volume
2021-12-11,P010,AHM001,5,581,205,True,True,True,High Volume and High Frequency
2021-12-11,P013,AHM001,5,422,150,False,True,True,Unusually High Movement Frequency
2021-12-11,P016,PUN001,4,467,293,False,True,True,Unusually High Movement Frequency
2021-12-12,P010,HYD001,5,633,276,True,True,True,High Volume and High Frequency
2021-12-13,P017,DEL001,4,674,278,True,True,True,High Volume and High Frequency
2021-12-14,P009,AHM001,4,480,191,False,True,True,Unusually High Movement Frequency
2021-12-14,P025,DEL001,4,473,286,False,True,True,Unusually High Movement Frequency
2021-12-16,P024,AHM001,4,29,15,False,True,True,Unusually High Movement Frequency
2021-12-16,P028,PUN001,4,325,282,False,True,True,Unusually High Movement Frequency
2021-12-17,P001,HYD001,4,188,162,False,True,True,Unusually High Movement Frequency
2021-12-17,P007,PUN001,2,546,297,True,False,True,Unusual Daily Movement Volume
2021-12-17,P008,HYD001,4,214,182,False,True,True,Unusually High Movement Frequency
2021-12-17,P016,PUN001,4,337,281,False,True,True,Unusually High Movement Frequency
2021-12-17,P025,HYD001,3,650,252,True,False,True,Unusual Daily Movement Volume
2021-12-17,P026,PUN001,3,856,299,True,False,True,Unusual Daily Movement Volume
2021-12-17,P030,HYD001,4,251,214,False,True,True,Unusually High Movement Frequency
2021-12-19,P002,CHN001,5,73,36,False,True,True,Unusually High Movement Frequency
2021-12-19,P003,DEL001,5,65,18,False,True,True,Unusually High Movement Frequency
2021-12-21,P001,HYD001,4,560,289,True,True,True,High Volume and High Frequency
2021-12-21,P003,AHM001,4,485,292,False,True,True,Unusually High Movement Frequency
2021-12-21,P005,HYD001,4,681,283,True,True,True,High Volume and High Frequency
2021-12-21,P006,HYD001,2,557,290,True,False,True,Unusual Daily Movement Volume
2021-12-21,P014,DEL001,4,324,213,False,True,True,Unusually High Movement Frequency
2021-12-21,P025,HYD001,4,432,173,False,True,True,Unusually High Movement Frequency
2021-12-22,P013,PUN001,3,591,226,True,False,True,Unusual Daily Movement Volume
2021-12-23,P001,PUN001,5,809,241,True,True,True,High Volume and High Frequency
2021-12-23,P005,HYD001,3,664,283,True,False,True,Unusual Daily Movement Volume
2021-12-23,P008,AHM001,4,934,295,True,True,True,High Volume and High Frequency
2021-12-23,P015,PUN001,3,760,281,True,False,True,Unusual Daily Movement Volume
2021-12-23,P020,AHM001,5,564,157,True,True,True,High Volume and High Frequency
2021-12-23,P029,HYD001,3,629,300,True,False,True,Unusual Daily Movement Volume
2021-12-25,P017,DEL001,3,546,197,True,False,True,Unusual Daily Movement Volume
2021-12-25,P018,CHN001,4,55,26,False,True,True,Unusually High Movement Frequency
2021-12-25,P020,KOL001,4,607,282,True,True,True,High Volume and High Frequency
2021-12-26,P004,DEL001,4,589,249,True,True,True,High Volume and High Frequency
2021-12-26,P004,KOL001,4,471,239,False,True,True,Unusually High Movement Frequency
2021-12-26,P014,HYD001,4,800,245,True,True,True,High Volume and High Frequency
2021-12-26,P015,CHN001,5,784,278,True,True,True,High Volume and High Frequency
2021-12-26,P018,HYD001,4,392,165,False,True,True,Unusually High Movement Frequency
2021-12-26,P024,HYD001,5,542,268,True,True,True,High Volume and High Frequency
2021-12-26,P026,AHM001,2,550,300,True,False,True,Unusual Daily Movement Volume
2021-12-26,P026,HYD001,4,638,294,True,True,True,High Volume and High Frequency
2021-12-27,P001,CHN001,4,27,12,False,True,True,Unusually High Movement Frequency
2021-12-27,P025,CHN001,4,87,48,False,True,True,Unusually High Movement Frequency
2021-12-28,P006,AHM001,4,212,191,False,True,True,Unusually High Movement Frequency
2021-12-29,P008,PUN001,5,575,207,True,True,True,High Volume and High Frequency
2021-12-30,P012,HYD001,4,98,37,False,True,True,Unusually High Movement Frequency
2021-12-30,P025,DEL001,2,531,266,True,False,True,Unusual Daily Movement Volume
2021-12-30,P028,PUN001,4,273,252,False,True,True,Unusually High Movement Frequency
2021-12-30,P029,HYD001,4,207,163,False,True,True,Unusually High Movement Frequency
2021-12-31,P007,DEL001,4,823,273,True,True,True,High Volume and High Frequency
2021-12-31,P028,AHM001,3,715,285,True,False,True,Unusual Daily Movement Volume
2022-01-02,P009,DEL001,4,182,171,False,True,True,Unusually High Movement Frequency
2022-01-02,P011,PUN001,3,687,296,True,False,True,Unusual Daily Movement Volume
2022-01-02,P030,DEL001,4,242,207,False,True,True,Unusually High Movement Frequency
2022-01-03,P025,KOL001,3,662,293,True,False,True,Unusual Daily Movement Volume
2022-01-04,P004,DEL001,4,59,35,False,True,True,Unusually High Movement Frequency
2022-01-04,P007,DEL001,4,278,236,False,True,True,Unusually High Movement Frequency
2022-01-04,P010,DEL001,4,485,278,False,True,True,Unusually High Movement Frequency
2022-01-04,P012,DEL001,4,356,271,False,True,True,Unusually High Movement Frequency
2022-01-04,P013,DEL001,4,242,132,False,True,True,Unusually High Movement Frequency
2022-01-05,P001,KOL001,6,149,82,False,True,True,Unusually High Movement Frequency
2022-01-05,P002,AHM001,4,190,167,False,True,True,Unusually High Movement Frequency
2022-01-05,P003,AHM001,5,47,15,False,True,True,Unusually High Movement Frequency
2022-01-05,P006,HYD001,6,459,295,False,True,True,Unusually High Movement Frequency
2022-01-05,P020,AHM001,5,51,18,False,True,True,Unusually High Movement Frequency
2022-01-05,P021,KOL001,3,698,281,True,False,True,Unusual Daily Movement Volume
2022-01-05,P022,KOL001,4,306,257,False,True,True,Unusually High Movement Frequency
2022-01-06,P008,DEL001,4,108,55,False,True,True,Unusually High Movement Frequency
2022-01-06,P024,PUN001,3,539,278,True,False,True,Unusual Daily Movement Volume
2022-01-07,P011,AHM001,6,543,202,True,True,True,High Volume and High Frequency
2022-01-07,P014,AHM001,3,702,279,True,False,True,Unusual Daily Movement Volume
2022-01-07,P026,CHN001,5,177,92,False,True,True,Unusually High Movement Frequency
2022-01-07,P028,CHN001,4,291,168,False,True,True,Unusually High Movement Frequency
2022-01-08,P016,CHN001,4,273,193,False,True,True,Unusually High Movement Frequency
2022-01-08,P018,CHN001,5,19,9,False,True,True,Unusually High Movement Frequency
2022-01-08,P028,HYD001,4,453,295,False,True,True,Unusually High Movement Frequency
2022-01-09,P010,HYD001,3,706,266,True,False,True,Unusual Daily Movement Volume
2022-01-09,P021,AHM001,4,440,264,False,True,True,Unusually High Movement Frequency
2022-01-10,P007,CHN001,4,266,155,False,True,True,Unusually High Movement Frequency
2022-01-10,P011,AHM001,4,320,189,False,True,True,Unusually High Movement Frequency
2022-01-11,P005,KOL001,4,229,99,False,True,True,Unusually High Movement Frequency
2022-01-11,P014,CHN001,4,533,263,True,True,True,High Volume and High Frequency
2022-01-11,P014,KOL001,4,199,156,False,True,True,Unusually High Movement Frequency
2022-01-12,P004,CHN001,2,547,293,True,False,True,Unusual Daily Movement Volume
2022-01-12,P012,CHN001,4,447,180,False,True,True,Unusually High Movement Frequency
2022-01-12,P014,CHN001,2,594,300,True,False,True,Unusual Daily Movement Volume
2022-01-12,P014,PUN001,3,565,286,True,False,True,Unusual Daily Movement Volume
2022-01-12,P019,DEL001,3,549,278,True,False,True,Unusual Daily Movement Volume
2022-01-12,P023,DEL001,4,74,20,False,True,True,Unusually High Movement Frequency
2022-01-12,P024,KOL001,3,641,270,True,False,True,Unusual Daily Movement Volume
2022-01-12,P024,PUN001,4,432,224,False,True,True,Unusually High Movement Frequency
2022-01-12,P028,DEL001,4,157,124,False,True,True,Unusually High Movement Frequency
2022-01-12,P029,KOL001,3,625,299,True,False,True,Unusual Daily Movement Volume
2022-01-13,P014,AHM001,4,739,236,True,True,True,High Volume and High Frequency
2022-01-13,P023,CHN001,4,62,19,False,True,True,Unusually High Movement Frequency
2022-01-15,P011,DEL001,4,641,282,True,True,True,High Volume and High Frequency
2022-01-16,P011,DEL001,6,896,262,True,True,True,High Volume and High Frequency
2022-01-16,P015,DEL001,4,872,299,True,True,True,High Volume and High Frequency
2022-01-16,P017,KOL001,4,51,20,False,True,True,Unusually High Movement Frequency
2022-01-16,P018,DEL001,3,664,239,True,False,True,Unusual Daily Movement Volume
2022-01-17,P019,DEL001,4,487,204,False,True,True,Unusually High Movement Frequency
2022-01-19,P006,HYD001,6,861,300,True,True,True,High Volume and High Frequency
2022-01-19,P022,PUN001,4,47,14,False,True,True,Unusually High Movement Frequency
2022-01-19,P026,HYD001,3,536,247,True,False,True,Unusual Daily Movement Volume
2022-01-20,P005,CHN001,2,551,284,True,False,True,Unusual Daily Movement Volume
2022-01-20,P012,HYD001,4,149,79,False,True,True,Unusually High Movement Frequency
2022-01-20,P021,HYD001,3,572,286,True,False,True,Unusual Daily Movement Volume
2022-01-22,P006,KOL001,4,32,20,False,True,True,Unusually High Movement Frequency
2022-01-22,P008,HYD001,4,533,191,True,True,True,High Volume and High Frequency
2022-01-22,P020,CHN001,4,253,164,False,True,True,Unusually High Movement Frequency
2022-01-22,P022,CHN001,5,45,18,False,True,True,Unusually High Movement Frequency
2022-01-23,P005,AHM001,3,532,217,True,False,True,Unusual Daily Movement Volume
2022-01-23,P020,CHN001,5,339,160,False,True,True,Unusually High Movement Frequency
2022-01-24,P001,KOL001,3,589,243,True,False,True,Unusual Daily Movement Volume
2022-01-24,P005,AHM001,3,656,270,True,False,True,Unusual Daily Movement Volume
2022-01-24,P006,KOL001,6,1018,258,True,True,True,High Volume and High Frequency
2022-01-24,P008,KOL001,4,605,263,True,True,True,High Volume and High Frequency
2022-01-24,P012,KOL001,3,645,300,True,False,True,Unusual Daily Movement Volume
2022-01-24,P019,KOL001,4,492,207,False,True,True,Unusually High Movement Frequency
2022-01-24,P020,KOL001,4,831,277,True,True,True,High Volume and High Frequency
2022-01-24,P021,AHM001,3,795,291,True,False,True,Unusual Daily Movement Volume
2022-01-24,P022,KOL001,3,624,255,True,False,True,Unusual Daily Movement Volume
2022-01-24,P023,KOL001,4,613,254,True,True,True,High Volume and High Frequency
2022-01-24,P027,KOL001,3,612,284,True,False,True,Unusual Daily Movement Volume
2022-01-27,P005,AHM001,4,898,276,True,True,True,High Volume and High Frequency
2022-01-27,P021,AHM001,4,455,178,False,True,True,Unusually High Movement Frequency
2022-01-29,P028,AHM001,4,356,222,False,True,True,Unusually High Movement Frequency
2022-01-30,P022,AHM001,4,317,284,False,True,True,Unusually High Movement Frequency
2022-01-31,P011,KOL001,4,793,281,True,True,True,High Volume and High Frequency
2022-01-31,P024,DEL001,2,560,298,True,False,True,Unusual Daily Movement Volume
2022-01-31,P030,KOL001,3,569,271,True,False,True,Unusual Daily Movement Volume
2022-02-03,P001,CHN001,6,365,271,False,True,True,Unusually High Movement Frequency
2022-02-03,P001,HYD001,2,571,298,True,False,True,Unusual Daily Movement Volume
2022-02-03,P008,CHN001,4,255,115,False,True,True,Unusually High Movement Frequency
2022-02-03,P013,CHN001,5,359,222,False,True,True,Unusually High Movement Frequency
2022-02-03,P019,CHN001,4,45,18,False,True,True,Unusually High Movement Frequency
2022-02-03,P027,CHN001,4,146,80,False,True,True,Unusually High Movement Frequency
2022-02-03,P028,HYD001,4,971,290,True,True,True,High Volume and High Frequency
2022-02-03,P028,KOL001,4,97,74,False,True,True,Unusually High Movement Frequency
2022-02-03,P030,CHN001,4,223,184,False,True,True,Unusually High Movement Frequency
2022-02-04,P015,PUN001,2,535,300,True,False,True,Unusual Daily Movement Volume
2022-02-05,P010,KOL001,5,729,299,True,True,True,High Volume and High Frequency
2022-02-06,P013,KOL001,4,47,19,False,True,True,Unusually High Movement Frequency
2022-02-06,P014,AHM001,4,52,20,False,True,True,Unusually High Movement Frequency
2022-02-07,P010,HYD001,3,637,297,True,False,True,Unusual Daily Movement Volume
2022-02-07,P016,HYD001,3,801,290,True,False,True,Unusual Daily Movement Volume
2022-02-07,P030,HYD001,4,743,265,True,True,True,High Volume and High Frequency
2022-02-08,P001,PUN001,3,550,262,True,False,True,Unusual Daily Movement Volume
2022-02-08,P002,KOL001,4,793,259,True,True,True,High Volume and High Frequency
2022-02-08,P005,PUN001,4,293,179,False,True,True,Unusually High Movement Frequency
2022-02-08,P006,KOL001,5,460,215,False,True,True,Unusually High Movement Frequency
2022-02-08,P006,PUN001,2,574,295,True,False,True,Unusual Daily Movement Volume
2022-02-08,P021,KOL001,4,382,287,False,True,True,Unusually High Movement Frequency
2022-02-08,P024,KOL001,5,560,214,True,True,True,High Volume and High Frequency
2022-02-08,P029,KOL001,3,532,264,True,False,True,Unusual Daily Movement Volume
2022-02-10,P009,AHM001,4,159,138,False,True,True,Unusually High Movement Frequency
2022-02-10,P011,AHM001,4,166,91,False,True,True,Unusually High Movement Frequency
2022-02-11,P005,AHM001,3,581,300,True,False,True,Unusual Daily Movement Volume
2022-02-11,P020,AHM001,3,673,285,True,False,True,Unusual Daily Movement Volume
2022-02-11,P026,AHM001,2,578,296,True,False,True,Unusual Daily Movement Volume
2022-02-12,P002,KOL001,4,481,199,False,True,True,Unusually High Movement Frequency
2022-02-12,P020,CHN001,3,555,269,True,False,True,Unusual Daily Movement Volume
2022-02-12,P027,AHM001,3,613,281,True,False,True,Unusual Daily Movement Volume
2022-02-13,P019,KOL001,4,179,95,False,True,True,Unusually High Movement Frequency
2022-02-14,P016,AHM001,3,698,276,True,False,True,Unusual Daily Movement Volume
2022-02-16,P017,AHM001,4,475,223,False,True,True,Unusually High Movement Frequency
2022-02-17,P009,KOL001,4,647,249,True,True,True,High Volume and High Frequency
2022-02-17,P013,KOL001,4,477,221,False,True,True,Unusually High Movement Frequency
2022-02-17,P017,KOL001,4,467,230,False,True,True,Unusually High Movement Frequency
2022-02-17,P026,AHM001,4,701,265,True,True,True,High Volume and High Frequency
2022-02-17,P030,AHM001,3,615,230,True,False,True,Unusual Daily Movement Volume
2022-02-19,P014,CHN001,3,709,288,True,False,True,Unusual Daily Movement Volume
2022-02-19,P016,DEL001,3,750,292,True,False,True,Unusual Daily Movement Volume
2022-02-19,P017,AHM001,2,561,297,True,False,True,Unusual Daily Movement Volume
2022-02-19,P021,CHN001,3,564,300,True,False,True,Unusual Daily Movement Volume
2022-02-19,P024,CHN001,3,667,268,True,False,True,Unusual Daily Movement Volume
2022-02-19,P027,PUN001,2,563,299,True,False,True,Unusual Daily Movement Volume
2022-02-21,P001,PUN001,3,676,283,True,False,True,Unusual Daily Movement Volume
2022-02-21,P004,AHM001,4,33,14,False,True,True,Unusually High Movement Frequency
2022-02-21,P019,PUN001,3,739,286,True,False,True,Unusual Daily Movement Volume
2022-02-21,P020,HYD001,3,563,220,True,False,True,Unusual Daily Movement Volume
2022-02-21,P026,AHM001,4,254,212,False,True,True,Unusually High Movement Frequency
2022-02-21,P027,AHM001,4,393,250,False,True,True,Unusually High Movement Frequency
2022-02-21,P029,AHM001,6,382,219,False,True,True,Unusually High Movement Frequency
2022-02-21,P029,PUN001,3,563,296,True,False,True,Unusual Daily Movement Volume
2022-02-24,P001,CHN001,4,107,72,False,True,True,Unusually High Movement Frequency
2022-02-24,P005,CHN001,4,297,240,False,True,True,Unusually High Movement Frequency
2022-02-24,P008,DEL001,4,208,116,False,True,True,Unusually High Movement Frequency
2022-02-24,P012,KOL001,4,744,287,True,True,True,High Volume and High Frequency
2022-02-24,P023,CHN001,3,561,232,True,False,True,Unusual Daily Movement Volume
2022-02-26,P004,DEL001,5,214,155,False,True,True,Unusually High Movement Frequency
2022-02-26,P007,DEL001,5,115,64,False,True,True,Unusually High Movement Frequency
2022-02-26,P010,DEL001,4,40,11,False,True,True,Unusually High Movement Frequency
2022-02-26,P011,DEL001,4,156,103,False,True,True,Unusually High Movement Frequency
2022-02-27,P014,DEL001,2,544,300,True,False,True,Unusual Daily Movement Volume
2022-02-27,P026,KOL001,3,560,265,True,False,True,Unusual Daily Movement Volume
2022-02-28,P007,CHN001,3,607,256,True,False,True,Unusual Daily Movement Volume
2022-02-28,P018,HYD001,2,552,300,True,False,True,Unusual Daily Movement Volume
2022-03-03,P014,DEL001,4,690,299,True,True,True,High Volume and High Frequency
2022-03-04,P013,CHN001,3,732,287,True,False,True,Unusual Daily Movement Volume
2022-03-04,P014,CHN001,3,666,285,True,False,True,Unusual Daily Movement Volume
2022-03-04,P018,DEL001,4,337,175,False,True,True,Unusually High Movement Frequency
2022-03-04,P022,DEL001,4,541,254,True,True,True,High Volume and High Frequency
2022-03-04,P028,DEL001,4,679,290,True,True,True,High Volume and High Frequency
2022-03-07,P001,AHM001,4,396,243,False,True,True,Unusually High Movement Frequency
2022-03-08,P017,DEL001,3,572,255,True,False,True,Unusual Daily Movement Volume
2022-03-08,P018,PUN001,5,430,250,False,True,True,Unusually High Movement Frequency
2022-03-08,P027,HYD001,4,447,271,False,True,True,Unusually High Movement Frequency
2022-03-09,P006,AHM001,4,275,176,False,True,True,Unusually High Movement Frequency
2022-03-10,P028,DEL001,4,571,291,True,True,True,High Volume and High Frequency
2022-03-11,P022,AHM001,2,586,296,True,False,True,Unusual Daily Movement Volume
2022-03-11,P029,DEL001,3,544,204,True,False,True,Unusual Daily Movement Volume
2022-03-12,P013,KOL001,4,60,20,False,True,True,Unusually High Movement Frequency
2022-03-13,P002,AHM001,5,487,210,False,True,True,Unusually High Movement Frequency
2022-03-13,P004,AHM001,4,252,208,False,True,True,Unusually High Movement Frequency
2022-03-13,P008,AHM001,3,595,241,True,False,True,Unusual Daily Movement Volume
2022-03-13,P018,AHM001,4,499,291,False,True,True,Unusually High Movement Frequency
2022-03-14,P018,AHM001,3,555,291,True,False,True,Unusual Daily Movement Volume
2022-03-15,P010,PUN001,5,436,200,False,True,True,Unusually High Movement Frequency
2022-03-15,P011,PUN001,4,243,202,False,True,True,Unusually High Movement Frequency
2022-03-15,P020,KOL001,3,652,273,True,False,True,Unusual Daily Movement Volume
2022-03-15,P026,KOL001,4,797,225,True,True,True,High Volume and High Frequency
2022-03-16,P002,CHN001,4,762,257,True,True,True,High Volume and High Frequency
2022-03-16,P022,KOL001,4,149,135,False,True,True,Unusually High Movement Frequency
2022-03-16,P029,CHN001,3,629,294,True,False,True,Unusual Daily Movement Volume
2022-03-17,P010,AHM001,4,19,8,False,True,True,Unusually High Movement Frequency
2022-03-17,P024,DEL001,4,549,282,True,True,True,High Volume and High Frequency
2022-03-19,P007,DEL001,4,435,213,False,True,True,Unusually High Movement Frequency
2022-03-19,P008,HYD001,4,447,294,False,True,True,Unusually High Movement Frequency
2022-03-19,P011,KOL001,4,340,195,False,True,True,Unusually High Movement Frequency
2022-03-19,P019,KOL001,4,239,144,False,True,True,Unusually High Movement Frequency
2022-03-19,P021,HYD001,4,529,216,False,True,True,Unusually High Movement Frequency
2022-03-19,P026,HYD001,4,510,203,False,True,True,Unusually High Movement Frequency
2022-03-19,P028,CHN001,4,451,232,False,True,True,Unusually High Movement Frequency
2022-03-20,P005,AHM001,2,547,294,True,False,True,Unusual Daily Movement Volume
2022-03-20,P028,AHM001,2,532,270,True,False,True,Unusual Daily Movement Volume
2022-03-22,P001,DEL001,4,151,120,False,True,True,Unusually High Movement Frequency
2022-03-22,P013,DEL001,5,201,145,False,True,True,Unusually High Movement Frequency
2022-03-22,P021,DEL001,5,529,227,False,True,True,Unusually High Movement Frequency
2022-03-22,P027,DEL001,4,304,217,False,True,True,Unusually High Movement Frequency
2022-03-23,P028,KOL001,4,461,239,False,True,True,Unusually High Movement Frequency
2022-03-23,P030,AHM001,6,190,116,False,True,True,Unusually High Movement Frequency
2022-03-24,P007,KOL001,3,701,262,True,False,True,Unusual Daily Movement Volume
2022-03-24,P014,DEL001,4,445,225,False,True,True,Unusually High Movement Frequency
2022-03-24,P016,DEL001,4,312,147,False,True,True,Unusually High Movement Frequency
2022-03-24,P026,DEL001,5,256,201,False,True,True,Unusually High Movement Frequency
2022-03-24,P027,CHN001,2,586,298,True,False,True,Unusual Daily Movement Volume
2022-03-24,P028,DEL001,6,422,212,False,True,True,Unusually High Movement Frequency
2022-03-25,P015,HYD001,5,253,129,False,True,True,Unusually High Movement Frequency
2022-03-26,P009,CHN001,4,260,130,False,True,True,Unusually High Movement Frequency
2022-03-26,P025,DEL001,3,611,273,True,False,True,Unusual Daily Movement Volume
2022-03-27,P006,HYD001,5,257,221,False,True,True,Unusually High Movement Frequency
2022-03-27,P030,DEL001,4,152,124,False,True,True,Unusually High Movement Frequency
2022-03-28,P004,CHN001,4,487,266,False,True,True,Unusually High Movement Frequency
2022-03-28,P015,AHM001,5,313,128,False,True,True,Unusually High Movement Frequency
2022-03-28,P021,AHM001,4,408,176,False,True,True,Unusually High Movement Frequency
2022-03-28,P029,AHM001,4,643,248,True,True,True,High Volume and High Frequency
2022-03-29,P013,PUN001,4,38,17,False,True,True,Unusually High Movement Frequency
2022-03-29,P014,PUN001,4,82,69,False,True,True,Unusually High Movement Frequency
2022-03-29,P022,PUN001,4,162,103,False,True,True,Unusually High Movement Frequency
2022-03-30,P001,PUN001,3,661,267,True,False,True,Unusual Daily Movement Volume
2022-03-30,P002,PUN001,2,541,297,True,False,True,Unusual Daily Movement Volume
2022-03-30,P008,CHN001,4,354,225,False,True,True,Unusually High Movement Frequency
2022-03-30,P012,KOL001,4,225,201,False,True,True,Unusually High Movement Frequency
2022-03-30,P013,KOL001,4,300,261,False,True,True,Unusually High Movement Frequency
2022-03-31,P006,KOL001,3,604,219,True,False,True,Unusual Daily Movement Volume
2022-03-31,P014,CHN001,3,689,281,True,False,True,Unusual Daily Movement Volume
2022-03-31,P017,KOL001,3,788,298,True,False,True,Unusual Daily Movement Volume
2022-04-02,P013,KOL001,6,385,258,False,True,True,Unusually High Movement Frequency
2022-04-02,P030,CHN001,5,486,227,False,True,True,Unusually High Movement Frequency
2022-04-03,P024,CHN001,4,37,15,False,True,True,Unusually High Movement Frequency
2022-04-03,P024,PUN001,2,552,292,True,False,True,Unusual Daily Movement Volume
2022-04-03,P028,CHN001,4,33,14,False,True,True,Unusually High Movement Frequency
2022-04-03,P029,CHN001,4,311,214,False,True,True,Unusually High Movement Frequency
2022-04-04,P015,DEL001,4,35,18,False,True,True,Unusually High Movement Frequency
2022-04-04,P017,KOL001,4,435,176,False,True,True,Unusually High Movement Frequency
2022-04-05,P018,AHM001,3,617,260,True,False,True,Unusual Daily Movement Volume
2022-04-05,P022,DEL001,4,876,246,True,True,True,High Volume and High Frequency
2022-04-05,P026,DEL001,3,843,297,True,False,True,Unusual Daily Movement Volume
2022-04-06,P004,AHM001,3,543,203,True,False,True,Unusual Daily Movement Volume
2022-04-06,P004,PUN001,4,404,173,False,True,True,Unusually High Movement Frequency
2022-04-06,P006,AHM001,5,638,261,True,True,True,High Volume and High Frequency
2022-04-06,P006,PUN001,5,271,121,False,True,True,Unusually High Movement Frequency
2022-04-06,P015,AHM001,4,481,188,False,True,True,Unusually High Movement Frequency
2022-04-06,P016,AHM001,4,366,156,False,True,True,Unusually High Movement Frequency
2022-04-06,P018,AHM001,4,660,276,True,True,True,High Volume and High Frequency
2022-04-06,P025,KOL001,4,525,271,False,True,True,Unusually High Movement Frequency
2022-04-07,P002,AHM001,4,116,79,False,True,True,Unusually High Movement Frequency
2022-04-08,P023,DEL001,5,988,290,True,True,True,High Volume and High Frequency
2022-04-10,P019,DEL001,4,143,106,False,True,True,Unusually High Movement Frequency
2022-04-10,P025,DEL001,4,411,295,False,True,True,Unusually High Movement Frequency
2022-04-12,P010,KOL001,3,550,288,True,False,True,Unusual Daily Movement Volume
2022-04-12,P020,HYD001,4,560,283,True,True,True,High Volume and High Frequency
2022-04-12,P023,DEL001,4,679,278,True,True,True,High Volume and High Frequency
2022-04-12,P026,KOL001,4,312,275,False,True,True,Unusually High Movement Frequency
2022-04-12,P030,DEL001,4,430,155,False,True,True,Unusually High Movement Frequency
2022-04-16,P016,AHM001,4,364,272,False,True,True,Unusually High Movement Frequency
2022-04-16,P030,AHM001,5,588,221,True,True,True,High Volume and High Frequency
2022-04-17,P002,PUN001,4,33,18,False,True,True,Unusually High Movement Frequency
2022-04-17,P013,PUN001,5,164,134,False,True,True,Unusually High Movement Frequency
2022-04-17,P016,PUN001,4,43,19,False,True,True,Unusually High Movement Frequency
2022-04-17,P023,PUN001,4,263,245,False,True,True,Unusually High Movement Frequency
2022-04-17,P030,PUN001,4,39,13,False,True,True,Unusually High Movement Frequency
2022-04-18,P005,CHN001,4,628,300,True,True,True,High Volume and High Frequency
2022-04-20,P010,PUN001,4,112,81,False,True,True,Unusually High Movement Frequency
2022-04-20,P030,PUN001,4,65,22,False,True,True,Unusually High Movement Frequency
2022-04-21,P018,HYD001,2,589,298,True,False,True,Unusual Daily Movement Volume
2022-04-21,P022,HYD001,3,532,262,True,False,True,Unusual Daily Movement Volume
2022-04-21,P023,KOL001,4,64,20,False,True,True,Unusually High Movement Frequency
2022-04-21,P024,AHM001,4,457,271,False,True,True,Unusually High Movement Frequency
2022-04-22,P016,CHN001,5,386,220,False,True,True,Unusually High Movement Frequency
2022-04-23,P015,KOL001,4,624,289,True,True,True,High Volume and High Frequency
2022-04-23,P025,HYD001,4,469,253,False,True,True,Unusually High Movement Frequency
2022-04-23,P029,CHN001,5,847,234,True,True,True,High Volume and High Frequency
2022-04-23,P029,KOL001,2,535,294,True,False,True,Unusual Daily Movement Volume
2022-04-23,P030,HYD001,4,14,5,False,True,True,Unusually High Movement Frequency
2022-04-24,P009,AHM001,4,321,150,False,True,True,Unusually High Movement Frequency
2022-04-25,P002,KOL001,4,684,247,True,True,True,High Volume and High Frequency
2022-04-25,P008,DEL001,4,406,227,False,True,True,Unusually High Movement Frequency
2022-04-25,P016,HYD001,4,806,290,True,True,True,High Volume and High Frequency
2022-04-26,P004,CHN001,4,598,266,True,True,True,High Volume and High Frequency
2022-04-26,P011,CHN001,4,305,270,False,True,True,Unusually High Movement Frequency
2022-04-27,P030,PUN001,4,389,258,False,True,True,Unusually High Movement Frequency
2022-04-28,P013,HYD001,3,593,235,True,False,True,Unusual Daily Movement Volume
2022-04-28,P014,HYD001,3,665,296,True,False,True,Unusual Daily Movement Volume
2022-04-28,P018,AHM001,2,555,292,True,False,True,Unusual Daily Movement Volume
2022-04-28,P027,DEL001,3,550,278,True,False,True,Unusual Daily Movement Volume
2022-04-30,P006,HYD001,3,597,285,True,False,True,Unusual Daily Movement Volume
2022-04-30,P009,HYD001,4,141,111,False,True,True,Unusually High Movement Frequency
2022-04-30,P011,HYD001,4,261,200,False,True,True,Unusually High Movement Frequency
2022-04-30,P013,HYD001,3,599,236,True,False,True,Unusual Daily Movement Volume
2022-04-30,P019,HYD001,3,581,291,True,False,True,Unusual Daily Movement Volume
2022-04-30,P020,AHM001,3,788,270,True,False,True,Unusual Daily Movement Volume
2022-04-30,P021,HYD001,4,553,278,True,True,True,High Volume and High Frequency
2022-04-30,P023,HYD001,4,47,18,False,True,True,Unusually High Movement Frequency
2022-04-30,P027,HYD001,5,592,193,True,True,True,High Volume and High Frequency
2022-05-01,P007,KOL001,4,61,20,False,True,True,Unusually High Movement Frequency
2022-05-01,P010,HYD001,3,625,275,True,False,True,Unusual Daily Movement Volume
2022-05-01,P011,KOL001,4,128,92,False,True,True,Unusually High Movement Frequency
2022-05-01,P013,KOL001,4,93,56,False,True,True,Unusually High Movement Frequency
2022-05-01,P024,PUN001,5,60,17,False,True,True,Unusually High Movement Frequency
2022-05-02,P007,AHM001,4,444,284,False,True,True,Unusually High Movement Frequency
2022-05-03,P008,KOL001,4,31,13,False,True,True,Unusually High Movement Frequency
2022-05-04,P029,HYD001,4,376,258,False,True,True,Unusually High Movement Frequency
2022-05-05,P007,PUN001,3,577,228,True,False,True,Unusual Daily Movement Volume
2022-05-05,P008,CHN001,4,547,210,True,True,True,High Volume and High Frequency
2022-05-06,P012,KOL001,4,503,233,False,True,True,Unusually High Movement Frequency
2022-05-06,P014,KOL001,4,390,212,False,True,True,Unusually High Movement Frequency
2022-05-06,P023,KOL001,4,658,222,True,True,True,High Volume and High Frequency
2022-05-08,P027,DEL001,3,688,288,True,False,True,Unusual Daily Movement Volume
2022-05-09,P021,CHN001,4,642,292,True,True,True,High Volume and High Frequency
2022-05-10,P015,AHM001,4,43,12,False,True,True,Unusually High Movement Frequency
2022-05-10,P016,CHN001,5,107,52,False,True,True,Unusually High Movement Frequency
2022-05-10,P018,CHN001,4,223,171,False,True,True,Unusually High Movement Frequency
2022-05-10,P021,DEL001,4,330,290,False,True,True,Unusually High Movement Frequency
2022-05-11,P008,AHM001,2,558,282,True,False,True,Unusual Daily Movement Volume
2022-05-11,P025,AHM001,3,591,211,True,False,True,Unusual Daily Movement Volume
2022-05-11,P030,AHM001,4,690,275,True,True,True,High Volume and High Frequency
2022-05-13,P008,PUN001,4,172,89,False,True,True,Unusually High Movement Frequency
2022-05-13,P021,CHN001,4,518,192,False,True,True,Unusually High Movement Frequency
2022-05-13,P021,PUN001,4,274,234,False,True,True,Unusually High Movement Frequency
2022-05-14,P008,AHM001,4,400,287,False,True,True,Unusually High Movement Frequency
2022-05-15,P018,PUN001,4,203,151,False,True,True,Unusually High Movement Frequency
2022-05-16,P007,PUN001,4,50,20,False,True,True,Unusually High Movement Frequency
2022-05-16,P008,PUN001,4,269,120,False,True,True,Unusually High Movement Frequency
2022-05-16,P013,PUN001,3,553,223,True,False,True,Unusual Daily Movement Volume
2022-05-16,P019,PUN001,5,330,175,False,True,True,Unusually High Movement Frequency
2022-05-16,P028,KOL001,4,515,227,False,True,True,Unusually High Movement Frequency
2022-05-17,P029,AHM001,4,323,165,False,True,True,Unusually High Movement Frequency
2022-05-18,P003,CHN001,4,437,261,False,True,True,Unusually High Movement Frequency
2022-05-18,P024,HYD001,5,37,17,False,True,True,Unusually High Movement Frequency
2022-05-18,P029,CHN001,4,273,196,False,True,True,Unusually High Movement Frequency
2022-05-19,P004,DEL001,3,552,285,True,False,True,Unusual Daily Movement Volume
2022-05-23,P009,AHM001,4,132,93,False,True,True,Unusually High Movement Frequency
2022-05-23,P016,AHM001,4,210,164,False,True,True,Unusually High Movement Frequency
2022-05-24,P006,DEL001,5,67,20,False,True,True,Unusually High Movement Frequency
2022-05-24,P026,DEL001,4,456,282,False,True,True,Unusually High Movement Frequency
2022-05-25,P003,DEL001,3,655,283,True,False,True,Unusual Daily Movement Volume
2022-05-25,P015,CHN001,3,572,227,True,False,True,Unusual Daily Movement Volume
2022-05-25,P016,CHN001,5,239,187,False,True,True,Unusually High Movement Frequency
2022-05-25,P017,DEL001,4,425,187,False,True,True,Unusually High Movement Frequency
2022-05-25,P019,DEL001,6,1186,270,True,True,True,High Volume and High Frequency
2022-05-25,P020,CHN001,4,598,266,True,True,True,High Volume and High Frequency
2022-05-27,P002,HYD001,3,586,277,True,False,True,Unusual Daily Movement Volume
2022-05-28,P017,AHM001,3,691,254,True,False,True,Unusual Daily Movement Volume
2022-05-28,P023,HYD001,4,272,134,False,True,True,Unusually High Movement Frequency
2022-05-28,P024,KOL001,4,690,237,True,True,True,High Volume and High Frequency
2022-05-28,P027,HYD001,4,555,220,True,True,True,High Volume and High Frequency
2022-05-29,P001,AHM001,4,107,91,False,True,True,Unusually High Movement Frequency
2022-05-29,P009,AHM001,4,284,259,False,True,True,Unusually High Movement Frequency
2022-05-29,P009,CHN001,3,571,281,True,False,True,Unusual Daily Movement Volume
2022-05-29,P018,CHN001,3,635,299,True,False,True,Unusual Daily Movement Volume
2022-05-29,P021,CHN001,3,616,231,True,False,True,Unusual Daily Movement Volume
2022-05-29,P024,DEL001,4,355,164,False,True,True,Unusually High Movement Frequency
2022-05-29,P030,CHN001,3,644,299,True,False,True,Unusual Daily Movement Volume
2022-05-30,P008,CHN001,4,148,108,False,True,True,Unusually High Movement Frequency
2022-05-30,P010,CHN001,4,227,178,False,True,True,Unusually High Movement Frequency
2022-05-30,P015,PUN001,4,672,252,True,True,True,High Volume and High Frequency
2022-05-30,P023,KOL001,4,558,262,True,True,True,High Volume and High Frequency
2022-05-31,P010,DEL001,3,646,258,True,False,True,Unusual Daily Movement Volume
2022-05-31,P014,KOL001,3,534,234,True,False,True,Unusual Daily Movement Volume
2022-05-31,P015,CHN001,4,175,141,False,True,True,Unusually High Movement Frequency
2022-05-31,P017,CHN001,4,352,179,False,True,True,Unusually High Movement Frequency
2022-05-31,P021,CHN001,3,592,254,True,False,True,Unusual Daily Movement Volume
2022-06-01,P016,CHN001,2,576,300,True,False,True,Unusual Daily Movement Volume
2022-06-01,P024,AHM001,4,39,17,False,True,True,Unusually High Movement Frequency
2022-06-05,P017,DEL001,3,551,247,True,False,True,Unusual Daily Movement Volume
2022-06-06,P013,DEL001,4,40,17,False,True,True,Unusually High Movement Frequency
2022-06-06,P018,HYD001,4,395,236,False,True,True,Unusually High Movement Frequency
2022-06-06,P020,HYD001,5,576,202,True,True,True,High Volume and High Frequency
2022-06-06,P029,HYD001,4,224,162,False,True,True,Unusually High Movement Frequency
2022-06-06,P030,HYD001,4,47,21,False,True,True,Unusually High Movement Frequency
2022-06-07,P018,AHM001,3,628,256,True,False,True,Unusual Daily Movement Volume
2022-06-08,P004,AHM001,4,436,207,False,True,True,Unusually High Movement Frequency
2022-06-08,P005,AHM001,5,679,235,True,True,True,High Volume and High Frequency
2022-06-08,P008,AHM001,4,770,293,True,True,True,High Volume and High Frequency
2022-06-08,P018,DEL001,2,546,286,True,False,True,Unusual Daily Movement Volume
2022-06-10,P012,AHM001,4,318,183,False,True,True,Unusually High Movement Frequency
2022-06-11,P013,CHN001,3,669,290,True,False,True,Unusual Daily Movement Volume
2022-06-12,P002,AHM001,4,504,262,False,True,True,Unusually High Movement Frequency
2022-06-12,P021,KOL001,5,184,73,False,True,True,Unusually High Movement Frequency
2022-06-12,P026,AHM001,4,296,142,False,True,True,Unusually High Movement Frequency
2022-06-12,P029,AHM001,4,465,175,False,True,True,Unusually High Movement Frequency
2022-06-13,P005,CHN001,3,540,294,True,False,True,Unusual Daily Movement Volume
2022-06-13,P010,KOL001,4,320,265,False,True,True,Unusually High Movement Frequency
2022-06-13,P019,KOL001,3,719,298,True,False,True,Unusual Daily Movement Volume
2022-06-13,P023,KOL001,4,241,211,False,True,True,Unusually High Movement Frequency
2022-06-14,P002,CHN001,4,685,279,True,True,True,High Volume and High Frequency
2022-06-14,P010,HYD001,4,251,158,False,True,True,Unusually High Movement Frequency
2022-06-14,P026,KOL001,3,538,270,True,False,True,Unusual Daily Movement Volume
2022-06-15,P006,CHN001,3,556,253,True,False,True,Unusual Daily Movement Volume
2022-06-15,P023,DEL001,4,501,171,False,True,True,Unusually High Movement Frequency
2022-06-16,P007,AHM001,4,763,279,True,True,True,High Volume and High Frequency
2022-06-16,P014,AHM001,6,1073,254,True,True,True,High Volume and High Frequency
2022-06-16,P019,PUN001,3,583,210,True,False,True,Unusual Daily Movement Volume
2022-06-16,P022,AHM001,3,532,270,True,False,True,Unusual Daily Movement Volume
2022-06-16,P027,KOL001,3,630,256,True,False,True,Unusual Daily Movement Volume
2022-06-16,P028,PUN001,3,637,294,True,False,True,Unusual Daily Movement Volume
2022-06-17,P024,KOL001,4,444,159,False,True,True,Unusually High Movement Frequency
2022-06-18,P029,KOL001,5,271,235,False,True,True,Unusually High Movement Frequency
2022-06-19,P002,CHN001,2,558,280,True,False,True,Unusual Daily Movement Volume
2022-06-19,P004,AHM001,4,434,257,False,True,True,Unusually High Movement Frequency
2022-06-19,P005,DEL001,3,647,266,True,False,True,Unusual Daily Movement Volume
2022-06-19,P014,DEL001,2,568,285,True,False,True,Unusual Daily Movement Volume
2022-06-19,P017,AHM001,5,723,258,True,True,True,High Volume and High Frequency
2022-06-19,P019,AHM001,5,302,162,False,True,True,Unusually High Movement Frequency
2022-06-19,P019,HYD001,4,195,113,False,True,True,Unusually High Movement Frequency
2022-06-19,P027,HYD001,2,565,299,True,False,True,Unusual Daily Movement Volume
2022-06-21,P012,KOL001,4,294,263,False,True,True,Unusually High Movement Frequency
2022-06-21,P027,AHM001,4,487,246,False,True,True,Unusually High Movement Frequency
2022-06-22,P015,CHN001,4,503,214,False,True,True,Unusually High Movement Frequency
2022-06-23,P025,CHN001,5,35,13,False,True,True,Unusually High Movement Frequency
2022-06-24,P008,CHN001,4,586,263,True,True,True,High Volume and High Frequency
2022-06-24,P026,KOL001,3,550,270,True,False,True,Unusual Daily Movement Volume
2022-06-25,P002,PUN001,4,60,27,False,True,True,Unusually High Movement Frequency
2022-06-26,P003,PUN001,2,563,294,True,False,True,Unusual Daily Movement Volume
2022-06-26,P007,PUN001,4,404,277,False,True,True,Unusually High Movement Frequency
2022-06-26,P010,PUN001,5,619,269,True,True,True,High Volume and High Frequency
2022-06-26,P018,AHM001,4,44,15,False,True,True,Unusually High Movement Frequency
2022-06-26,P019,PUN001,3,576,281,True,False,True,Unusual Daily Movement Volume
2022-06-26,P029,CHN001,4,541,275,True,True,True,High Volume and High Frequency
2022-06-26,P030,AHM001,4,36,15,False,True,True,Unusually High Movement Frequency
2022-06-28,P007,DEL001,3,594,263,True,False,True,Unusual Daily Movement Volume
2022-06-29,P019,PUN001,4,472,218,False,True,True,Unusually High Movement Frequency
2022-06-29,P020,PUN001,5,545,186,True,True,True,High Volume and High Frequency
2022-07-02,P006,PUN001,4,30,12,False,True,True,Unusually High Movement Frequency
2022-07-04,P014,PUN001,4,327,210,False,True,True,Unusually High Movement Frequency
2022-07-04,P021,PUN001,4,923,261,True,True,True,High Volume and High Frequency
2022-07-05,P001,AHM001,4,40,16,False,True,True,Unusually High Movement Frequency
2022-07-05,P020,KOL001,3,539,299,True,False,True,Unusual Daily Movement Volume
2022-07-06,P011,AHM001,3,777,292,True,False,True,Unusual Daily Movement Volume
2022-07-06,P024,AHM001,5,279,132,False,True,True,Unusually High Movement Frequency
2022-07-07,P016,PUN001,2,572,296,True,False,True,Unusual Daily Movement Volume
2022-07-08,P007,CHN001,2,531,280,True,False,True,Unusual Daily Movement Volume
2022-07-08,P014,CHN001,5,468,292,False,True,True,Unusually High Movement Frequency
2022-07-08,P022,DEL001,4,132,97,False,True,True,Unusually High Movement Frequency
2022-07-08,P023,CHN001,5,707,273,True,True,True,High Volume and High Frequency
2022-07-08,P026,DEL001,5,43,16,False,True,True,Unusually High Movement Frequency
2022-07-09,P005,PUN001,3,583,293,True,False,True,Unusual Daily Movement Volume
2022-07-09,P007,DEL001,3,665,250,True,False,True,Unusual Daily Movement Volume
2022-07-09,P008,KOL001,4,605,210,True,True,True,High Volume and High Frequency
2022-07-09,P016,DEL001,4,657,288,True,True,True,High Volume and High Frequency
2022-07-09,P020,CHN001,4,359,211,False,True,True,Unusually High Movement Frequency
2022-07-09,P021,DEL001,3,582,289,True,False,True,Unusual Daily Movement Volume
2022-07-09,P022,DEL001,4,668,295,True,True,True,High Volume and High Frequency
2022-07-09,P025,DEL001,3,604,255,True,False,True,Unusual Daily Movement Volume
2022-07-09,P029,KOL001,3,538,233,True,False,True,Unusual Daily Movement Volume
2022-07-09,P030,CHN001,4,712,255,True,True,True,High Volume and High Frequency
2022-07-10,P008,DEL001,4,763,271,True,True,True,High Volume and High Frequency
2022-07-10,P013,DEL001,3,536,252,True,False,True,Unusual Daily Movement Volume
2022-07-10,P020,CHN001,3,675,253,True,False,True,Unusual Daily Movement Volume
2022-07-10,P024,HYD001,2,574,294,True,False,True,Unusual Daily Movement Volume
2022-07-10,P028,DEL001,2,554,283,True,False,True,Unusual Daily Movement Volume
2022-07-14,P027,AHM001,4,640,285,True,True,True,High Volume and High Frequency
2022-07-16,P017,CHN001,4,472,190,False,True,True,Unusually High Movement Frequency
2022-07-18,P004,DEL001,3,605,276,True,False,True,Unusual Daily Movement Volume
2022-07-18,P008,DEL001,3,532,257,True,False,True,Unusual Daily Movement Volume
2022-07-19,P001,DEL001,3,606,291,True,False,True,Unusual Daily Movement Volume
2022-07-19,P002,DEL001,2,575,297,True,False,True,Unusual Daily Movement Volume
2022-07-19,P007,CHN001,4,142,64,False,True,True,Unusually High Movement Frequency
2022-07-19,P012,DEL001,4,796,298,True,True,True,High Volume and High Frequency
2022-07-20,P018,KOL001,2,550,278,True,False,True,Unusual Daily Movement Volume
2022-07-20,P022,KOL001,4,502,284,False,True,True,Unusually High Movement Frequency
2022-07-21,P022,DEL001,3,596,278,True,False,True,Unusual Daily Movement Volume
2022-07-21,P023,CHN001,4,62,18,False,True,True,Unusually High Movement Frequency
2022-07-21,P023,HYD001,4,730,261,True,True,True,High Volume and High Frequency
2022-07-22,P009,PUN001,4,534,184,True,True,True,High Volume and High Frequency
2022-07-22,P016,DEL001,4,589,283,True,True,True,High Volume and High Frequency
2022-07-22,P025,PUN001,5,809,297,True,True,True,High Volume and High Frequency
2022-07-23,P001,DEL001,5,652,289,True,True,True,High Volume and High Frequency
2022-07-23,P002,CHN001,3,564,274,True,False,True,Unusual Daily Movement Volume
2022-07-23,P007,DEL001,4,165,129,False,True,True,Unusually High Movement Frequency
2022-07-23,P007,HYD001,6,840,294,True,True,True,High Volume and High Frequency
2022-07-23,P017,DEL001,4,473,295,False,True,True,Unusually High Movement Frequency
2022-07-23,P022,DEL001,5,269,200,False,True,True,Unusually High Movement Frequency
2022-07-23,P025,HYD001,4,290,272,False,True,True,Unusually High Movement Frequency
2022-07-23,P026,DEL001,5,286,243,False,True,True,Unusually High Movement Frequency
2022-07-23,P029,DEL001,4,178,121,False,True,True,Unusually High Movement Frequency
2022-07-24,P010,DEL001,3,560,267,True,False,True,Unusual Daily Movement Volume
2022-07-24,P011,PUN001,4,67,30,False,True,True,Unusually High Movement Frequency
2022-07-25,P013,CHN001,4,364,290,False,True,True,Unusually High Movement Frequency
2022-07-26,P009,KOL001,4,364,274,False,True,True,Unusually High Movement Frequency
2022-07-26,P019,KOL001,3,535,275,True,False,True,Unusual Daily Movement Volume
2022-07-27,P009,AHM001,3,662,284,True,False,True,Unusual Daily Movement Volume
2022-07-27,P016,KOL001,3,590,283,True,False,True,Unusual Daily Movement Volume
2022-07-27,P017,DEL001,3,576,263,True,False,True,Unusual Daily Movement Volume
2022-07-27,P020,DEL001,4,187,121,False,True,True,Unusually High Movement Frequency
2022-07-27,P023,KOL001,3,552,226,True,False,True,Unusual Daily Movement Volume
2022-07-27,P026,HYD001,4,605,241,True,True,True,High Volume and High Frequency
2022-07-28,P005,HYD001,4,102,62,False,True,True,Unusually High Movement Frequency
2022-07-28,P012,PUN001,4,690,298,True,True,True,High Volume and High Frequency
2022-07-28,P028,HYD001,2,554,296,True,False,True,Unusual Daily Movement Volume
2022-07-29,P018,HYD001,4,542,226,True,True,True,High Volume and High Frequency
2022-07-29,P023,HYD001,4,358,273,False,True,True,Unusually High Movement Frequency
2022-07-29,P030,HYD001,3,605,218,True,False,True,Unusual Daily Movement Volume
2022-07-30,P004,KOL001,4,583,298,True,True,True,High Volume and High Frequency
2022-07-30,P006,KOL001,4,669,277,True,True,True,High Volume and High Frequency
2022-07-30,P008,KOL001,7,487,258,False,True,True,Unusually High Movement Frequency
2022-07-30,P009,CHN001,5,982,288,True,True,True,High Volume and High Frequency
2022-07-30,P011,KOL001,4,350,237,False,True,True,Unusually High Movement Frequency
2022-07-30,P027,KOL001,4,520,299,False,True,True,Unusually High Movement Frequency
2022-07-30,P029,KOL001,5,494,274,False,True,True,Unusually High Movement Frequency
2022-07-31,P019,HYD001,3,687,259,True,False,True,Unusual Daily Movement Volume
2022-07-31,P029,HYD001,3,544,287,True,False,True,Unusual Daily Movement Volume
2022-08-01,P007,CHN001,4,417,258,False,True,True,Unusually High Movement Frequency
2022-08-02,P020,PUN001,4,133,100,False,True,True,Unusually High Movement Frequency
2022-08-02,P030,HYD001,3,633,295,True,False,True,Unusual Daily Movement Volume
2022-08-03,P003,CHN001,5,563,258,True,True,True,High Volume and High Frequency
2022-08-03,P003,KOL001,4,508,242,False,True,True,Unusually High Movement Frequency
2022-08-03,P010,CHN001,4,348,299,False,True,True,Unusually High Movement Frequency
2022-08-03,P011,AHM001,3,618,282,True,False,True,Unusual Daily Movement Volume
2022-08-03,P016,CHN001,2,534,278,True,False,True,Unusual Daily Movement Volume
2022-08-03,P020,KOL001,2,536,296,True,False,True,Unusual Daily Movement Volume
2022-08-04,P009,CHN001,4,508,260,False,True,True,Unusually High Movement Frequency
2022-08-04,P016,PUN001,2,540,294,True,False,True,Unusual Daily Movement Volume
2022-08-04,P023,PUN001,4,679,250,True,True,True,High Volume and High Frequency
2022-08-05,P004,CHN001,5,467,202,False,True,True,Unusually High Movement Frequency
2022-08-05,P014,KOL001,4,279,185,False,True,True,Unusually High Movement Frequency
2022-08-07,P005,AHM001,4,345,236,False,True,True,Unusually High Movement Frequency
2022-08-07,P016,AHM001,4,647,298,True,True,True,High Volume and High Frequency
2022-08-07,P025,KOL001,3,659,278,True,False,True,Unusual Daily Movement Volume
2022-08-09,P007,PUN001,5,374,213,False,True,True,Unusually High Movement Frequency
2022-08-09,P022,CHN001,3,550,231,True,False,True,Unusual Daily Movement Volume
2022-08-09,P022,DEL001,3,564,228,True,False,True,Unusual Daily Movement Volume
2022-08-09,P024,CHN001,3,545,192,True,False,True,Unusual Daily Movement Volume
2022-08-09,P028,PUN001,4,33,16,False,True,True,Unusually High Movement Frequency
2022-08-10,P012,CHN001,4,261,191,False,True,True,Unusually High Movement Frequency
2022-08-11,P007,PUN001,4,358,297,False,True,True,Unusually High Movement Frequency
2022-08-11,P015,HYD001,4,437,215,False,True,True,Unusually High Movement Frequency
2022-08-12,P001,DEL001,4,278,172,False,True,True,Unusually High Movement Frequency
2022-08-12,P004,PUN001,4,246,134,False,True,True,Unusually High Movement Frequency
2022-08-12,P016,DEL001,4,103,85,False,True,True,Unusually High Movement Frequency
2022-08-12,P029,DEL001,4,191,153,False,True,True,Unusually High Movement Frequency
2022-08-13,P003,AHM001,4,299,195,False,True,True,Unusually High Movement Frequency
2022-08-13,P019,AHM001,5,533,242,True,True,True,High Volume and High Frequency
2022-08-13,P029,KOL001,4,351,272,False,True,True,Unusually High Movement Frequency
2022-08-14,P003,PUN001,4,819,297,True,True,True,High Volume and High Frequency
2022-08-15,P006,PUN001,4,378,191,False,True,True,Unusually High Movement Frequency
2022-08-15,P014,CHN001,4,438,264,False,True,True,Unusually High Movement Frequency
2022-08-15,P018,KOL001,4,492,234,False,True,True,Unusually High Movement Frequency
2022-08-15,P024,KOL001,5,190,117,False,True,True,Unusually High Movement Frequency
2022-08-15,P024,PUN001,2,568,295,True,False,True,Unusual Daily Movement Volume
2022-08-15,P029,KOL001,4,392,287,False,True,True,Unusually High Movement Frequency
2022-08-16,P005,CHN001,4,239,212,False,True,True,Unusually High Movement Frequency
2022-08-16,P017,DEL001,2,582,295,True,False,True,Unusual Daily Movement Volume
2022-08-17,P018,CHN001,5,425,188,False,True,True,Unusually High Movement Frequency
2022-08-17,P025,KOL001,3,598,231,True,False,True,Unusual Daily Movement Volume
2022-08-17,P027,DEL001,4,259,217,False,True,True,Unusually High Movement Frequency
2022-08-18,P004,AHM001,4,299,283,False,True,True,Unusually High Movement Frequency
2022-08-18,P012,AHM001,5,197,156,False,True,True,Unusually High Movement Frequency
2022-08-18,P016,AHM001,4,313,288,False,True,True,Unusually High Movement Frequency
2022-08-18,P017,DEL001,3,544,292,True,False,True,Unusual Daily Movement Volume
2022-08-18,P020,AHM001,4,68,19,False,True,True,Unusually High Movement Frequency
2022-08-18,P025,AHM001,4,263,230,False,True,True,Unusually High Movement Frequency
2022-08-18,P025,KOL001,5,41,17,False,True,True,Unusually High Movement Frequency
2022-08-18,P030,AHM001,5,407,194,False,True,True,Unusually High Movement Frequency
2022-08-19,P003,HYD001,4,279,189,False,True,True,Unusually High Movement Frequency
2022-08-20,P009,DEL001,4,393,236,False,True,True,Unusually High Movement Frequency
2022-08-20,P017,DEL001,3,570,274,True,False,True,Unusual Daily Movement Volume
2022-08-21,P003,CHN001,4,137,98,False,True,True,Unusually High Movement Frequency
2022-08-21,P022,PUN001,4,184,104,False,True,True,Unusually High Movement Frequency
2022-08-22,P012,AHM001,4,131,91,False,True,True,Unusually High Movement Frequency
2022-08-22,P019,AHM001,5,323,295,False,True,True,Unusually High Movement Frequency
2022-08-22,P022,AHM001,4,173,138,False,True,True,Unusually High Movement Frequency
2022-08-22,P027,AHM001,4,496,184,False,True,True,Unusually High Movement Frequency
2022-08-22,P027,CHN001,4,534,298,True,True,True,High Volume and High Frequency
2022-08-23,P010,DEL001,3,666,263,True,False,True,Unusual Daily Movement Volume
2022-08-24,P011,DEL001,3,732,283,True,False,True,Unusual Daily Movement Volume
2022-08-24,P028,KOL001,5,534,294,True,True,True,High Volume and High Frequency
2022-08-25,P006,HYD001,5,905,268,True,True,True,High Volume and High Frequency
2022-08-25,P016,HYD001,4,669,267,True,True,True,High Volume and High Frequency
2022-08-25,P029,HYD001,2,571,297,True,False,True,Unusual Daily Movement Volume
2022-08-26,P022,KOL001,4,340,165,False,True,True,Unusually High Movement Frequency
2022-08-26,P023,KOL001,4,270,245,False,True,True,Unusually High Movement Frequency
2022-08-28,P011,CHN001,4,271,242,False,True,True,Unusually High Movement Frequency
2022-08-28,P017,CHN001,4,28,15,False,True,True,Unusually High Movement Frequency
2022-08-28,P021,CHN001,5,417,199,False,True,True,Unusually High Movement Frequency
2022-08-29,P015,KOL001,2,556,281,True,False,True,Unusual Daily Movement Volume
2022-08-30,P010,CHN001,6,505,280,False,True,True,Unusually High Movement Frequency
2022-08-30,P022,HYD001,3,673,281,True,False,True,Unusual Daily Movement Volume
2022-08-31,P016,CHN001,3,602,285,True,False,True,Unusual Daily Movement Volume
2022-09-01,P003,AHM001,2,536,300,True,False,True,Unusual Daily Movement Volume
2022-09-01,P012,AHM001,4,479,267,False,True,True,Unusually High Movement Frequency
2022-09-02,P005,CHN001,4,58,19,False,True,True,Unusually High Movement Frequency
2022-09-02,P005,HYD001,3,734,280,True,False,True,Unusual Daily Movement Volume
2022-09-02,P028,HYD001,3,669,292,True,False,True,Unusual Daily Movement Volume
2022-09-03,P024,CHN001,4,495,182,False,True,True,Unusually High Movement Frequency
2022-09-05,P001,HYD001,3,668,299,True,False,True,Unusual Daily Movement Volume
2022-09-05,P004,KOL001,3,680,281,True,False,True,Unusual Daily Movement Volume
2022-09-05,P019,HYD001,4,177,96,False,True,True,Unusually High Movement Frequency
2022-09-06,P001,CHN001,6,573,270,True,True,True,High Volume and High Frequency
2022-09-06,P011,KOL001,3,597,273,True,False,True,Unusual Daily Movement Volume
2022-09-06,P021,AHM001,5,390,162,False,True,True,Unusually High Movement Frequency
2022-09-07,P006,DEL001,4,102,75,False,True,True,Unusually High Movement Frequency
2022-09-07,P006,KOL001,4,52,20,False,True,True,Unusually High Movement Frequency
2022-09-08,P007,HYD001,6,885,242,True,True,True,High Volume and High Frequency
2022-09-08,P012,HYD001,5,334,287,False,True,True,Unusually High Movement Frequency
2022-09-08,P013,HYD001,6,986,286,True,True,True,High Volume and High Frequency
2022-09-08,P025,HYD001,4,117,72,False,True,True,Unusually High Movement Frequency
2022-09-09,P013,DEL001,3,742,296,True,False,True,Unusual Daily Movement Volume
2022-09-09,P018,DEL001,4,629,298,True,True,True,High Volume and High Frequency
2022-09-10,P001,PUN001,4,69,18,False,True,True,Unusually High Movement Frequency
2022-09-10,P003,KOL001,4,360,129,False,True,True,Unusually High Movement Frequency
2022-09-10,P006,KOL001,5,86,28,False,True,True,Unusually High Movement Frequency
2022-09-10,P007,KOL001,4,60,26,False,True,True,Unusually High Movement Frequency
2022-09-10,P011,KOL001,4,807,299,True,True,True,High Volume and High Frequency
2022-09-10,P015,KOL001,5,151,108,False,True,True,Unusually High Movement Frequency
2022-09-11,P003,CHN001,4,521,282,False,True,True,Unusually High Movement Frequency
2022-09-11,P005,CHN001,2,547,276,True,False,True,Unusual Daily Movement Volume
2022-09-12,P008,HYD001,4,482,161,False,True,True,Unusually High Movement Frequency
2022-09-12,P021,PUN001,3,560,250,True,False,True,Unusual Daily Movement Volume
2022-09-12,P025,PUN001,3,600,225,True,False,True,Unusual Daily Movement Volume
2022-09-12,P026,HYD001,4,542,258,True,True,True,High Volume and High Frequency
2022-09-13,P004,KOL001,4,526,279,False,True,True,Unusually High Movement Frequency
2022-09-13,P011,KOL001,4,203,115,False,True,True,Unusually High Movement Frequency
2022-09-13,P019,KOL001,4,553,267,True,True,True,High Volume and High Frequency
2022-09-14,P005,CHN001,4,68,30,False,True,True,Unusually High Movement Frequency
2022-09-14,P018,CHN001,4,52,18,False,True,True,Unusually High Movement Frequency
2022-09-15,P009,PUN001,4,95,51,False,True,True,Unusually High Movement Frequency
2022-09-16,P016,HYD001,4,448,218,False,True,True,Unusually High Movement Frequency
2022-09-17,P004,KOL001,3,548,257,True,False,True,Unusual Daily Movement Volume
2022-09-17,P016,KOL001,3,813,288,True,False,True,Unusual Daily Movement Volume
2022-09-17,P017,PUN001,3,629,264,True,False,True,Unusual Daily Movement Volume
2022-09-17,P023,KOL001,4,525,244,False,True,True,Unusually High Movement Frequency
2022-09-18,P022,DEL001,4,850,232,True,True,True,High Volume and High Frequency
2022-09-18,P030,DEL001,4,389,262,False,True,True,Unusually High Movement Frequency
2022-09-19,P004,CHN001,4,51,18,False,True,True,Unusually High Movement Frequency
2022-09-19,P022,CHN001,5,67,19,False,True,True,Unusually High Movement Frequency
2022-09-19,P028,HYD001,2,564,293,True,False,True,Unusual Daily Movement Volume
2022-09-20,P001,HYD001,4,37,17,False,True,True,Unusually High Movement Frequency
2022-09-20,P012,CHN001,3,532,294,True,False,True,Unusual Daily Movement Volume
2022-09-20,P013,CHN001,3,714,264,True,False,True,Unusual Daily Movement Volume
2022-09-20,P016,HYD001,4,32,20,False,True,True,Unusually High Movement Frequency
2022-09-21,P003,PUN001,3,583,284,True,False,True,Unusual Daily Movement Volume
2022-09-21,P015,PUN001,4,485,263,False,True,True,Unusually High Movement Frequency
2022-09-21,P019,DEL001,3,648,262,True,False,True,Unusual Daily Movement Volume
2022-09-21,P024,DEL001,4,568,252,True,True,True,High Volume and High Frequency
2022-09-21,P024,PUN001,6,899,299,True,True,True,High Volume and High Frequency
2022-09-22,P015,AHM001,3,564,234,True,False,True,Unusual Daily Movement Volume
2022-09-22,P027,HYD001,4,278,260,False,True,True,Unusually High Movement Frequency
2022-09-23,P013,AHM001,3,682,298,True,False,True,Unusual Daily Movement Volume
2022-09-24,P017,DEL001,4,40,15,False,True,True,Unusually High Movement Frequency
2022-09-24,P027,CHN001,4,200,120,False,True,True,Unusually High Movement Frequency
2022-09-25,P007,HYD001,4,329,140,False,True,True,Unusually High Movement Frequency
2022-09-26,P003,DEL001,2,549,277,True,False,True,Unusual Daily Movement Volume
2022-09-27,P002,AHM001,4,443,243,False,True,True,Unusually High Movement Frequency
2022-09-28,P010,DEL001,3,687,299,True,False,True,Unusual Daily Movement Volume
2022-09-28,P019,CHN001,3,712,272,True,False,True,Unusual Daily Movement Volume
2022-09-28,P021,DEL001,4,410,270,False,True,True,Unusually High Movement Frequency
2022-09-28,P022,KOL001,4,291,258,False,True,True,Unusually High Movement Frequency
2022-09-28,P023,KOL001,4,211,179,False,True,True,Unusually High Movement Frequency
2022-09-28,P024,DEL001,3,665,281,True,False,True,Unusual Daily Movement Volume
2022-09-28,P026,DEL001,4,568,282,True,True,True,High Volume and High Frequency
2022-09-29,P001,DEL001,4,121,76,False,True,True,Unusually High Movement Frequency
2022-09-29,P021,DEL001,3,635,226,True,False,True,Unusual Daily Movement Volume
2022-10-03,P009,KOL001,2,545,276,True,False,True,Unusual Daily Movement Volume
2022-10-03,P025,CHN001,4,258,132,False,True,True,Unusually High Movement Frequency
2022-10-04,P007,AHM001,4,31,15,False,True,True,Unusually High Movement Frequency
2022-10-04,P008,PUN001,3,583,212,True,False,True,Unusual Daily Movement Volume
2022-10-05,P003,PUN001,3,838,299,True,False,True,Unusual Daily Movement Volume
2022-10-05,P029,PUN001,4,349,148,False,True,True,Unusually High Movement Frequency
2022-10-06,P026,DEL001,4,631,290,True,True,True,High Volume and High Frequency
2022-10-07,P007,PUN001,2,539,285,True,False,True,Unusual Daily Movement Volume
2022-10-07,P009,PUN001,4,884,285,True,True,True,High Volume and High Frequency
2022-10-07,P017,AHM001,3,731,284,True,False,True,Unusual Daily Movement Volume
2022-10-07,P019,KOL001,5,531,244,True,True,True,High Volume and High Frequency
2022-10-07,P021,KOL001,4,453,238,False,True,True,Unusually High Movement Frequency
2022-10-07,P022,PUN001,3,556,237,True,False,True,Unusual Daily Movement Volume
2022-10-07,P026,DEL001,5,281,217,False,True,True,Unusually High Movement Frequency
2022-10-07,P029,KOL001,4,868,266,True,True,True,High Volume and High Frequency
2022-10-10,P019,CHN001,4,445,213,False,True,True,Unusually High Movement Frequency
2022-10-10,P021,PUN001,5,495,280,False,True,True,Unusually High Movement Frequency
2022-10-10,P029,PUN001,2,538,271,True,False,True,Unusual Daily Movement Volume
2022-10-12,P001,KOL001,4,183,146,False,True,True,Unusually High Movement Frequency
2022-10-12,P005,KOL001,4,248,152,False,True,True,Unusually High Movement Frequency
2022-10-12,P017,KOL001,4,489,214,False,True,True,Unusually High Movement Frequency
2022-10-12,P029,CHN001,4,441,297,False,True,True,Unusually High Movement Frequency
2022-10-14,P011,PUN001,3,749,288,True,False,True,Unusual Daily Movement Volume
2022-10-14,P025,PUN001,4,664,289,True,True,True,High Volume and High Frequency
2022-10-15,P004,KOL001,4,576,299,True,True,True,High Volume and High Frequency
2022-10-15,P028,KOL001,4,276,243,False,True,True,Unusually High Movement Frequency
2022-10-18,P017,HYD001,2,533,280,True,False,True,Unusual Daily Movement Volume
2022-10-20,P005,AHM001,3,621,244,True,False,True,Unusual Daily Movement Volume
2022-10-20,P014,HYD001,5,859,249,True,True,True,High Volume and High Frequency
2022-10-20,P017,DEL001,3,540,278,True,False,True,Unusual Daily Movement Volume
2022-10-20,P019,AHM001,2,539,291,True,False,True,Unusual Daily Movement Volume
2022-10-20,P020,AHM001,4,536,293,True,True,True,High Volume and High Frequency
2022-10-21,P001,CHN001,4,430,229,False,True,True,Unusually High Movement Frequency
2022-10-21,P014,CHN001,4,192,164,False,True,True,Unusually High Movement Frequency
2022-10-23,P007,CHN001,4,416,167,False,True,True,Unusually High Movement Frequency
2022-10-23,P014,HYD001,4,231,108,False,True,True,Unusually High Movement Frequency
2022-10-24,P003,KOL001,3,564,289,True,False,True,Unusual Daily Movement Volume
2022-10-24,P005,CHN001,4,423,273,False,True,True,Unusually High Movement Frequency
2022-10-24,P007,AHM001,2,536,294,True,False,True,Unusual Daily Movement Volume
2022-10-24,P012,KOL001,4,427,265,False,True,True,Unusually High Movement Frequency
2022-10-24,P023,AHM001,5,820,241,True,True,True,High Volume and High Frequency
2022-10-25,P019,KOL001,4,50,17,False,True,True,Unusually High Movement Frequency
2022-10-26,P009,PUN001,4,254,165,False,True,True,Unusually High Movement Frequency
2022-10-26,P022,CHN001,4,574,216,True,True,True,High Volume and High Frequency
2022-10-26,P029,PUN001,4,50,17,False,True,True,Unusually High Movement Frequency
2022-10-28,P021,PUN001,3,610,270,True,False,True,Unusual Daily Movement Volume
2022-10-28,P027,PUN001,4,405,205,False,True,True,Unusually High Movement Frequency
2022-10-28,P030,PUN001,4,397,275,False,True,True,Unusually High Movement Frequency
2022-10-29,P009,PUN001,3,786,294,True,False,True,Unusual Daily Movement Volume
2022-10-29,P018,PUN001,3,651,266,True,False,True,Unusual Daily Movement Volume
2022-10-29,P020,PUN001,4,343,212,False,True,True,Unusually High Movement Frequency
2022-10-30,P005,PUN001,4,113,81,False,True,True,Unusually High Movement Frequency
2022-10-30,P006,PUN001,6,1014,299,True,True,True,High Volume and High Frequency
2022-10-30,P019,PUN001,4,678,250,True,True,True,High Volume and High Frequency
2022-10-31,P002,HYD001,4,602,269,True,True,True,High Volume and High Frequency
2022-10-31,P012,CHN001,4,736,288,True,True,True,High Volume and High Frequency
2022-10-31,P019,AHM001,4,550,209,True,True,True,High Volume and High Frequency
2022-10-31,P029,HYD001,4,225,185,False,True,True,Unusually High Movement Frequency
2022-11-02,P002,DEL001,3,791,300,True,False,True,Unusual Daily Movement Volume
2022-11-02,P025,KOL001,3,619,293,True,False,True,Unusual Daily Movement Volume
2022-11-03,P013,CHN001,4,293,193,False,True,True,Unusually High Movement Frequency
2022-11-03,P014,CHN001,4,31,12,False,True,True,Unusually High Movement Frequency
2022-11-03,P021,CHN001,4,445,288,False,True,True,Unusually High Movement Frequency
2022-11-03,P026,KOL001,4,208,96,False,True,True,Unusually High Movement Frequency
2022-11-04,P022,DEL001,4,409,229,False,True,True,Unusually High Movement Frequency
2022-11-04,P023,AHM001,4,764,266,True,True,True,High Volume and High Frequency
2022-11-04,P030,DEL001,5,605,214,True,True,True,High Volume and High Frequency
2022-11-07,P004,AHM001,4,637,271,True,True,True,High Volume and High Frequency
2022-11-07,P006,CHN001,4,126,104,False,True,True,Unusually High Movement Frequency
2022-11-07,P011,HYD001,3,531,271,True,False,True,Unusual Daily Movement Volume
2022-11-07,P016,CHN001,5,259,208,False,True,True,Unusually High Movement Frequency
2022-11-07,P017,HYD001,3,618,275,True,False,True,Unusual Daily Movement Volume
2022-11-07,P024,KOL001,3,573,289,True,False,True,Unusual Daily Movement Volume
2022-11-07,P025,KOL001,4,704,272,True,True,True,High Volume and High Frequency
2022-11-08,P007,HYD001,3,600,233,True,False,True,Unusual Daily Movement Volume
2022-11-08,P010,KOL001,4,356,228,False,True,True,Unusually High Movement Frequency
2022-11-09,P008,HYD001,4,620,299,True,True,True,High Volume and High Frequency
2022-11-09,P014,CHN001,5,396,183,False,True,True,Unusually High Movement Frequency
2022-11-11,P006,CHN001,4,46,15,False,True,True,Unusually High Movement Frequency
2022-11-11,P007,CHN001,4,111,67,False,True,True,Unusually High Movement Frequency
2022-11-11,P011,CHN001,4,475,280,False,True,True,Unusually High Movement Frequency
2022-11-12,P007,CHN001,4,484,268,False,True,True,Unusually High Movement Frequency
2022-11-13,P006,HYD001,4,503,260,False,True,True,Unusually High Movement Frequency
2022-11-13,P013,KOL001,4,199,92,False,True,True,Unusually High Movement Frequency
2022-11-13,P016,HYD001,4,33,18,False,True,True,Unusually High Movement Frequency
2022-11-13,P018,KOL001,4,264,234,False,True,True,Unusually High Movement Frequency
2022-11-13,P018,PUN001,5,196,157,False,True,True,Unusually High Movement Frequency
2022-11-14,P010,KOL001,4,504,278,False,True,True,Unusually High Movement Frequency
2022-11-14,P022,HYD001,4,560,274,True,True,True,High Volume and High Frequency
2022-11-14,P024,DEL001,2,536,283,True,False,True,Unusual Daily Movement Volume
2022-11-17,P014,DEL001,5,1042,285,True,True,True,High Volume and High Frequency
2022-11-17,P020,KOL001,5,301,261,False,True,True,Unusually High Movement Frequency
2022-11-18,P023,DEL001,4,758,245,True,True,True,High Volume and High Frequency
2022-11-19,P003,CHN001,3,587,249,True,False,True,Unusual Daily Movement Volume
2022-11-19,P014,HYD001,4,341,228,False,True,True,Unusually High Movement Frequency
2022-11-19,P018,CHN001,4,450,177,False,True,True,Unusually High Movement Frequency
2022-11-19,P025,KOL001,4,315,275,False,True,True,Unusually High Movement Frequency
2022-11-19,P030,KOL001,4,220,173,False,True,True,Unusually High Movement Frequency
2022-11-20,P007,CHN001,4,34,14,False,True,True,Unusually High Movement Frequency
2022-11-20,P015,HYD001,3,755,283,True,False,True,Unusual Daily Movement Volume
2022-11-20,P026,HYD001,3,846,290,True,False,True,Unusual Daily Movement Volume
2022-11-21,P015,PUN001,5,269,167,False,True,True,Unusually High Movement Frequency
2022-11-23,P001,HYD001,4,415,216,False,True,True,Unusually High Movement Frequency
2022-11-23,P002,HYD001,4,523,269,False,True,True,Unusually High Movement Frequency
2022-11-23,P014,CHN001,4,161,126,False,True,True,Unusually High Movement Frequency
2022-11-23,P028,CHN001,4,142,120,False,True,True,Unusually High Movement Frequency
2022-11-24,P001,HYD001,4,447,256,False,True,True,Unusually High Movement Frequency
2022-11-24,P017,HYD001,4,186,110,False,True,True,Unusually High Movement Frequency
2022-11-25,P014,HYD001,4,64,44,False,True,True,Unusually High Movement Frequency
2022-11-25,P014,KOL001,4,178,144,False,True,True,Unusually High Movement Frequency
2022-11-25,P026,HYD001,4,192,157,False,True,True,Unusually High Movement Frequency
2022-11-25,P026,KOL001,4,213,186,False,True,True,Unusually High Movement Frequency
2022-11-26,P020,KOL001,3,671,297,True,False,True,Unusual Daily Movement Volume
2022-11-28,P008,CHN001,3,574,286,True,False,True,Unusual Daily Movement Volume
2022-11-28,P012,KOL001,4,565,273,True,True,True,High Volume and High Frequency
2022-11-28,P017,KOL001,3,535,290,True,False,True,Unusual Daily Movement Volume
2022-11-29,P015,CHN001,4,710,275,True,True,True,High Volume and High Frequency
2022-12-01,P009,HYD001,3,583,299,True,False,True,Unusual Daily Movement Volume
2022-12-02,P019,AHM001,4,523,235,False,True,True,Unusually High Movement Frequency
2022-12-03,P007,KOL001,2,566,284,True,False,True,Unusual Daily Movement Volume
2022-12-03,P007,PUN001,5,61,18,False,True,True,Unusually High Movement Frequency
2022-12-03,P009,PUN001,4,51,16,False,True,True,Unusually High Movement Frequency
2022-12-04,P019,CHN001,2,532,288,True,False,True,Unusual Daily Movement Volume
2022-12-04,P027,DEL001,2,556,287,True,False,True,Unusual Daily Movement Volume
2022-12-05,P018,DEL001,5,948,284,True,True,True,High Volume and High Frequency
2022-12-05,P020,CHN001,4,457,278,False,True,True,Unusually High Movement Frequency
2022-12-05,P025,HYD001,4,977,299,True,True,True,High Volume and High Frequency
2022-12-06,P010,DEL001,4,192,71,False,True,True,Unusually High Movement Frequency
2022-12-06,P013,CHN001,4,276,252,False,True,True,Unusually High Movement Frequency
2022-12-06,P018,DEL001,3,730,265,True,False,True,Unusual Daily Movement Volume
2022-12-06,P023,CHN001,3,532,265,True,False,True,Unusual Daily Movement Volume
2022-12-06,P027,CHN001,4,538,205,True,True,True,High Volume and High Frequency
2022-12-07,P003,CHN001,4,511,198,False,True,True,Unusually High Movement Frequency
2022-12-07,P004,CHN001,5,634,289,True,True,True,High Volume and High Frequency
2022-12-07,P009,CHN001,5,321,241,False,True,True,Unusually High Movement Frequency
2022-12-07,P014,CHN001,3,668,295,True,False,True,Unusual Daily Movement Volume
2022-12-07,P021,CHN001,6,143,60,False,True,True,Unusually High Movement Frequency
2022-12-07,P022,CHN001,4,56,20,False,True,True,Unusually High Movement Frequency
2022-12-07,P028,CHN001,4,299,282,False,True,True,Unusually High Movement Frequency
2022-12-07,P029,DEL001,3,615,297,True,False,True,Unusual Daily Movement Volume
2022-12-09,P003,DEL001,3,536,260,True,False,True,Unusual Daily Movement Volume
2022-12-09,P005,HYD001,4,241,167,False,True,True,Unusually High Movement Frequency
2022-12-09,P024,HYD001,4,246,119,False,True,True,Unusually High Movement Frequency
2022-12-09,P028,PUN001,4,504,249,False,True,True,Unusually High Movement Frequency
2022-12-10,P013,DEL001,2,555,299,True,False,True,Unusual Daily Movement Volume
2022-12-10,P017,CHN001,4,47,19,False,True,True,Unusually High Movement Frequency
2022-12-12,P011,AHM001,4,258,243,False,True,True,Unusually High Movement Frequency
2022-12-12,P017,CHN001,2,538,296,True,False,True,Unusual Daily Movement Volume
2022-12-14,P004,KOL001,4,569,238,True,True,True,High Volume and High Frequency
2022-12-14,P007,AHM001,4,561,261,True,True,True,High Volume and High Frequency
2022-12-14,P028,KOL001,3,631,287,True,False,True,Unusual Daily Movement Volume
2022-12-14,P030,DEL001,2,571,293,True,False,True,Unusual Daily Movement Volume
2022-12-15,P012,KOL001,4,551,246,True,True,True,High Volume and High Frequency
2022-12-15,P018,KOL001,4,480,267,False,True,True,Unusually High Movement Frequency
2022-12-15,P029,KOL001,4,667,251,True,True,True,High Volume and High Frequency
2022-12-16,P020,AHM001,4,438,202,False,True,True,Unusually High Movement Frequency
2022-12-17,P004,HYD001,4,426,234,False,True,True,Unusually High Movement Frequency
2022-12-17,P008,DEL001,3,588,252,True,False,True,Unusual Daily Movement Volume
2022-12-17,P021,HYD001,5,509,282,False,True,True,Unusually High Movement Frequency
2022-12-17,P025,DEL001,4,610,269,True,True,True,High Volume and High Frequency
2022-12-17,P028,CHN001,3,616,244,True,False,True,Unusual Daily Movement Volume
2022-12-18,P021,AHM001,3,715,288,True,False,True,Unusual Daily Movement Volume
2022-12-18,P028,CHN001,4,118,77,False,True,True,Unusually High Movement Frequency
2022-12-19,P003,CHN001,3,537,275,True,False,True,Unusual Daily Movement Volume
2022-12-20,P007,KOL001,6,865,285,True,True,True,High Volume and High Frequency
2022-12-20,P007,PUN001,3,795,275,True,False,True,Unusual Daily Movement Volume
2022-12-20,P021,KOL001,2,536,284,True,False,True,Unusual Daily Movement Volume
2022-12-20,P027,KOL001,4,276,169,False,True,True,Unusually High Movement Frequency
2022-12-21,P009,DEL001,3,702,296,True,False,True,Unusual Daily Movement Volume
2022-12-21,P017,DEL001,5,692,239,True,True,True,High Volume and High Frequency
2022-12-21,P028,DEL001,2,559,287,True,False,True,Unusual Daily Movement Volume
2022-12-22,P024,PUN001,2,541,293,True,False,True,Unusual Daily Movement Volume
2022-12-22,P025,DEL001,4,563,294,True,True,True,High Volume and High Frequency
2022-12-24,P002,PUN001,3,563,277,True,False,True,Unusual Daily Movement Volume
2022-12-24,P016,PUN001,3,584,297,True,False,True,Unusual Daily Movement Volume
2022-12-25,P002,HYD001,4,500,256,False,True,True,Unusually High Movement Frequency
2022-12-25,P006,CHN001,4,303,197,False,True,True,Unusually High Movement Frequency
2022-12-25,P017,HYD001,3,542,242,True,False,True,Unusual Daily Movement Volume
2022-12-25,P027,AHM001,6,1055,288,True,True,True,High Volume and High Frequency
2022-12-26,P005,PUN001,4,580,191,True,True,True,High Volume and High Frequency
2022-12-26,P012,CHN001,4,407,220,False,True,True,Unusually High Movement Frequency
2022-12-26,P020,DEL001,5,604,274,True,True,True,High Volume and High Frequency
2022-12-27,P014,KOL001,4,551,277,True,True,True,High Volume and High Frequency
2022-12-28,P009,DEL001,5,370,249,False,True,True,Unusually High Movement Frequency
2022-12-28,P010,DEL001,5,472,216,False,True,True,Unusually High Movement Frequency
2022-12-30,P004,HYD001,2,549,288,True,False,True,Unusual Daily Movement Volume
2022-12-30,P014,HYD001,4,182,99,False,True,True,Unusually High Movement Frequency
2022-12-31,P002,KOL001,4,538,276,True,True,True,High Volume and High Frequency
2022-12-31,P004,PUN001,4,631,285,True,True,True,High Volume and High Frequency
2022-12-31,P014,KOL001,3,616,279,True,False,True,Unusual Daily Movement Volume
2022-12-31,P017,PUN001,5,535,231,True,True,True,High Volume and High Frequency
2022-12-31,P018,PUN001,4,462,225,False,True,True,Unusually High Movement Frequency
2022-12-31,P021,KOL001,3,653,277,True,False,True,Unusual Daily Movement Volume
2023-01-01,P008,KOL001,4,251,203,False,True,True,Unusually High Movement Frequency
2023-01-01,P009,HYD001,6,126,70,False,True,True,Unusually High Movement Frequency
2023-01-01,P016,AHM001,4,70,52,False,True,True,Unusually High Movement Frequency
2023-01-02,P008,CHN001,4,493,291,False,True,True,Unusually High Movement Frequency
2023-01-02,P010,KOL001,4,271,244,False,True,True,Unusually High Movement Frequency
2023-01-03,P006,CHN001,4,251,198,False,True,True,Unusually High Movement Frequency
2023-01-03,P009,CHN001,4,1029,266,True,True,True,High Volume and High Frequency
2023-01-03,P020,KOL001,3,638,290,True,False,True,Unusual Daily Movement Volume
2023-01-04,P011,AHM001,4,212,208,False,True,True,Unusually High Movement Frequency
2023-01-04,P018,DEL001,4,439,217,False,True,True,Unusually High Movement Frequency
2023-01-04,P027,DEL001,3,746,274,True,False,True,Unusual Daily Movement Volume
2023-01-05,P008,HYD001,4,512,256,False,True,True,Unusually High Movement Frequency
2023-01-05,P022,AHM001,4,378,241,False,True,True,Unusually High Movement Frequency
2023-01-07,P004,KOL001,3,588,267,True,False,True,Unusual Daily Movement Volume
2023-01-07,P007,KOL001,3,652,266,True,False,True,Unusual Daily Movement Volume
2023-01-07,P020,KOL001,2,567,289,True,False,True,Unusual Daily Movement Volume
2023-01-08,P018,KOL001,3,595,208,True,False,True,Unusual Daily Movement Volume
2023-01-09,P012,DEL001,4,120,83,False,True,True,Unusually High Movement Frequency
2023-01-09,P013,DEL001,3,546,207,True,False,True,Unusual Daily Movement Volume
2023-01-09,P020,DEL001,3,532,258,True,False,True,Unusual Daily Movement Volume
2023-01-09,P023,DEL001,4,635,280,True,True,True,High Volume and High Frequency
2023-01-11,P011,AHM001,4,276,160,False,True,True,Unusually High Movement Frequency
2023-01-11,P022,AHM001,4,297,271,False,True,True,Unusually High Movement Frequency
2023-01-11,P025,CHN001,4,793,264,True,True,True,High Volume and High Frequency
2023-01-14,P001,DEL001,3,539,276,True,False,True,Unusual Daily Movement Volume
2023-01-14,P005,CHN001,4,324,296,False,True,True,Unusually High Movement Frequency
2023-01-14,P019,PUN001,2,577,289,True,False,True,Unusual Daily Movement Volume
2023-01-14,P022,CHN001,5,462,268,False,True,True,Unusually High Movement Frequency
2023-01-14,P025,CHN001,6,66,19,False,True,True,Unusually High Movement Frequency
2023-01-14,P029,PUN001,4,583,193,True,True,True,High Volume and High Frequency
2023-01-14,P030,PUN001,4,446,203,False,True,True,Unusually High Movement Frequency
2023-01-15,P002,KOL001,4,308,188,False,True,True,Unusually High Movement Frequency
2023-01-15,P012,AHM001,4,316,277,False,True,True,Unusually High Movement Frequency
2023-01-15,P030,HYD001,3,807,298,True,False,True,Unusual Daily Movement Volume
2023-01-16,P007,CHN001,4,150,61,False,True,True,Unusually High Movement Frequency
2023-01-16,P016,DEL001,4,643,220,True,True,True,High Volume and High Frequency
2023-01-19,P003,PUN001,4,885,294,True,True,True,High Volume and High Frequency
2023-01-19,P010,KOL001,4,59,20,False,True,True,Unusually High Movement Frequency
2023-01-19,P021,KOL001,2,571,292,True,False,True,Unusual Daily Movement Volume
2023-01-19,P023,CHN001,4,283,241,False,True,True,Unusually High Movement Frequency
2023-01-19,P023,PUN001,4,236,113,False,True,True,Unusually High Movement Frequency
2023-01-21,P001,DEL001,4,824,237,True,True,True,High Volume and High Frequency
2023-01-21,P002,DEL001,3,577,295,True,False,True,Unusual Daily Movement Volume
2023-01-21,P009,CHN001,3,614,225,True,False,True,Unusual Daily Movement Volume
2023-01-21,P011,DEL001,4,400,242,False,True,True,Unusually High Movement Frequency
2023-01-21,P020,DEL001,4,629,258,True,True,True,High Volume and High Frequency
2023-01-21,P027,DEL001,4,540,176,True,True,True,High Volume and High Frequency
2023-01-24,P006,HYD001,2,551,291,True,False,True,Unusual Daily Movement Volume
2023-01-24,P019,HYD001,3,714,278,True,False,True,Unusual Daily Movement Volume
2023-01-24,P020,KOL001,4,53,19,False,True,True,Unusually High Movement Frequency
2023-01-25,P014,AHM001,4,539,208,True,True,True,High Volume and High Frequency
2023-01-25,P016,AHM001,5,848,249,True,True,True,High Volume and High Frequency
2023-01-25,P019,DEL001,3,538,254,True,False,True,Unusual Daily Movement Volume
2023-01-25,P020,DEL001,4,744,290,True,True,True,High Volume and High Frequency
2023-01-25,P022,DEL001,2,531,296,True,False,True,Unusual Daily Movement Volume
2023-01-26,P017,CHN001,4,47,19,False,True,True,Unusually High Movement Frequency
2023-01-26,P027,PUN001,4,919,287,True,True,True,High Volume and High Frequency
2023-01-26,P030,DEL001,4,40,17,False,True,True,Unusually High Movement Frequency
2023-01-27,P003,HYD001,4,75,26,False,True,True,Unusually High Movement Frequency
2023-01-28,P009,DEL001,5,37,18,False,True,True,Unusually High Movement Frequency
2023-01-28,P015,KOL001,3,608,289,True,False,True,Unusual Daily Movement Volume
2023-01-30,P003,PUN001,4,647,228,True,True,True,High Volume and High Frequency
2023-01-30,P004,DEL001,3,691,285,True,False,True,Unusual Daily Movement Volume
2023-01-30,P006,PUN001,4,294,163,False,True,True,Unusually High Movement Frequency
2023-01-30,P008,HYD001,4,49,16,False,True,True,Unusually High Movement Frequency
2023-01-30,P009,PUN001,4,818,251,True,True,True,High Volume and High Frequency
2023-01-30,P020,DEL001,4,319,282,False,True,True,Unusually High Movement Frequency
2023-01-30,P023,PUN001,3,546,286,True,False,True,Unusual Daily Movement Volume
2023-01-31,P016,HYD001,3,590,294,True,False,True,Unusual Daily Movement Volume
2023-02-01,P015,PUN001,2,554,296,True,False,True,Unusual Daily Movement Volume
2023-02-01,P021,PUN001,4,33,14,False,True,True,Unusually High Movement Frequency
2023-02-02,P010,DEL001,3,548,278,True,False,True,Unusual Daily Movement Volume
2023-02-02,P011,DEL001,4,685,214,True,True,True,High Volume and High Frequency
2023-02-02,P022,DEL001,3,552,223,True,False,True,Unusual Daily Movement Volume
2023-02-02,P030,DEL001,3,621,280,True,False,True,Unusual Daily Movement Volume
2023-02-04,P010,AHM001,4,150,98,False,True,True,Unusually High Movement Frequency
2023-02-04,P011,AHM001,4,457,225,False,True,True,Unusually High Movement Frequency
2023-02-04,P024,AHM001,6,539,185,True,True,True,High Volume and High Frequency
2023-02-04,P025,AHM001,4,206,168,False,True,True,Unusually High Movement Frequency
2023-02-06,P018,KOL001,4,51,20,False,True,True,Unusually High Movement Frequency
2023-02-06,P026,DEL001,4,350,231,False,True,True,Unusually High Movement Frequency
2023-02-07,P013,PUN001,6,398,193,False,True,True,Unusually High Movement Frequency
2023-02-08,P007,DEL001,2,548,292,True,False,True,Unusual Daily Movement Volume
2023-02-08,P009,KOL001,2,534,289,True,False,True,Unusual Daily Movement Volume
2023-02-08,P025,CHN001,4,753,279,True,True,True,High Volume and High Frequency
2023-02-08,P025,DEL001,4,631,289,True,True,True,High Volume and High Frequency
2023-02-09,P005,CHN001,4,204,172,False,True,True,Unusually High Movement Frequency
2023-02-11,P004,PUN001,4,227,188,False,True,True,Unusually High Movement Frequency
2023-02-11,P016,PUN001,4,355,268,False,True,True,Unusually High Movement Frequency
2023-02-11,P022,HYD001,4,630,209,True,True,True,High Volume and High Frequency
2023-02-12,P012,CHN001,5,736,218,True,True,True,High Volume and High Frequency
2023-02-13,P016,KOL001,3,545,280,True,False,True,Unusual Daily Movement Volume
2023-02-13,P018,CHN001,4,566,259,True,True,True,High Volume and High Frequency
2023-02-13,P020,CHN001,4,327,220,False,True,True,Unusually High Movement Frequency
2023-02-13,P024,DEL001,3,563,294,True,False,True,Unusual Daily Movement Volume
2023-02-14,P003,KOL001,2,580,291,True,False,True,Unusual Daily Movement Volume
2023-02-14,P013,CHN001,4,85,49,False,True,True,Unusually High Movement Frequency
2023-02-16,P023,PUN001,3,665,279,True,False,True,Unusual Daily Movement Volume
2023-02-18,P009,HYD001,4,494,166,False,True,True,Unusually High Movement Frequency
2023-02-18,P014,HYD001,3,836,285,True,False,True,Unusual Daily Movement Volume
2023-02-18,P019,DEL001,3,811,296,True,False,True,Unusual Daily Movement Volume
2023-02-18,P029,PUN001,5,543,271,True,True,True,High Volume and High Frequency
2023-02-19,P012,PUN001,5,81,53,False,True,True,Unusually High Movement Frequency
2023-02-19,P018,DEL001,4,62,20,False,True,True,Unusually High Movement Frequency
2023-02-19,P018,PUN001,4,170,130,False,True,True,Unusually High Movement Frequency
2023-02-19,P022,DEL001,4,155,125,False,True,True,Unusually High Movement Frequency
2023-02-20,P008,CHN001,4,298,180,False,True,True,Unusually High Movement Frequency
2023-02-20,P011,CHN001,4,239,92,False,True,True,Unusually High Movement Frequency
2023-02-20,P026,HYD001,3,535,297,True,False,True,Unusual Daily Movement Volume
2023-02-21,P007,AHM001,3,647,241,True,False,True,Unusual Daily Movement Volume
2023-02-21,P014,DEL001,4,18,8,False,True,True,Unusually High Movement Frequency
2023-02-22,P005,HYD001,3,557,229,True,False,True,Unusual Daily Movement Volume
2023-02-22,P018,CHN001,4,629,280,True,True,True,High Volume and High Frequency
2023-02-23,P009,HYD001,4,35,10,False,True,True,Unusually High Movement Frequency
2023-02-23,P012,HYD001,4,347,233,False,True,True,Unusually High Movement Frequency
2023-02-24,P002,KOL001,4,756,276,True,True,True,High Volume and High Frequency
2023-02-24,P006,DEL001,4,316,249,False,True,True,Unusually High Movement Frequency
2023-02-24,P007,HYD001,3,563,235,True,False,True,Unusual Daily Movement Volume
2023-02-24,P023,KOL001,4,559,291,True,True,True,High Volume and High Frequency
2023-02-25,P006,AHM001,2,541,281,True,False,True,Unusual Daily Movement Volume
2023-02-25,P008,HYD001,2,554,283,True,False,True,Unusual Daily Movement Volume
2023-02-25,P030,CHN001,4,659,263,True,True,True,High Volume and High Frequency
2023-02-26,P012,KOL001,4,564,289,True,True,True,High Volume and High Frequency
2023-02-28,P004,DEL001,4,306,259,False,True,True,Unusually High Movement Frequency
2023-02-28,P004,HYD001,4,585,299,True,True,True,High Volume and High Frequency
2023-02-28,P012,AHM001,3,540,284,True,False,True,Unusual Daily Movement Volume
2023-02-28,P025,HYD001,5,786,242,True,True,True,High Volume and High Frequency
2023-03-01,P003,HYD001,4,546,267,True,True,True,High Volume and High Frequency
2023-03-01,P015,AHM001,4,366,278,False,True,True,Unusually High Movement Frequency
2023-03-01,P024,AHM001,4,479,244,False,True,True,Unusually High Movement Frequency
2023-03-02,P004,DEL001,5,66,20,False,True,True,Unusually High Movement Frequency
2023-03-02,P008,AHM001,4,58,26,False,True,True,Unusually High Movement Frequency
2023-03-02,P009,AHM001,3,546,270,True,False,True,Unusual Daily Movement Volume
2023-03-02,P010,DEL001,4,64,32,False,True,True,Unusually High Movement Frequency
2023-03-02,P018,CHN001,4,58,20,False,True,True,Unusually High Movement Frequency
2023-03-03,P001,CHN001,3,611,284,True,False,True,Unusual Daily Movement Volume
2023-03-03,P005,CHN001,4,674,259,True,True,True,High Volume and High Frequency
2023-03-03,P009,CHN001,4,635,256,True,True,True,High Volume and High Frequency
2023-03-03,P016,DEL001,6,637,241,True,True,True,High Volume and High Frequency
2023-03-03,P018,CHN001,3,759,297,True,False,True,Unusual Daily Movement Volume
2023-03-04,P013,KOL001,3,581,286,True,False,True,Unusual Daily Movement Volume
2023-03-05,P023,KOL001,3,621,237,True,False,True,Unusual Daily Movement Volume
2023-03-07,P005,CHN001,4,336,294,False,True,True,Unusually High Movement Frequency
2023-03-08,P001,PUN001,3,535,253,True,False,True,Unusual Daily Movement Volume
2023-03-08,P006,AHM001,4,38,14,False,True,True,Unusually High Movement Frequency
2023-03-08,P006,CHN001,4,228,194,False,True,True,Unusually High Movement Frequency
2023-03-11,P021,DEL001,3,749,279,True,False,True,Unusual Daily Movement Volume
2023-03-12,P004,CHN001,4,285,228,False,True,True,Unusually High Movement Frequency
2023-03-12,P011,CHN001,4,442,230,False,True,True,Unusually High Movement Frequency
2023-03-12,P027,KOL001,5,247,180,False,True,True,Unusually High Movement Frequency
2023-03-12,P030,CHN001,5,366,230,False,True,True,Unusually High Movement Frequency
2023-03-13,P020,AHM001,4,46,19,False,True,True,Unusually High Movement Frequency
2023-03-14,P005,CHN001,3,658,249,True,False,True,Unusual Daily Movement Volume
2023-03-14,P007,HYD001,4,596,290,True,True,True,High Volume and High Frequency
2023-03-14,P024,KOL001,4,408,246,False,True,True,Unusually High Movement Frequency
2023-03-14,P028,AHM001,5,440,247,False,True,True,Unusually High Movement Frequency
2023-03-15,P012,CHN001,4,134,67,False,True,True,Unusually High Movement Frequency
2023-03-15,P013,CHN001,4,445,217,False,True,True,Unusually High Movement Frequency
2023-03-16,P009,PUN001,2,582,297,True,False,True,Unusual Daily Movement Volume
2023-03-16,P015,CHN001,4,288,269,False,True,True,Unusually High Movement Frequency
2023-03-16,P018,CHN001,4,48,20,False,True,True,Unusually High Movement Frequency
2023-03-18,P005,HYD001,4,435,267,False,True,True,Unusually High Movement Frequency
2023-03-18,P021,HYD001,5,398,146,False,True,True,Unusually High Movement Frequency
2023-03-19,P010,DEL001,2,579,290,True,False,True,Unusual Daily Movement Volume
2023-03-20,P006,CHN001,4,228,204,False,True,True,Unusually High Movement Frequency
2023-03-20,P024,PUN001,4,1055,298,True,True,True,High Volume and High Frequency
2023-03-20,P030,AHM001,5,302,244,False,True,True,Unusually High Movement Frequency
2023-03-21,P005,DEL001,5,518,261,False,True,True,Unusually High Movement Frequency
2023-03-21,P011,CHN001,2,573,289,True,False,True,Unusual Daily Movement Volume
2023-03-23,P014,AHM001,4,384,232,False,True,True,Unusually High Movement Frequency
2023-03-23,P028,KOL001,3,588,232,True,False,True,Unusual Daily Movement Volume
2023-03-24,P011,CHN001,3,646,261,True,False,True,Unusual Daily Movement Volume
2023-03-24,P022,KOL001,4,391,190,False,True,True,Unusually High Movement Frequency
2023-03-25,P005,HYD001,3,579,284,True,False,True,Unusual Daily Movement Volume
2023-03-26,P005,HYD001,4,376,218,False,True,True,Unusually High Movement Frequency
2023-03-26,P010,HYD001,5,678,276,True,True,True,High Volume and High Frequency
2023-03-26,P013,HYD001,5,515,202,False,True,True,Unusually High Movement Frequency
2023-03-26,P015,HYD001,4,484,239,False,True,True,Unusually High Movement Frequency
2023-03-26,P022,HYD001,5,296,226,False,True,True,Unusually High Movement Frequency
2023-03-26,P026,HYD001,8,839,272,True,True,True,High Volume and High Frequency
2023-03-26,P027,HYD001,4,374,278,False,True,True,Unusually High Movement Frequency
2023-03-26,P028,HYD001,4,268,161,False,True,True,Unusually High Movement Frequency
2023-03-27,P022,CHN001,4,465,292,False,True,True,Unusually High Movement Frequency
2023-03-28,P012,HYD001,5,793,265,True,True,True,High Volume and High Frequency
2023-03-28,P021,DEL001,4,81,44,False,True,True,Unusually High Movement Frequency
2023-03-28,P025,HYD001,4,378,174,False,True,True,Unusually High Movement Frequency
2023-03-28,P026,AHM001,4,980,299,True,True,True,High Volume and High Frequency
2023-03-28,P027,HYD001,4,550,284,True,True,True,High Volume and High Frequency
2023-03-29,P016,PUN001,5,237,121,False,True,True,Unusually High Movement Frequency
2023-03-29,P020,HYD001,4,533,275,True,True,True,High Volume and High Frequency
2023-03-30,P006,KOL001,4,628,265,True,True,True,High Volume and High Frequency
2023-03-31,P015,AHM001,4,347,265,False,True,True,Unusually High Movement Frequency
2023-03-31,P015,HYD001,4,244,212,False,True,True,Unusually High Movement Frequency
2023-03-31,P017,DEL001,4,538,273,True,True,True,High Volume and High Frequency
2023-04-01,P003,CHN001,2,532,300,True,False,True,Unusual Daily Movement Volume
2023-04-01,P006,HYD001,2,535,280,True,False,True,Unusual Daily Movement Volume
2023-04-01,P019,HYD001,3,531,278,True,False,True,Unusual Daily Movement Volume
2023-04-01,P025,CHN001,3,531,271,True,False,True,Unusual Daily Movement Volume
2023-04-02,P004,AHM001,4,559,184,True,True,True,High Volume and High Frequency
2023-04-02,P011,AHM001,3,535,272,True,False,True,Unusual Daily Movement Volume
2023-04-03,P007,PUN001,4,637,300,True,True,True,High Volume and High Frequency
2023-04-03,P017,PUN001,3,563,263,True,False,True,Unusual Daily Movement Volume
2023-04-04,P017,CHN001,4,357,162,False,True,True,Unusually High Movement Frequency
2023-04-04,P021,HYD001,4,156,112,False,True,True,Unusually High Movement Frequency
2023-04-04,P024,DEL001,4,171,103,False,True,True,Unusually High Movement Frequency
2023-04-07,P026,PUN001,5,698,264,True,True,True,High Volume and High Frequency
2023-04-08,P007,CHN001,3,611,300,True,False,True,Unusual Daily Movement Volume
2023-04-08,P027,CHN001,2,552,281,True,False,True,Unusual Daily Movement Volume
2023-04-09,P020,KOL001,4,673,261,True,True,True,High Volume and High Frequency
2023-04-10,P015,CHN001,4,572,291,True,True,True,High Volume and High Frequency
2023-04-11,P006,HYD001,4,283,164,False,True,True,Unusually High Movement Frequency
2023-04-11,P021,HYD001,4,757,287,True,True,True,High Volume and High Frequency
2023-04-11,P025,HYD001,6,296,240,False,True,True,Unusually High Movement Frequency
2023-04-12,P001,KOL001,3,622,281,True,False,True,Unusual Daily Movement Volume
2023-04-12,P009,KOL001,5,673,284,True,True,True,High Volume and High Frequency
2023-04-12,P023,CHN001,4,444,292,False,True,True,Unusually High Movement Frequency
2023-04-12,P025,KOL001,3,660,266,True,False,True,Unusual Daily Movement Volume
2023-04-14,P017,DEL001,4,257,169,False,True,True,Unusually High Movement Frequency
2023-04-14,P019,CHN001,4,475,265,False,True,True,Unusually High Movement Frequency
2023-04-14,P023,AHM001,4,765,238,True,True,True,High Volume and High Frequency
2023-04-15,P006,AHM001,3,654,280,True,False,True,Unusual Daily Movement Volume
2023-04-16,P029,AHM001,4,336,299,False,True,True,Unusually High Movement Frequency
2023-04-17,P001,HYD001,4,40,19,False,True,True,Unusually High Movement Frequency
2023-04-17,P004,DEL001,5,600,185,True,True,True,High Volume and High Frequency
2023-04-17,P008,KOL001,3,641,261,True,False,True,Unusual Daily Movement Volume
2023-04-17,P026,HYD001,4,52,22,False,True,True,Unusually High Movement Frequency
2023-04-18,P001,DEL001,3,640,279,True,False,True,Unusual Daily Movement Volume
2023-04-18,P009,AHM001,4,367,247,False,True,True,Unusually High Movement Frequency
2023-04-18,P011,AHM001,2,553,293,True,False,True,Unusual Daily Movement Volume
2023-04-18,P015,AHM001,3,640,222,True,False,True,Unusual Daily Movement Volume
2023-04-18,P021,PUN001,3,571,275,True,False,True,Unusual Daily Movement Volume
2023-04-18,P028,DEL001,4,445,210,False,True,True,Unusually High Movement Frequency
2023-04-19,P013,AHM001,4,743,233,True,True,True,High Volume and High Frequency
2023-04-20,P003,DEL001,4,321,282,False,True,True,Unusually High Movement Frequency
2023-04-20,P009,DEL001,4,56,15,False,True,True,Unusually High Movement Frequency
2023-04-21,P018,AHM001,2,570,291,True,False,True,Unusual Daily Movement Volume
2023-04-23,P014,KOL001,4,36,17,False,True,True,Unusually High Movement Frequency
2023-04-23,P026,DEL001,5,860,280,True,True,True,High Volume and High Frequency
2023-04-23,P030,KOL001,4,147,138,False,True,True,Unusually High Movement Frequency
2023-04-25,P003,DEL001,4,579,288,True,True,True,High Volume and High Frequency
2023-04-25,P009,KOL001,4,412,300,False,True,True,Unusually High Movement Frequency
2023-04-25,P011,KOL001,4,176,100,False,True,True,Unusually High Movement Frequency
2023-04-25,P022,KOL001,2,562,299,True,False,True,Unusual Daily Movement Volume
2023-04-25,P027,DEL001,2,533,273,True,False,True,Unusual Daily Movement Volume
2023-04-26,P006,DEL001,4,62,20,False,True,True,Unusually High Movement Frequency
2023-04-26,P027,CHN001,4,44,18,False,True,True,Unusually High Movement Frequency
2023-04-27,P014,HYD001,4,109,68,False,True,True,Unusually High Movement Frequency
2023-04-27,P016,HYD001,4,225,144,False,True,True,Unusually High Movement Frequency
2023-04-27,P020,CHN001,6,329,285,False,True,True,Unusually High Movement Frequency
2023-04-29,P007,HYD001,4,815,229,True,True,True,High Volume and High Frequency
2023-04-29,P027,HYD001,3,542,222,True,False,True,Unusual Daily Movement Volume
2023-04-30,P005,HYD001,3,564,270,True,False,True,Unusual Daily Movement Volume
2023-04-30,P007,HYD001,6,805,212,True,True,True,High Volume and High Frequency
2023-04-30,P008,HYD001,4,625,288,True,True,True,High Volume and High Frequency
2023-04-30,P009,HYD001,4,149,77,False,True,True,Unusually High Movement Frequency
2023-04-30,P010,HYD001,4,198,159,False,True,True,Unusually High Movement Frequency
2023-04-30,P011,HYD001,4,535,263,True,True,True,High Volume and High Frequency
2023-04-30,P012,KOL001,4,612,245,True,True,True,High Volume and High Frequency
2023-04-30,P013,HYD001,4,592,297,True,True,True,High Volume and High Frequency
2023-04-30,P014,AHM001,5,542,274,True,True,True,High Volume and High Frequency
2023-04-30,P017,HYD001,4,356,147,False,True,True,Unusually High Movement Frequency
2023-04-30,P018,AHM001,4,417,208,False,True,True,Unusually High Movement Frequency
2023-04-30,P023,HYD001,4,667,268,True,True,True,High Volume and High Frequency
2023-04-30,P024,HYD001,2,543,276,True,False,True,Unusual Daily Movement Volume
2023-05-01,P002,CHN001,4,318,184,False,True,True,Unusually High Movement Frequency
2023-05-01,P007,CHN001,4,407,278,False,True,True,Unusually High Movement Frequency
2023-05-01,P007,DEL001,3,617,244,True,False,True,Unusual Daily Movement Volume
2023-05-01,P022,CHN001,4,346,185,False,True,True,Unusually High Movement Frequency
2023-05-02,P006,DEL001,4,474,215,False,True,True,Unusually High Movement Frequency
2023-05-02,P006,HYD001,3,643,265,True,False,True,Unusual Daily Movement Volume
2023-05-02,P011,HYD001,5,893,254,True,True,True,High Volume and High Frequency
2023-05-02,P015,PUN001,4,571,277,True,True,True,High Volume and High Frequency
2023-05-02,P022,HYD001,2,538,285,True,False,True,Unusual Daily Movement Volume
2023-05-02,P027,HYD001,3,592,284,True,False,True,Unusual Daily Movement Volume
2023-05-02,P030,HYD001,4,211,176,False,True,True,Unusually High Movement Frequency
2023-05-03,P002,AHM001,4,443,219,False,True,True,Unusually High Movement Frequency
2023-05-03,P009,KOL001,4,54,20,False,True,True,Unusually High Movement Frequency
2023-05-03,P015,PUN001,3,828,289,True,False,True,Unusual Daily Movement Volume
2023-05-03,P029,PUN001,3,717,273,True,False,True,Unusual Daily Movement Volume
2023-05-04,P015,DEL001,4,554,261,True,True,True,High Volume and High Frequency
2023-05-04,P020,DEL001,5,121,44,False,True,True,Unusually High Movement Frequency
2023-05-04,P021,HYD001,3,541,245,True,False,True,Unusual Daily Movement Volume
2023-05-04,P027,HYD001,4,714,254,True,True,True,High Volume and High Frequency
2023-05-06,P003,PUN001,3,619,230,True,False,True,Unusual Daily Movement Volume
2023-05-06,P028,PUN001,4,228,180,False,True,True,Unusually High Movement Frequency
2023-05-07,P023,CHN001,2,551,286,True,False,True,Unusual Daily Movement Volume
2023-05-08,P005,PUN001,5,402,198,False,True,True,Unusually High Movement Frequency
2023-05-08,P007,KOL001,4,211,181,False,True,True,Unusually High Movement Frequency
2023-05-08,P007,PUN001,4,243,210,False,True,True,Unusually High Movement Frequency
2023-05-08,P008,AHM001,3,710,291,True,False,True,Unusual Daily Movement Volume
2023-05-08,P008,PUN001,3,622,266,True,False,True,Unusual Daily Movement Volume
2023-05-08,P014,AHM001,3,677,271,True,False,True,Unusual Daily Movement Volume
2023-05-08,P024,AHM001,3,787,292,True,False,True,Unusual Daily Movement Volume
2023-05-08,P024,CHN001,3,579,275,True,False,True,Unusual Daily Movement Volume
2023-05-08,P024,PUN001,5,429,237,False,True,True,Unusually High Movement Frequency
2023-05-09,P013,AHM001,5,313,147,False,True,True,Unusually High Movement Frequency
2023-05-09,P019,AHM001,4,260,240,False,True,True,Unusually High Movement Frequency
2023-05-10,P012,CHN001,4,39,15,False,True,True,Unusually High Movement Frequency
2023-05-10,P017,CHN001,4,44,18,False,True,True,Unusually High Movement Frequency
2023-05-12,P004,PUN001,3,538,225,True,False,True,Unusual Daily Movement Volume
2023-05-13,P017,HYD001,4,464,279,False,True,True,Unusually High Movement Frequency
2023-05-13,P020,HYD001,2,539,270,True,False,True,Unusual Daily Movement Volume
2023-05-14,P007,AHM001,4,30,11,False,True,True,Unusually High Movement Frequency
2023-05-15,P006,CHN001,4,593,296,True,True,True,High Volume and High Frequency
2023-05-15,P017,CHN001,4,442,220,False,True,True,Unusually High Movement Frequency
2023-05-15,P028,CHN001,4,203,101,False,True,True,Unusually High Movement Frequency
2023-05-16,P010,KOL001,4,420,199,False,True,True,Unusually High Movement Frequency
2023-05-16,P011,CHN001,4,133,98,False,True,True,Unusually High Movement Frequency
2023-05-16,P019,CHN001,5,616,298,True,True,True,High Volume and High Frequency
2023-05-16,P030,CHN001,4,244,116,False,True,True,Unusually High Movement Frequency
2023-05-17,P005,HYD001,5,750,296,True,True,True,High Volume and High Frequency
2023-05-17,P013,HYD001,4,706,291,True,True,True,High Volume and High Frequency
2023-05-17,P017,HYD001,4,207,161,False,True,True,Unusually High Movement Frequency
2023-05-17,P018,HYD001,4,327,217,False,True,True,Unusually High Movement Frequency
2023-05-17,P021,DEL001,4,560,299,True,True,True,High Volume and High Frequency
2023-05-17,P024,AHM001,4,49,19,False,True,True,Unusually High Movement Frequency
2023-05-19,P002,DEL001,3,656,299,True,False,True,Unusual Daily Movement Volume
2023-05-19,P003,CHN001,3,564,296,True,False,True,Unusual Daily Movement Volume
2023-05-20,P004,PUN001,4,686,273,True,True,True,High Volume and High Frequency
2023-05-20,P011,CHN001,4,52,19,False,True,True,Unusually High Movement Frequency
2023-05-20,P027,CHN001,4,159,125,False,True,True,Unusually High Movement Frequency
2023-05-21,P002,DEL001,4,350,181,False,True,True,Unusually High Movement Frequency
2023-05-21,P020,HYD001,2,531,267,True,False,True,Unusual Daily Movement Volume
2023-05-23,P015,PUN001,4,408,158,False,True,True,Unusually High Movement Frequency
2023-05-23,P016,KOL001,3,642,292,True,False,True,Unusual Daily Movement Volume
2023-05-23,P030,CHN001,3,536,267,True,False,True,Unusual Daily Movement Volume
2023-05-24,P024,KOL001,5,724,281,True,True,True,High Volume and High Frequency
2023-05-25,P004,HYD001,4,581,278,True,True,True,High Volume and High Frequency
2023-05-26,P003,PUN001,4,492,295,False,True,True,Unusually High Movement Frequency
2023-05-28,P013,AHM001,2,578,300,True,False,True,Unusual Daily Movement Volume
2023-05-28,P023,AHM001,3,634,296,True,False,True,Unusual Daily Movement Volume
2023-05-30,P014,KOL001,4,562,224,True,True,True,High Volume and High Frequency
2023-05-30,P021,KOL001,3,745,289,True,False,True,Unusual Daily Movement Volume
2023-05-31,P003,PUN001,4,737,268,True,True,True,High Volume and High Frequency
2023-06-02,P018,KOL001,5,440,236,False,True,True,Unusually High Movement Frequency
2023-06-03,P005,HYD001,3,614,300,True,False,True,Unusual Daily Movement Volume
2023-06-04,P017,DEL001,3,551,273,True,False,True,Unusual Daily Movement Volume
2023-06-04,P024,CHN001,4,413,297,False,True,True,Unusually High Movement Frequency
2023-06-05,P004,DEL001,3,614,277,True,False,True,Unusual Daily Movement Volume
2023-06-05,P017,KOL001,2,582,297,True,False,True,Unusual Daily Movement Volume
2023-06-06,P019,CHN001,2,548,298,True,False,True,Unusual Daily Movement Volume
2023-06-06,P025,CHN001,4,276,249,False,True,True,Unusually High Movement Frequency
2023-06-06,P025,KOL001,4,711,206,True,True,True,High Volume and High Frequency
2023-06-07,P014,DEL001,4,499,275,False,True,True,Unusually High Movement Frequency
2023-06-09,P018,KOL001,4,185,115,False,True,True,Unusually High Movement Frequency
2023-06-10,P009,KOL001,5,263,223,False,True,True,Unusually High Movement Frequency
2023-06-10,P012,CHN001,4,415,238,False,True,True,Unusually High Movement Frequency
2023-06-10,P012,DEL001,2,556,279,True,False,True,Unusual Daily Movement Volume
2023-06-10,P018,DEL001,3,592,285,True,False,True,Unusual Daily Movement Volume
2023-06-10,P020,PUN001,5,245,119,False,True,True,Unusually High Movement Frequency
2023-06-10,P021,KOL001,5,212,151,False,True,True,Unusually High Movement Frequency
2023-06-10,P024,KOL001,4,523,238,False,True,True,Unusually High Movement Frequency
2023-06-11,P019,PUN001,3,553,205,True,False,True,Unusual Daily Movement Volume
2023-06-13,P009,AHM001,4,245,123,False,True,True,Unusually High Movement Frequency
2023-06-13,P014,HYD001,3,572,276,True,False,True,Unusual Daily Movement Volume
2023-06-13,P019,HYD001,6,149,90,False,True,True,Unusually High Movement Frequency
2023-06-13,P023,AHM001,4,647,295,True,True,True,High Volume and High Frequency
2023-06-14,P001,PUN001,3,664,300,True,False,True,Unusual Daily Movement Volume
2023-06-14,P008,PUN001,3,552,253,True,False,True,Unusual Daily Movement Volume
2023-06-14,P012,CHN001,2,541,297,True,False,True,Unusual Daily Movement Volume
2023-06-14,P013,KOL001,3,573,231,True,False,True,Unusual Daily Movement Volume
2023-06-15,P009,AHM001,3,563,234,True,False,True,Unusual Daily Movement Volume
2023-06-15,P010,CHN001,6,673,261,True,True,True,High Volume and High Frequency
2023-06-15,P013,CHN001,3,556,233,True,False,True,Unusual Daily Movement Volume
2023-06-16,P007,AHM001,4,126,102,False,True,True,Unusually High Movement Frequency
2023-06-17,P001,AHM001,2,551,281,True,False,True,Unusual Daily Movement Volume
2023-06-17,P005,HYD001,4,537,288,True,True,True,High Volume and High Frequency
2023-06-17,P023,PUN001,5,22,11,False,True,True,Unusually High Movement Frequency
2023-06-17,P024,PUN001,4,47,15,False,True,True,Unusually High Movement Frequency
2023-06-18,P001,AHM001,3,642,269,True,False,True,Unusual Daily Movement Volume
2023-06-18,P002,AHM001,3,567,297,True,False,True,Unusual Daily Movement Volume
2023-06-18,P008,AHM001,4,705,288,True,True,True,High Volume and High Frequency
2023-06-18,P028,HYD001,4,60,19,False,True,True,Unusually High Movement Frequency
2023-06-19,P003,CHN001,4,329,239,False,True,True,Unusually High Movement Frequency
2023-06-19,P005,CHN001,6,512,262,False,True,True,Unusually High Movement Frequency
2023-06-21,P010,AHM001,3,660,287,True,False,True,Unusual Daily Movement Volume
2023-06-22,P021,CHN001,5,503,270,False,True,True,Unusually High Movement Frequency
2023-06-23,P006,AHM001,4,55,29,False,True,True,Unusually High Movement Frequency
2023-06-23,P030,HYD001,4,398,299,False,True,True,Unusually High Movement Frequency
2023-06-24,P012,HYD001,3,647,294,True,False,True,Unusual Daily Movement Volume
2023-06-24,P017,HYD001,3,610,287,True,False,True,Unusual Daily Movement Volume
2023-06-24,P022,HYD001,3,607,295,True,False,True,Unusual Daily Movement Volume
2023-06-24,P025,KOL001,2,550,297,True,False,True,Unusual Daily Movement Volume
2023-06-25,P018,PUN001,3,552,288,True,False,True,Unusual Daily Movement Volume
2023-06-25,P030,PUN001,3,647,273,True,False,True,Unusual Daily Movement Volume
2023-06-26,P009,CHN001,2,563,300,True,False,True,Unusual Daily Movement Volume
2023-06-26,P025,CHN001,3,556,282,True,False,True,Unusual Daily Movement Volume
2023-06-28,P020,PUN001,2,565,290,True,False,True,Unusual Daily Movement Volume
2023-06-28,P028,AHM001,4,317,290,False,True,True,Unusually High Movement Frequency
2023-06-28,P029,AHM001,5,42,12,False,True,True,Unusually High Movement Frequency
2023-06-29,P003,AHM001,3,563,255,True,False,True,Unusual Daily Movement Volume
2023-07-02,P005,DEL001,3,654,294,True,False,True,Unusual Daily Movement Volume
2023-07-02,P030,CHN001,4,322,208,False,True,True,Unusually High Movement Frequency
2023-07-03,P001,HYD001,3,576,214,True,False,True,Unusual Daily Movement Volume
2023-07-04,P030,CHN001,5,59,18,False,True,True,Unusually High Movement Frequency
2023-07-05,P004,HYD001,4,823,265,True,True,True,High Volume and High Frequency
2023-07-07,P001,PUN001,4,228,194,False,True,True,Unusually High Movement Frequency
2023-07-07,P002,PUN001,4,616,250,True,True,True,High Volume and High Frequency
2023-07-07,P003,KOL001,5,657,196,True,True,True,High Volume and High Frequency
2023-07-07,P007,KOL001,2,569,295,True,False,True,Unusual Daily Movement Volume
2023-07-07,P016,PUN001,4,362,152,False,True,True,Unusually High Movement Frequency
2023-07-07,P018,PUN001,4,63,39,False,True,True,Unusually High Movement Frequency
2023-07-07,P026,PUN001,5,460,291,False,True,True,Unusually High Movement Frequency
2023-07-10,P009,CHN001,5,327,205,False,True,True,Unusually High Movement Frequency
2023-07-10,P010,CHN001,4,32,10,False,True,True,Unusually High Movement Frequency
2023-07-10,P016,PUN001,4,230,189,False,True,True,Unusually High Movement Frequency
2023-07-10,P027,CHN001,4,226,191,False,True,True,Unusually High Movement Frequency
2023-07-11,P003,CHN001,5,744,293,True,True,True,High Volume and High Frequency
2023-07-11,P004,DEL001,4,155,117,False,True,True,Unusually High Movement Frequency
2023-07-11,P005,CHN001,2,535,278,True,False,True,Unusual Daily Movement Volume
2023-07-11,P007,KOL001,5,683,234,True,True,True,High Volume and High Frequency
2023-07-11,P017,CHN001,4,476,209,False,True,True,Unusually High Movement Frequency
2023-07-11,P019,CHN001,5,861,281,True,True,True,High Volume and High Frequency
2023-07-11,P024,DEL001,3,577,241,True,False,True,Unusual Daily Movement Volume
2023-07-11,P028,CHN001,4,524,285,False,True,True,Unusually High Movement Frequency
2023-07-12,P002,DEL001,5,415,245,False,True,True,Unusually High Movement Frequency
2023-07-12,P007,CHN001,4,362,133,False,True,True,Unusually High Movement Frequency
2023-07-12,P008,CHN001,4,730,296,True,True,True,High Volume and High Frequency
2023-07-12,P009,CHN001,4,462,206,False,True,True,Unusually High Movement Frequency
2023-07-12,P014,CHN001,4,664,180,True,True,True,High Volume and High Frequency
2023-07-12,P017,CHN001,4,425,235,False,True,True,Unusually High Movement Frequency
2023-07-12,P019,CHN001,5,374,289,False,True,True,Unusually High Movement Frequency
2023-07-12,P027,PUN001,3,688,284,True,False,True,Unusual Daily Movement Volume
2023-07-12,P029,KOL001,5,912,274,True,True,True,High Volume and High Frequency
2023-07-13,P002,CHN001,3,668,286,True,False,True,Unusual Daily Movement Volume
2023-07-13,P023,CHN001,3,619,291,True,False,True,Unusual Daily Movement Volume
2023-07-13,P029,CHN001,3,554,277,True,False,True,Unusual Daily Movement Volume
2023-07-14,P004,CHN001,4,203,108,False,True,True,Unusually High Movement Frequency
2023-07-14,P005,CHN001,4,323,291,False,True,True,Unusually High Movement Frequency
2023-07-14,P012,CHN001,6,201,147,False,True,True,Unusually High Movement Frequency
2023-07-14,P017,CHN001,4,350,212,False,True,True,Unusually High Movement Frequency
2023-07-14,P025,CHN001,4,33,16,False,True,True,Unusually High Movement Frequency
2023-07-14,P026,CHN001,4,47,17,False,True,True,Unusually High Movement Frequency
2023-07-15,P010,AHM001,4,295,251,False,True,True,Unusually High Movement Frequency
2023-07-15,P013,AHM001,4,602,249,True,True,True,High Volume and High Frequency
2023-07-15,P020,AHM001,6,491,221,False,True,True,Unusually High Movement Frequency
2023-07-15,P022,AHM001,4,147,110,False,True,True,Unusually High Movement Frequency
2023-07-16,P014,HYD001,4,392,156,False,True,True,Unusually High Movement Frequency
2023-07-18,P001,KOL001,4,321,231,False,True,True,Unusually High Movement Frequency
2023-07-18,P005,AHM001,3,731,300,True,False,True,Unusual Daily Movement Volume
2023-07-18,P017,AHM001,5,526,268,False,True,True,Unusually High Movement Frequency
2023-07-19,P012,PUN001,3,603,284,True,False,True,Unusual Daily Movement Volume
2023-07-19,P015,KOL001,4,915,295,True,True,True,High Volume and High Frequency
2023-07-19,P021,AHM001,4,128,84,False,True,True,Unusually High Movement Frequency
2023-07-20,P010,CHN001,2,564,284,True,False,True,Unusual Daily Movement Volume
2023-07-20,P013,CHN001,5,569,258,True,True,True,High Volume and High Frequency
2023-07-20,P020,KOL001,4,187,134,False,True,True,Unusually High Movement Frequency
2023-07-21,P005,CHN001,3,788,287,True,False,True,Unusual Daily Movement Volume
2023-07-21,P011,DEL001,4,909,285,True,True,True,High Volume and High Frequency
2023-07-21,P012,DEL001,3,626,243,True,False,True,Unusual Daily Movement Volume
2023-07-21,P023,DEL001,4,641,285,True,True,True,High Volume and High Frequency
2023-07-22,P007,HYD001,3,559,288,True,False,True,Unusual Daily Movement Volume
2023-07-22,P008,DEL001,3,563,272,True,False,True,Unusual Daily Movement Volume
2023-07-23,P003,AHM001,4,262,115,False,True,True,Unusually High Movement Frequency
2023-07-23,P004,PUN001,2,531,281,True,False,True,Unusual Daily Movement Volume
2023-07-23,P016,HYD001,2,556,279,True,False,True,Unusual Daily Movement Volume
2023-07-23,P030,DEL001,3,645,235,True,False,True,Unusual Daily Movement Volume
2023-07-25,P023,DEL001,4,53,20,False,True,True,Unusually High Movement Frequency
2023-07-27,P016,AHM001,2,545,290,True,False,True,Unusual Daily Movement Volume
2023-07-28,P016,AHM001,4,272,220,False,True,True,Unusually High Movement Frequency
2023-07-29,P010,KOL001,3,658,278,True,False,True,Unusual Daily Movement Volume
2023-07-29,P015,KOL001,5,745,285,True,True,True,High Volume and High Frequency
2023-07-29,P029,KOL001,3,651,290,True,False,True,Unusual Daily Movement Volume
2023-07-30,P007,HYD001,2,575,299,True,False,True,Unusual Daily Movement Volume
2023-07-30,P008,HYD001,4,474,269,False,True,True,Unusually High Movement Frequency
2023-07-30,P013,HYD001,4,310,144,False,True,True,Unusually High Movement Frequency
2023-07-30,P016,AHM001,4,40,19,False,True,True,Unusually High Movement Frequency
2023-07-30,P018,HYD001,6,211,170,False,True,True,Unusually High Movement Frequency
2023-07-30,P019,HYD001,4,92,70,False,True,True,Unusually High Movement Frequency
2023-07-30,P029,PUN001,4,397,167,False,True,True,Unusually High Movement Frequency
2023-07-31,P002,HYD001,3,567,288,True,False,True,Unusual Daily Movement Volume
2023-07-31,P003,AHM001,4,353,179,False,True,True,Unusually High Movement Frequency
2023-07-31,P003,CHN001,4,453,241,False,True,True,Unusually High Movement Frequency
2023-07-31,P005,AHM001,5,595,258,True,True,True,High Volume and High Frequency
2023-07-31,P006,AHM001,4,451,198,False,True,True,Unusually High Movement Frequency
2023-07-31,P016,KOL001,4,37,16,False,True,True,Unusually High Movement Frequency
2023-07-31,P018,AHM001,4,473,257,False,True,True,Unusually High Movement Frequency
2023-07-31,P024,KOL001,4,359,282,False,True,True,Unusually High Movement Frequency
2023-07-31,P025,AHM001,3,543,275,True,False,True,Unusual Daily Movement Volume
2023-08-01,P005,CHN001,3,625,283,True,False,True,Unusual Daily Movement Volume
2023-08-01,P010,KOL001,4,243,210,False,True,True,Unusually High Movement Frequency
2023-08-03,P013,KOL001,4,47,18,False,True,True,Unusually High Movement Frequency
2023-08-03,P022,HYD001,3,655,269,True,False,True,Unusual Daily Movement Volume
2023-08-03,P027,KOL001,4,346,285,False,True,True,Unusually High Movement Frequency
2023-08-03,P028,AHM001,5,438,262,False,True,True,Unusually High Movement Frequency
2023-08-04,P010,AHM001,4,691,250,True,True,True,High Volume and High Frequency
2023-08-05,P002,AHM001,4,530,221,False,True,True,Unusually High Movement Frequency
2023-08-05,P003,CHN001,3,585,290,True,False,True,Unusual Daily Movement Volume
2023-08-05,P010,AHM001,3,548,254,True,False,True,Unusual Daily Movement Volume
2023-08-05,P012,AHM001,3,553,277,True,False,True,Unusual Daily Movement Volume
2023-08-05,P025,CHN001,4,340,153,False,True,True,Unusually High Movement Frequency
2023-08-05,P026,KOL001,3,557,278,True,False,True,Unusual Daily Movement Volume
2023-08-05,P027,CHN001,3,581,285,True,False,True,Unusual Daily Movement Volume
2023-08-06,P021,KOL001,4,35,13,False,True,True,Unusually High Movement Frequency
2023-08-07,P010,AHM001,6,176,121,False,True,True,Unusually High Movement Frequency
2023-08-08,P011,DEL001,3,660,264,True,False,True,Unusual Daily Movement Volume
2023-08-08,P015,KOL001,4,567,281,True,True,True,High Volume and High Frequency
2023-08-08,P021,KOL001,4,518,267,False,True,True,Unusually High Movement Frequency
2023-08-09,P002,PUN001,4,612,267,True,True,True,High Volume and High Frequency
2023-08-09,P004,KOL001,4,651,245,True,True,True,High Volume and High Frequency
2023-08-09,P007,PUN001,4,413,221,False,True,True,Unusually High Movement Frequency
2023-08-09,P008,PUN001,4,313,275,False,True,True,Unusually High Movement Frequency
2023-08-09,P010,AHM001,3,581,270,True,False,True,Unusual Daily Movement Volume
2023-08-09,P011,PUN001,3,632,259,True,False,True,Unusual Daily Movement Volume
2023-08-09,P018,AHM001,3,573,294,True,False,True,Unusual Daily Movement Volume
2023-08-09,P022,KOL001,5,162,98,False,True,True,Unusually High Movement Frequency
2023-08-09,P024,KOL001,4,429,274,False,True,True,Unusually High Movement Frequency
2023-08-09,P024,PUN001,5,340,291,False,True,True,Unusually High Movement Frequency
2023-08-10,P016,PUN001,4,267,151,False,True,True,Unusually High Movement Frequency
2023-08-12,P001,HYD001,2,538,298,True,False,True,Unusual Daily Movement Volume
2023-08-12,P021,HYD001,2,551,293,True,False,True,Unusual Daily Movement Volume
2023-08-13,P022,CHN001,4,610,291,True,True,True,High Volume and High Frequency
2023-08-13,P026,CHN001,3,812,299,True,False,True,Unusual Daily Movement Volume
2023-08-14,P016,KOL001,3,533,255,True,False,True,Unusual Daily Movement Volume
2023-08-15,P003,PUN001,3,620,289,True,False,True,Unusual Daily Movement Volume
2023-08-15,P007,KOL001,3,633,273,True,False,True,Unusual Daily Movement Volume
2023-08-15,P018,KOL001,5,195,147,False,True,True,Unusually High Movement Frequency
2023-08-15,P026,AHM001,4,258,205,False,True,True,Unusually High Movement Frequency
2023-08-16,P001,HYD001,3,552,296,True,False,True,Unusual Daily Movement Volume
2023-08-16,P013,KOL001,2,547,291,True,False,True,Unusual Daily Movement Volume
2023-08-16,P023,HYD001,3,538,237,True,False,True,Unusual Daily Movement Volume
2023-08-16,P027,KOL001,4,769,272,True,True,True,High Volume and High Frequency
2023-08-16,P028,KOL001,2,560,300,True,False,True,Unusual Daily Movement Volume
2023-08-16,P029,HYD001,3,670,252,True,False,True,Unusual Daily Movement Volume
2023-08-16,P029,PUN001,4,502,277,False,True,True,Unusually High Movement Frequency
2023-08-16,P030,KOL001,2,531,290,True,False,True,Unusual Daily Movement Volume
2023-08-17,P006,AHM001,5,559,177,True,True,True,High Volume and High Frequency
2023-08-17,P015,AHM001,2,555,286,True,False,True,Unusual Daily Movement Volume
2023-08-17,P029,AHM001,2,537,291,True,False,True,Unusual Daily Movement Volume
2023-08-18,P011,KOL001,4,424,258,False,True,True,Unusually High Movement Frequency
2023-08-18,P022,AHM001,4,281,202,False,True,True,Unusually High Movement Frequency
2023-08-18,P022,KOL001,4,332,185,False,True,True,Unusually High Movement Frequency
2023-08-18,P025,AHM001,4,570,242,True,True,True,High Volume and High Frequency
2023-08-18,P025,HYD001,4,266,227,False,True,True,Unusually High Movement Frequency
2023-08-18,P028,PUN001,3,787,296,True,False,True,Unusual Daily Movement Volume
2023-08-19,P002,KOL001,4,286,273,False,True,True,Unusually High Movement Frequency
2023-08-19,P008,AHM001,8,419,231,False,True,True,Unusually High Movement Frequency
2023-08-19,P008,KOL001,4,72,32,False,True,True,Unusually High Movement Frequency
2023-08-19,P015,AHM001,4,96,68,False,True,True,Unusually High Movement Frequency
2023-08-19,P020,HYD001,4,226,119,False,True,True,Unusually High Movement Frequency
2023-08-19,P021,AHM001,5,40,18,False,True,True,Unusually High Movement Frequency
2023-08-20,P013,PUN001,4,23,9,False,True,True,Unusually High Movement Frequency
2023-08-21,P011,HYD001,4,474,282,False,True,True,Unusually High Movement Frequency
2023-08-21,P017,PUN001,2,591,300,True,False,True,Unusual Daily Movement Volume
2023-08-22,P010,KOL001,4,159,121,False,True,True,Unusually High Movement Frequency
2023-08-22,P011,KOL001,5,418,221,False,True,True,Unusually High Movement Frequency
2023-08-22,P022,AHM001,5,158,105,False,True,True,Unusually High Movement Frequency
2023-08-22,P024,AHM001,4,99,77,False,True,True,Unusually High Movement Frequency
2023-08-22,P024,KOL001,4,274,253,False,True,True,Unusually High Movement Frequency
2023-08-22,P025,KOL001,4,229,199,False,True,True,Unusually High Movement Frequency
2023-08-23,P008,PUN001,6,1085,245,True,True,True,High Volume and High Frequency
2023-08-24,P025,HYD001,3,669,270,True,False,True,Unusual Daily Movement Volume
2023-08-25,P001,DEL001,4,322,186,False,True,True,Unusually High Movement Frequency
2023-08-25,P007,DEL001,2,551,285,True,False,True,Unusual Daily Movement Volume
2023-08-25,P019,DEL001,4,320,171,False,True,True,Unusually High Movement Frequency
2023-08-26,P004,DEL001,4,723,265,True,True,True,High Volume and High Frequency
2023-08-26,P014,HYD001,4,322,196,False,True,True,Unusually High Movement Frequency
2023-08-28,P015,PUN001,4,277,235,False,True,True,Unusually High Movement Frequency
2023-08-28,P018,DEL001,3,578,272,True,False,True,Unusual Daily Movement Volume
2023-08-30,P013,DEL001,3,596,258,True,False,True,Unusual Daily Movement Volume
2023-08-30,P015,CHN001,4,691,268,True,True,True,High Volume and High Frequency
2023-08-30,P020,CHN001,5,236,129,False,True,True,Unusually High Movement Frequency
2023-08-30,P022,PUN001,4,472,206,False,True,True,Unusually High Movement Frequency
2023-08-30,P027,DEL001,3,556,271,True,False,True,Unusual Daily Movement Volume
2023-08-30,P027,KOL001,3,583,280,True,False,True,Unusual Daily Movement Volume
2023-08-31,P003,AHM001,4,455,201,False,True,True,Unusually High Movement Frequency
2023-08-31,P008,AHM001,4,675,230,True,True,True,High Volume and High Frequency
2023-08-31,P030,DEL001,4,196,135,False,True,True,Unusually High Movement Frequency
2023-09-01,P012,KOL001,4,743,244,True,True,True,High Volume and High Frequency
2023-09-01,P030,AHM001,5,22,13,False,True,True,Unusually High Movement Frequency
2023-09-02,P001,CHN001,3,540,219,True,False,True,Unusual Daily Movement Volume
2023-09-02,P005,CHN001,3,660,260,True,False,True,Unusual Daily Movement Volume
2023-09-02,P011,HYD001,4,517,195,False,True,True,Unusually High Movement Frequency
2023-09-02,P013,DEL001,4,186,94,False,True,True,Unusually High Movement Frequency
2023-09-02,P014,DEL001,3,601,253,True,False,True,Unusual Daily Movement Volume
2023-09-03,P011,KOL001,3,711,298,True,False,True,Unusual Daily Movement Volume
2023-09-04,P022,CHN001,3,641,263,True,False,True,Unusual Daily Movement Volume
2023-09-05,P002,PUN001,4,405,291,False,True,True,Unusually High Movement Frequency
2023-09-05,P030,CHN001,4,42,20,False,True,True,Unusually High Movement Frequency
2023-09-06,P003,CHN001,2,577,296,True,False,True,Unusual Daily Movement Volume
2023-09-06,P006,DEL001,3,625,269,True,False,True,Unusual Daily Movement Volume
2023-09-07,P001,KOL001,4,528,262,False,True,True,Unusually High Movement Frequency
2023-09-07,P009,CHN001,4,717,215,True,True,True,High Volume and High Frequency
2023-09-07,P010,CHN001,3,706,251,True,False,True,Unusual Daily Movement Volume
2023-09-07,P022,CHN001,3,551,286,True,False,True,Unusual Daily Movement Volume
2023-09-07,P030,CHN001,3,579,247,True,False,True,Unusual Daily Movement Volume
2023-09-08,P005,CHN001,3,545,258,True,False,True,Unusual Daily Movement Volume
2023-09-08,P008,CHN001,4,253,181,False,True,True,Unusually High Movement Frequency
2023-09-08,P018,CHN001,4,263,159,False,True,True,Unusually High Movement Frequency
2023-09-08,P029,CHN001,3,730,263,True,False,True,Unusual Daily Movement Volume
2023-09-09,P020,CHN001,4,447,202,False,True,True,Unusually High Movement Frequency
2023-09-09,P023,PUN001,4,288,146,False,True,True,Unusually High Movement Frequency
2023-09-10,P004,DEL001,3,535,269,True,False,True,Unusual Daily Movement Volume
2023-09-10,P023,DEL001,4,519,283,False,True,True,Unusually High Movement Frequency
2023-09-12,P005,DEL001,4,265,228,False,True,True,Unusually High Movement Frequency
2023-09-12,P023,PUN001,5,722,295,True,True,True,High Volume and High Frequency
2023-09-13,P009,KOL001,2,543,285,True,False,True,Unusual Daily Movement Volume
2023-09-13,P013,KOL001,3,539,235,True,False,True,Unusual Daily Movement Volume
2023-09-13,P014,DEL001,4,114,73,False,True,True,Unusually High Movement Frequency
2023-09-14,P021,DEL001,4,451,174,False,True,True,Unusually High Movement Frequency
2023-09-14,P025,DEL001,4,660,256,True,True,True,High Volume and High Frequency
2023-09-15,P023,DEL001,4,427,247,False,True,True,Unusually High Movement Frequency
2023-09-16,P001,AHM001,5,479,277,False,True,True,Unusually High Movement Frequency
2023-09-16,P004,AHM001,4,48,15,False,True,True,Unusually High Movement Frequency
2023-09-16,P019,AHM001,4,433,209,False,True,True,Unusually High Movement Frequency
2023-09-16,P025,CHN001,4,746,279,True,True,True,High Volume and High Frequency
2023-09-16,P026,KOL001,4,589,245,True,True,True,High Volume and High Frequency
2023-09-16,P027,DEL001,4,433,220,False,True,True,Unusually High Movement Frequency
2023-09-16,P030,HYD001,3,652,251,True,False,True,Unusual Daily Movement Volume
2023-09-17,P012,HYD001,4,53,20,False,True,True,Unusually High Movement Frequency
2023-09-18,P026,DEL001,5,592,285,True,True,True,High Volume and High Frequency
2023-09-18,P026,KOL001,4,548,227,True,True,True,High Volume and High Frequency
2023-09-19,P001,CHN001,3,559,282,True,False,True,Unusual Daily Movement Volume
2023-09-19,P010,CHN001,3,589,284,True,False,True,Unusual Daily Movement Volume
2023-09-19,P019,CHN001,4,239,165,False,True,True,Unusually High Movement Frequency
2023-09-19,P020,CHN001,4,276,223,False,True,True,Unusually High Movement Frequency
2023-09-19,P027,CHN001,4,687,288,True,True,True,High Volume and High Frequency
2023-09-20,P002,AHM001,4,530,237,False,True,True,Unusually High Movement Frequency
2023-09-20,P003,AHM001,4,377,196,False,True,True,Unusually High Movement Frequency
2023-09-20,P008,AHM001,4,719,264,True,True,True,High Volume and High Frequency
2023-09-20,P009,AHM001,4,617,279,True,True,True,High Volume and High Frequency
2023-09-20,P009,KOL001,4,488,207,False,True,True,Unusually High Movement Frequency
2023-09-20,P011,AHM001,4,136,115,False,True,True,Unusually High Movement Frequency
2023-09-20,P015,AHM001,5,222,194,False,True,True,Unusually High Movement Frequency
2023-09-20,P020,AHM001,4,511,238,False,True,True,Unusually High Movement Frequency
2023-09-20,P025,AHM001,4,254,216,False,True,True,Unusually High Movement Frequency
2023-09-20,P030,AHM001,5,279,248,False,True,True,Unusually High Movement Frequency
2023-09-21,P013,HYD001,3,641,260,True,False,True,Unusual Daily Movement Volume
2023-09-21,P024,HYD001,3,546,227,True,False,True,Unusual Daily Movement Volume
2023-09-21,P026,HYD001,4,546,282,True,True,True,High Volume and High Frequency
2023-09-22,P009,KOL001,4,283,162,False,True,True,Unusually High Movement Frequency
2023-09-22,P022,KOL001,2,560,292,True,False,True,Unusual Daily Movement Volume
2023-09-22,P030,KOL001,4,253,231,False,True,True,Unusually High Movement Frequency
2023-09-24,P022,AHM001,2,531,270,True,False,True,Unusual Daily Movement Volume
2023-09-26,P012,AHM001,4,58,17,False,True,True,Unusually High Movement Frequency
2023-09-26,P018,CHN001,4,383,132,False,True,True,Unusually High Movement Frequency
2023-09-27,P001,KOL001,4,166,141,False,True,True,Unusually High Movement Frequency
2023-09-27,P008,CHN001,4,24,8,False,True,True,Unusually High Movement Frequency
2023-09-27,P009,CHN001,5,357,289,False,True,True,Unusually High Movement Frequency
2023-09-27,P011,CHN001,4,386,259,False,True,True,Unusually High Movement Frequency
2023-09-27,P015,CHN001,4,345,183,False,True,True,Unusually High Movement Frequency
2023-09-27,P020,KOL001,4,356,210,False,True,True,Unusually High Movement Frequency
2023-09-27,P021,KOL001,5,356,208,False,True,True,Unusually High Movement Frequency
2023-09-27,P029,KOL001,4,107,66,False,True,True,Unusually High Movement Frequency
2023-09-28,P010,HYD001,4,625,268,True,True,True,High Volume and High Frequency
2023-09-28,P013,CHN001,3,539,271,True,False,True,Unusual Daily Movement Volume
2023-09-28,P027,CHN001,4,136,109,False,True,True,Unusually High Movement Frequency
2023-09-28,P028,CHN001,5,144,87,False,True,True,Unusually High Movement Frequency
2023-09-29,P001,HYD001,2,580,291,True,False,True,Unusual Daily Movement Volume
2023-09-29,P008,CHN001,2,540,295,True,False,True,Unusual Daily Movement Volume
2023-09-29,P019,PUN001,4,38,20,False,True,True,Unusually High Movement Frequency
2023-09-29,P029,PUN001,4,281,247,False,True,True,Unusually High Movement Frequency
2023-09-30,P010,PUN001,4,99,61,False,True,True,Unusually High Movement Frequency
2023-09-30,P014,PUN001,4,443,282,False,True,True,Unusually High Movement Frequency
2023-09-30,P030,CHN001,4,384,297,False,True,True,Unusually High Movement Frequency
2023-10-01,P002,HYD001,5,181,77,False,True,True,Unusually High Movement Frequency
2023-10-01,P014,KOL001,3,599,286,True,False,True,Unusual Daily Movement Volume
2023-10-02,P006,PUN001,4,50,19,False,True,True,Unusually High Movement Frequency
2023-10-02,P030,DEL001,2,549,298,True,False,True,Unusual Daily Movement Volume
2023-10-03,P003,KOL001,3,808,288,True,False,True,Unusual Daily Movement Volume
2023-10-03,P013,PUN001,4,756,272,True,True,True,High Volume and High Frequency
2023-10-03,P021,KOL001,2,594,299,True,False,True,Unusual Daily Movement Volume
2023-10-04,P001,CHN001,4,171,97,False,True,True,Unusually High Movement Frequency
2023-10-04,P023,CHN001,4,467,247,False,True,True,Unusually High Movement Frequency
2023-10-04,P029,AHM001,4,41,14,False,True,True,Unusually High Movement Frequency
2023-10-05,P002,DEL001,5,310,257,False,True,True,Unusually High Movement Frequency
2023-10-05,P007,AHM001,6,60,15,False,True,True,Unusually High Movement Frequency
2023-10-05,P022,AHM001,4,281,245,False,True,True,Unusually High Movement Frequency
2023-10-05,P027,AHM001,4,161,121,False,True,True,Unusually High Movement Frequency
2023-10-05,P028,AHM001,4,421,209,False,True,True,Unusually High Movement Frequency
2023-10-06,P014,PUN001,4,652,271,True,True,True,High Volume and High Frequency
2023-10-06,P020,CHN001,3,538,242,True,False,True,Unusual Daily Movement Volume
2023-10-06,P023,PUN001,3,581,235,True,False,True,Unusual Daily Movement Volume
2023-10-06,P027,PUN001,4,765,265,True,True,True,High Volume and High Frequency
2023-10-07,P025,PUN001,2,562,292,True,False,True,Unusual Daily Movement Volume
2023-10-09,P012,CHN001,4,222,160,False,True,True,Unusually High Movement Frequency
2023-10-09,P017,CHN001,4,29,9,False,True,True,Unusually High Movement Frequency
2023-10-09,P021,DEL001,2,578,299,True,False,True,Unusual Daily Movement Volume
2023-10-10,P008,CHN001,2,547,290,True,False,True,Unusual Daily Movement Volume
2023-10-11,P004,KOL001,3,683,261,True,False,True,Unusual Daily Movement Volume
2023-10-11,P017,DEL001,5,656,289,True,True,True,High Volume and High Frequency
2023-10-12,P004,CHN001,4,651,296,True,True,True,High Volume and High Frequency
2023-10-12,P007,KOL001,4,197,129,False,True,True,Unusually High Movement Frequency
2023-10-12,P014,CHN001,5,409,230,False,True,True,Unusually High Movement Frequency
2023-10-12,P019,DEL001,4,281,107,False,True,True,Unusually High Movement Frequency
2023-10-12,P022,KOL001,6,553,234,True,True,True,High Volume and High Frequency
2023-10-12,P023,KOL001,6,428,177,False,True,True,Unusually High Movement Frequency
2023-10-12,P025,KOL001,3,626,265,True,False,True,Unusual Daily Movement Volume
2023-10-12,P026,KOL001,3,686,241,True,False,True,Unusual Daily Movement Volume
2023-10-13,P002,KOL001,3,547,259,True,False,True,Unusual Daily Movement Volume
2023-10-13,P003,KOL001,5,587,204,True,True,True,High Volume and High Frequency
2023-10-13,P006,KOL001,3,840,297,True,False,True,Unusual Daily Movement Volume
2023-10-13,P010,KOL001,4,375,166,False,True,True,Unusually High Movement Frequency
2023-10-13,P012,PUN001,4,23,10,False,True,True,Unusually High Movement Frequency
2023-10-13,P017,PUN001,5,386,173,False,True,True,Unusually High Movement Frequency
2023-10-13,P018,DEL001,4,494,208,False,True,True,Unusually High Movement Frequency
2023-10-13,P023,PUN001,4,218,187,False,True,True,Unusually High Movement Frequency
2023-10-13,P030,KOL001,4,570,279,True,True,True,High Volume and High Frequency
2023-10-15,P002,HYD001,3,736,289,True,False,True,Unusual Daily Movement Volume
2023-10-15,P009,KOL001,4,189,144,False,True,True,Unusually High Movement Frequency
2023-10-15,P013,PUN001,3,621,240,True,False,True,Unusual Daily Movement Volume
2023-10-15,P023,DEL001,4,290,258,False,True,True,Unusually High Movement Frequency
2023-10-15,P028,DEL001,5,600,207,True,True,True,High Volume and High Frequency
2023-10-16,P001,CHN001,6,1118,267,True,True,True,High Volume and High Frequency
2023-10-16,P018,KOL001,4,37,14,False,True,True,Unusually High Movement Frequency
2023-10-16,P025,CHN001,5,98,39,False,True,True,Unusually High Movement Frequency
2023-10-16,P028,CHN001,4,592,249,True,True,True,High Volume and High Frequency
2023-10-17,P012,DEL001,3,786,300,True,False,True,Unusual Daily Movement Volume
2023-10-17,P022,PUN001,6,427,174,False,True,True,Unusually High Movement Frequency
2023-10-18,P020,HYD001,4,599,196,True,True,True,High Volume and High Frequency
2023-10-18,P027,AHM001,4,371,227,False,True,True,Unusually High Movement Frequency
2023-10-19,P013,DEL001,4,400,249,False,True,True,Unusually High Movement Frequency
2023-10-19,P016,DEL001,4,322,216,False,True,True,Unusually High Movement Frequency
2023-10-19,P017,DEL001,4,683,278,True,True,True,High Volume and High Frequency
2023-10-19,P028,DEL001,5,246,211,False,True,True,Unusually High Movement Frequency
2023-10-19,P030,DEL001,3,577,265,True,False,True,Unusual Daily Movement Volume
2023-10-20,P011,DEL001,3,534,293,True,False,True,Unusual Daily Movement Volume
2023-10-20,P012,DEL001,4,401,154,False,True,True,Unusually High Movement Frequency
2023-10-21,P022,DEL001,2,553,280,True,False,True,Unusual Daily Movement Volume
2023-10-22,P006,AHM001,2,556,293,True,False,True,Unusual Daily Movement Volume
2023-10-22,P010,CHN001,3,554,244,True,False,True,Unusual Daily Movement Volume
2023-10-22,P011,PUN001,2,568,299,True,False,True,Unusual Daily Movement Volume
2023-10-22,P016,DEL001,3,587,234,True,False,True,Unusual Daily Movement Volume
2023-10-24,P004,AHM001,4,339,253,False,True,True,Unusually High Movement Frequency
2023-10-26,P011,KOL001,3,758,299,True,False,True,Unusual Daily Movement Volume
2023-10-26,P013,AHM001,4,321,252,False,True,True,Unusually High Movement Frequency
2023-10-26,P014,DEL001,4,320,197,False,True,True,Unusually High Movement Frequency
2023-10-26,P016,AHM001,5,612,289,True,True,True,High Volume and High Frequency
2023-10-26,P019,AHM001,4,598,292,True,True,True,High Volume and High Frequency
2023-10-26,P021,PUN001,5,655,229,True,True,True,High Volume and High Frequency
2023-10-26,P023,KOL001,2,534,286,True,False,True,Unusual Daily Movement Volume
2023-10-27,P007,DEL001,3,559,289,True,False,True,Unusual Daily Movement Volume
2023-10-27,P020,AHM001,2,594,300,True,False,True,Unusual Daily Movement Volume
2023-10-28,P007,CHN001,3,796,289,True,False,True,Unusual Daily Movement Volume
2023-10-28,P013,DEL001,4,209,155,False,True,True,Unusually High Movement Frequency
2023-10-28,P015,DEL001,5,350,294,False,True,True,Unusually High Movement Frequency
2023-10-28,P022,DEL001,3,576,298,True,False,True,Unusual Daily Movement Volume
2023-10-29,P006,CHN001,3,713,261,True,False,True,Unusual Daily Movement Volume
2023-10-29,P028,AHM001,4,463,165,False,True,True,Unusually High Movement Frequency
2023-10-30,P003,CHN001,4,458,234,False,True,True,Unusually High Movement Frequency
2023-10-31,P029,DEL001,4,422,233,False,True,True,Unusually High Movement Frequency
2023-11-01,P005,AHM001,3,782,295,True,False,True,Unusual Daily Movement Volume
2023-11-01,P007,PUN001,3,679,279,True,False,True,Unusual Daily Movement Volume
2023-11-01,P012,CHN001,3,695,255,True,False,True,Unusual Daily Movement Volume
2023-11-01,P024,PUN001,4,865,292,True,True,True,High Volume and High Frequency
2023-11-02,P003,AHM001,4,487,198,False,True,True,Unusually High Movement Frequency
2023-11-03,P006,DEL001,4,267,248,False,True,True,Unusually High Movement Frequency
2023-11-03,P021,DEL001,4,255,194,False,True,True,Unusually High Movement Frequency
2023-11-03,P025,DEL001,3,534,228,True,False,True,Unusual Daily Movement Volume
2023-11-04,P009,DEL001,5,509,298,False,True,True,Unusually High Movement Frequency
2023-11-04,P019,PUN001,3,549,225,True,False,True,Unusual Daily Movement Volume
2023-11-04,P022,HYD001,4,611,237,True,True,True,High Volume and High Frequency
2023-11-05,P014,PUN001,3,548,202,True,False,True,Unusual Daily Movement Volume
2023-11-07,P025,CHN001,5,698,267,True,True,True,High Volume and High Frequency
2023-11-09,P023,HYD001,5,502,226,False,True,True,Unusually High Movement Frequency
2023-11-09,P023,PUN001,4,276,184,False,True,True,Unusually High Movement Frequency
2023-11-09,P025,CHN001,4,41,17,False,True,True,Unusually High Movement Frequency
2023-11-09,P029,HYD001,3,542,298,True,False,True,Unusual Daily Movement Volume
2023-11-10,P029,PUN001,2,574,289,True,False,True,Unusual Daily Movement Volume
2023-11-11,P029,PUN001,4,104,98,False,True,True,Unusually High Movement Frequency
2023-11-12,P006,AHM001,6,453,172,False,True,True,Unusually High Movement Frequency
2023-11-12,P013,AHM001,4,833,256,True,True,True,High Volume and High Frequency
2023-11-12,P018,AHM001,4,362,234,False,True,True,Unusually High Movement Frequency
2023-11-12,P023,CHN001,3,548,280,True,False,True,Unusual Daily Movement Volume
2023-11-12,P030,DEL001,4,51,18,False,True,True,Unusually High Movement Frequency
2023-11-13,P003,PUN001,4,495,282,False,True,True,Unusually High Movement Frequency
2023-11-13,P008,PUN001,4,608,287,True,True,True,High Volume and High Frequency
2023-11-13,P020,PUN001,4,472,219,False,True,True,Unusually High Movement Frequency
2023-11-13,P028,PUN001,3,655,261,True,False,True,Unusual Daily Movement Volume
2023-11-14,P006,CHN001,4,321,214,False,True,True,Unusually High Movement Frequency
2023-11-14,P011,PUN001,4,370,166,False,True,True,Unusually High Movement Frequency
2023-11-14,P012,HYD001,4,149,110,False,True,True,Unusually High Movement Frequency
2023-11-14,P025,CHN001,5,465,256,False,True,True,Unusually High Movement Frequency
2023-11-14,P030,CHN001,3,597,298,True,False,True,Unusual Daily Movement Volume
2023-11-15,P016,PUN001,4,213,175,False,True,True,Unusually High Movement Frequency
2023-11-15,P018,PUN001,4,187,95,False,True,True,Unusually High Movement Frequency
2023-11-15,P023,PUN001,5,505,272,False,True,True,Unusually High Movement Frequency
2023-11-15,P024,PUN001,4,322,264,False,True,True,Unusually High Movement Frequency
2023-11-16,P005,DEL001,3,700,265,True,False,True,Unusual Daily Movement Volume
2023-11-16,P008,AHM001,3,549,242,True,False,True,Unusual Daily Movement Volume
2023-11-16,P023,CHN001,3,538,253,True,False,True,Unusual Daily Movement Volume
2023-11-17,P006,KOL001,3,537,300,True,False,True,Unusual Daily Movement Volume
2023-11-17,P021,AHM001,4,735,293,True,True,True,High Volume and High Frequency
2023-11-17,P030,AHM001,3,604,225,True,False,True,Unusual Daily Movement Volume
2023-11-18,P011,CHN001,4,237,200,False,True,True,Unusually High Movement Frequency
2023-11-18,P012,PUN001,4,208,176,False,True,True,Unusually High Movement Frequency
2023-11-18,P022,AHM001,5,486,260,False,True,True,Unusually High Movement Frequency
2023-11-18,P022,CHN001,4,258,142,False,True,True,Unusually High Movement Frequency
2023-11-19,P003,AHM001,3,531,267,True,False,True,Unusual Daily Movement Volume
2023-11-19,P012,PUN001,3,573,292,True,False,True,Unusual Daily Movement Volume
2023-11-19,P016,CHN001,2,542,285,True,False,True,Unusual Daily Movement Volume
2023-11-19,P017,PUN001,3,603,250,True,False,True,Unusual Daily Movement Volume
2023-11-19,P019,PUN001,4,539,216,True,True,True,High Volume and High Frequency
2023-11-19,P022,PUN001,4,741,279,True,True,True,High Volume and High Frequency
2023-11-19,P023,AHM001,5,616,273,True,True,True,High Volume and High Frequency
2023-11-20,P002,CHN001,3,572,282,True,False,True,Unusual Daily Movement Volume
2023-11-20,P019,CHN001,6,586,231,True,True,True,High Volume and High Frequency
2023-11-22,P013,DEL001,4,532,290,True,True,True,High Volume and High Frequency
2023-11-22,P019,AHM001,4,67,31,False,True,True,Unusually High Movement Frequency
2023-11-23,P005,HYD001,4,443,259,False,True,True,Unusually High Movement Frequency
2023-11-24,P012,AHM001,3,571,274,True,False,True,Unusual Daily Movement Volume
2023-11-24,P020,AHM001,4,378,147,False,True,True,Unusually High Movement Frequency
2023-11-24,P026,AHM001,3,606,289,True,False,True,Unusual Daily Movement Volume
2023-11-26,P003,PUN001,3,657,258,True,False,True,Unusual Daily Movement Volume
2023-11-26,P005,PUN001,5,700,210,True,True,True,High Volume and High Frequency
2023-11-26,P006,PUN001,3,562,246,True,False,True,Unusual Daily Movement Volume
2023-11-26,P019,DEL001,3,604,222,True,False,True,Unusual Daily Movement Volume
2023-11-26,P027,PUN001,2,547,283,True,False,True,Unusual Daily Movement Volume
2023-11-27,P012,HYD001,3,576,264,True,False,True,Unusual Daily Movement Volume
2023-11-27,P023,KOL001,4,65,32,False,True,True,Unusually High Movement Frequency
2023-11-27,P025,CHN001,3,582,300,True,False,True,Unusual Daily Movement Volume
2023-11-28,P005,AHM001,4,156,106,False,True,True,Unusually High Movement Frequency
2023-11-28,P017,AHM001,2,564,297,True,False,True,Unusual Daily Movement Volume
2023-11-28,P028,DEL001,4,485,227,False,True,True,Unusually High Movement Frequency
2023-11-29,P015,AHM001,2,577,289,True,False,True,Unusual Daily Movement Volume
2023-11-29,P027,AHM001,5,688,281,True,True,True,High Volume and High Frequency
2023-11-29,P027,PUN001,4,290,261,False,True,True,Unusually High Movement Frequency
2023-11-30,P006,CHN001,3,630,224,True,False,True,Unusual Daily Movement Volume
2023-11-30,P021,CHN001,4,569,299,True,True,True,High Volume and High Frequency
2023-12-02,P010,CHN001,4,67,41,False,True,True,Unusually High Movement Frequency
2023-12-02,P017,HYD001,4,759,283,True,True,True,High Volume and High Frequency
2023-12-02,P018,HYD001,4,563,214,True,True,True,High Volume and High Frequency
2023-12-03,P008,HYD001,4,687,273,True,True,True,High Volume and High Frequency
2023-12-03,P013,HYD001,7,104,43,False,True,True,Unusually High Movement Frequency
2023-12-04,P029,KOL001,3,622,285,True,False,True,Unusual Daily Movement Volume
2023-12-05,P005,KOL001,4,300,207,False,True,True,Unusually High Movement Frequency
2023-12-05,P009,AHM001,5,799,272,True,True,True,High Volume and High Frequency
2023-12-05,P016,DEL001,3,591,297,True,False,True,Unusual Daily Movement Volume
2023-12-05,P018,AHM001,5,732,284,True,True,True,High Volume and High Frequency
2023-12-06,P001,CHN001,3,564,277,True,False,True,Unusual Daily Movement Volume
2023-12-06,P005,DEL001,3,722,288,True,False,True,Unusual Daily Movement Volume
2023-12-07,P011,DEL001,2,542,277,True,False,True,Unusual Daily Movement Volume
2023-12-07,P016,CHN001,4,226,201,False,True,True,Unusually High Movement Frequency
2023-12-07,P016,KOL001,5,649,264,True,True,True,High Volume and High Frequency
2023-12-08,P013,KOL001,4,544,300,True,True,True,High Volume and High Frequency
2023-12-10,P002,CHN001,4,198,156,False,True,True,Unusually High Movement Frequency
2023-12-10,P007,KOL001,4,178,60,False,True,True,Unusually High Movement Frequency
2023-12-10,P009,CHN001,5,288,177,False,True,True,Unusually High Movement Frequency
2023-12-10,P014,CHN001,5,70,18,False,True,True,Unusually High Movement Frequency
2023-12-10,P019,CHN001,5,589,291,True,True,True,High Volume and High Frequency
2023-12-10,P026,CHN001,4,200,154,False,True,True,Unusually High Movement Frequency
2023-12-12,P002,DEL001,4,713,225,True,True,True,High Volume and High Frequency
2023-12-12,P002,HYD001,4,834,269,True,True,True,High Volume and High Frequency
2023-12-13,P014,HYD001,3,600,296,True,False,True,Unusual Daily Movement Volume
2023-12-14,P029,AHM001,4,367,180,False,True,True,Unusually High Movement Frequency
2023-12-15,P013,DEL001,4,711,262,True,True,True,High Volume and High Frequency
2023-12-15,P022,DEL001,3,595,293,True,False,True,Unusual Daily Movement Volume
2023-12-16,P007,PUN001,4,555,295,True,True,True,High Volume and High Frequency
2023-12-16,P025,DEL001,5,274,233,False,True,True,Unusually High Movement Frequency
2023-12-16,P026,DEL001,3,662,254,True,False,True,Unusual Daily Movement Volume
2023-12-17,P015,KOL001,4,464,194,False,True,True,Unusually High Movement Frequency
2023-12-17,P023,AHM001,5,496,223,False,True,True,Unusually High Movement Frequency
2023-12-17,P028,KOL001,4,512,279,False,True,True,Unusually High Movement Frequency
2023-12-19,P014,CHN001,3,557,288,True,False,True,Unusual Daily Movement Volume
2023-12-19,P015,CHN001,2,593,300,True,False,True,Unusual Daily Movement Volume
2023-12-19,P026,CHN001,5,325,294,False,True,True,Unusually High Movement Frequency
2023-12-20,P005,PUN001,4,729,273,True,True,True,High Volume and High Frequency
2023-12-20,P012,PUN001,3,538,267,True,False,True,Unusual Daily Movement Volume
2023-12-20,P014,PUN001,4,260,104,False,True,True,Unusually High Movement Frequency
2023-12-20,P016,KOL001,4,519,185,False,True,True,Unusually High Movement Frequency
2023-12-20,P018,DEL001,4,752,300,True,True,True,High Volume and High Frequency
2023-12-20,P024,PUN001,4,491,273,False,True,True,Unusually High Movement Frequency
2023-12-21,P018,CHN001,3,664,258,True,False,True,Unusual Daily Movement Volume
2023-12-21,P025,PUN001,2,556,297,True,False,True,Unusual Daily Movement Volume
2023-12-21,P026,CHN001,4,630,240,True,True,True,High Volume and High Frequency
2023-12-22,P004,AHM001,4,253,107,False,True,True,Unusually High Movement Frequency
2023-12-22,P006,AHM001,5,598,234,True,True,True,High Volume and High Frequency
2023-12-22,P008,HYD001,2,561,284,True,False,True,Unusual Daily Movement Volume
2023-12-22,P011,AHM001,4,477,272,False,True,True,Unusually High Movement Frequency
2023-12-22,P020,HYD001,2,548,279,True,False,True,Unusual Daily Movement Volume
2023-12-23,P012,DEL001,4,55,19,False,True,True,Unusually High Movement Frequency
2023-12-23,P012,KOL001,5,189,90,False,True,True,Unusually High Movement Frequency
2023-12-23,P027,DEL001,4,92,48,False,True,True,Unusually High Movement Frequency
2023-12-23,P027,KOL001,6,579,237,True,True,True,High Volume and High Frequency
2023-12-24,P019,CHN001,5,403,254,False,True,True,Unusually High Movement Frequency
2023-12-26,P018,CHN001,3,599,265,True,False,True,Unusual Daily Movement Volume
2023-12-27,P012,DEL001,3,570,232,True,False,True,Unusual Daily Movement Volume
2023-12-27,P018,CHN001,4,345,184,False,True,True,Unusually High Movement Frequency
2023-12-27,P025,KOL001,5,387,233,False,True,True,Unusually High Movement Frequency
2023-12-28,P012,DEL001,4,37,17,False,True,True,Unusually High Movement Frequency
2023-12-28,P027,CHN001,4,699,261,True,True,True,High Volume and High Frequency
2023-12-29,P021,PUN001,3,571,260,True,False,True,Unusual Daily Movement Volume
2023-12-29,P027,KOL001,4,244,153,False,True,True,Unusually High Movement Frequency
2023-12-30,P008,AHM001,5,282,186,False,True,True,Unusually High Movement Frequency
2023-12-30,P014,CHN001,4,474,243,False,True,True,Unusually High Movement Frequency
2023-12-30,P017,PUN001,6,725,259,True,True,True,High Volume and High Frequency
2023-12-30,P023,AHM001,4,56,39,False,True,True,Unusually High Movement Frequency
2023-12-30,P027,AHM001,5,699,270,True,True,True,High Volume and High Frequency
2023-12-30,P030,AHM001,4,338,114,False,True,True,Unusually High Movement Frequency
2024-01-01,P009,CHN001,5,322,237,False,True,True,Unusually High Movement Frequency
2024-01-02,P013,AHM001,4,483,220,False,True,True,Unusually High Movement Frequency
2024-01-02,P026,PUN001,4,376,201,False,True,True,Unusually High Movement Frequency
2024-01-03,P016,DEL001,4,699,263,True,True,True,High Volume and High Frequency
2024-01-03,P021,DEL001,3,592,269,True,False,True,Unusual Daily Movement Volume
2024-01-03,P027,DEL001,3,664,262,True,False,True,Unusual Daily Movement Volume
2024-01-04,P002,KOL001,3,538,229,True,False,True,Unusual Daily Movement Volume
2024-01-04,P005,KOL001,4,463,284,False,True,True,Unusually High Movement Frequency
2024-01-04,P024,PUN001,4,750,261,True,True,True,High Volume and High Frequency
2024-01-04,P026,KOL001,3,797,295,True,False,True,Unusual Daily Movement Volume
2024-01-05,P003,DEL001,2,552,293,True,False,True,Unusual Daily Movement Volume
2024-01-05,P003,PUN001,4,119,89,False,True,True,Unusually High Movement Frequency
2024-01-05,P004,DEL001,4,589,295,True,True,True,High Volume and High Frequency
2024-01-06,P005,PUN001,4,293,206,False,True,True,Unusually High Movement Frequency
2024-01-06,P022,CHN001,4,408,285,False,True,True,Unusually High Movement Frequency
2024-01-06,P027,PUN001,4,615,261,True,True,True,High Volume and High Frequency
2024-01-08,P003,KOL001,3,546,282,True,False,True,Unusual Daily Movement Volume
2024-01-08,P021,AHM001,2,565,291,True,False,True,Unusual Daily Movement Volume
2024-01-08,P027,PUN001,3,722,260,True,False,True,Unusual Daily Movement Volume
2024-01-10,P007,CHN001,3,552,260,True,False,True,Unusual Daily Movement Volume
2024-01-10,P010,AHM001,2,565,294,True,False,True,Unusual Daily Movement Volume
2024-01-11,P017,CHN001,2,534,283,True,False,True,Unusual Daily Movement Volume
2024-01-11,P019,CHN001,3,623,293,True,False,True,Unusual Daily Movement Volume
2024-01-11,P027,CHN001,4,786,278,True,True,True,High Volume and High Frequency
2024-01-12,P028,AHM001,3,532,213,True,False,True,Unusual Daily Movement Volume
2024-01-13,P004,CHN001,3,620,297,True,False,True,Unusual Daily Movement Volume
2024-01-13,P015,CHN001,2,550,287,True,False,True,Unusual Daily Movement Volume
2024-01-13,P030,CHN001,2,538,277,True,False,True,Unusual Daily Movement Volume
2024-01-15,P003,KOL001,4,237,211,False,True,True,Unusually High Movement Frequency
2024-01-15,P007,KOL001,4,140,116,False,True,True,Unusually High Movement Frequency
2024-01-16,P013,HYD001,4,450,226,False,True,True,Unusually High Movement Frequency
2024-01-16,P022,HYD001,3,568,262,True,False,True,Unusual Daily Movement Volume
2024-01-16,P028,HYD001,7,1014,264,True,True,True,High Volume and High Frequency
2024-01-17,P021,KOL001,4,19,9,False,True,True,Unusually High Movement Frequency
2024-01-19,P010,HYD001,4,162,152,False,True,True,Unusually High Movement Frequency
2024-01-19,P013,AHM001,2,542,272,True,False,True,Unusual Daily Movement Volume
2024-01-19,P013,HYD001,4,334,158,False,True,True,Unusually High Movement Frequency
2024-01-19,P023,AHM001,4,714,273,True,True,True,High Volume and High Frequency
2024-01-19,P025,DEL001,4,504,244,False,True,True,Unusually High Movement Frequency
2024-01-20,P003,KOL001,4,262,233,False,True,True,Unusually High Movement Frequency
2024-01-20,P004,KOL001,5,612,223,True,True,True,High Volume and High Frequency
2024-01-20,P005,KOL001,3,662,288,True,False,True,Unusual Daily Movement Volume
2024-01-20,P010,KOL001,3,769,290,True,False,True,Unusual Daily Movement Volume
2024-01-20,P011,KOL001,4,343,229,False,True,True,Unusually High Movement Frequency
2024-01-20,P027,KOL001,3,556,233,True,False,True,Unusual Daily Movement Volume
2024-01-20,P029,KOL001,4,499,242,False,True,True,Unusually High Movement Frequency
2024-01-21,P016,AHM001,2,548,282,True,False,True,Unusual Daily Movement Volume
2024-01-21,P028,KOL001,4,178,108,False,True,True,Unusually High Movement Frequency
2024-01-22,P003,CHN001,3,556,279,True,False,True,Unusual Daily Movement Volume
2024-01-22,P010,HYD001,2,547,290,True,False,True,Unusual Daily Movement Volume
2024-01-23,P010,AHM001,3,630,296,True,False,True,Unusual Daily Movement Volume
2024-01-23,P012,CHN001,4,971,300,True,True,True,High Volume and High Frequency
2024-01-24,P002,CHN001,4,499,253,False,True,True,Unusually High Movement Frequency
2024-01-24,P004,CHN001,4,818,259,True,True,True,High Volume and High Frequency
2024-01-24,P029,KOL001,4,270,207,False,True,True,Unusually High Movement Frequency
2024-01-25,P004,CHN001,4,526,262,False,True,True,Unusually High Movement Frequency
2024-01-25,P013,DEL001,4,155,145,False,True,True,Unusually High Movement Frequency
2024-01-25,P016,CHN001,4,192,123,False,True,True,Unusually High Movement Frequency
2024-01-25,P017,CHN001,4,57,18,False,True,True,Unusually High Movement Frequency
2024-01-25,P022,DEL001,5,277,135,False,True,True,Unusually High Movement Frequency
2024-01-25,P025,CHN001,4,454,290,False,True,True,Unusually High Movement Frequency
2024-01-25,P027,DEL001,5,440,276,False,True,True,Unusually High Movement Frequency
2024-01-26,P030,HYD001,2,575,290,True,False,True,Unusual Daily Movement Volume
2024-01-27,P014,AHM001,4,509,245,False,True,True,Unusually High Movement Frequency
2024-01-27,P018,DEL001,4,356,215,False,True,True,Unusually High Movement Frequency
2024-01-29,P005,DEL001,5,551,269,True,True,True,High Volume and High Frequency
2024-01-29,P023,CHN001,4,616,288,True,True,True,High Volume and High Frequency
2024-01-29,P024,CHN001,3,577,285,True,False,True,Unusual Daily Movement Volume
2024-01-30,P004,AHM001,4,457,269,False,True,True,Unusually High Movement Frequency
2024-02-01,P021,PUN001,3,597,283,True,False,True,Unusual Daily Movement Volume
2024-02-01,P030,CHN001,4,125,79,False,True,True,Unusually High Movement Frequency
2024-02-02,P008,CHN001,4,63,20,False,True,True,Unusually High Movement Frequency
2024-02-02,P017,KOL001,4,143,121,False,True,True,Unusually High Movement Frequency
2024-02-03,P003,PUN001,4,346,264,False,True,True,Unusually High Movement Frequency
2024-02-03,P021,KOL001,3,568,284,True,False,True,Unusual Daily Movement Volume
2024-02-03,P026,KOL001,5,265,186,False,True,True,Unusually High Movement Frequency
2024-02-05,P012,CHN001,4,249,119,False,True,True,Unusually High Movement Frequency
2024-02-05,P021,CHN001,4,300,292,False,True,True,Unusually High Movement Frequency
2024-02-06,P017,HYD001,3,612,219,True,False,True,Unusual Daily Movement Volume
2024-02-07,P016,HYD001,3,603,299,True,False,True,Unusual Daily Movement Volume
2024-02-07,P030,CHN001,2,532,276,True,False,True,Unusual Daily Movement Volume
2024-02-09,P013,DEL001,4,263,234,False,True,True,Unusually High Movement Frequency
2024-02-09,P025,CHN001,3,588,231,True,False,True,Unusual Daily Movement Volume
2024-02-09,P028,CHN001,2,557,299,True,False,True,Unusual Daily Movement Volume
2024-02-10,P004,DEL001,4,457,277,False,True,True,Unusually High Movement Frequency
2024-02-10,P009,AHM001,4,257,124,False,True,True,Unusually High Movement Frequency
2024-02-10,P010,AHM001,4,513,292,False,True,True,Unusually High Movement Frequency
2024-02-10,P012,DEL001,3,548,257,True,False,True,Unusual Daily Movement Volume
2024-02-10,P027,DEL001,4,265,175,False,True,True,Unusually High Movement Frequency
2024-02-12,P018,PUN001,3,590,210,True,False,True,Unusual Daily Movement Volume
2024-02-13,P001,DEL001,4,57,18,False,True,True,Unusually High Movement Frequency
2024-02-13,P005,KOL001,3,541,287,True,False,True,Unusual Daily Movement Volume
2024-02-13,P012,KOL001,2,545,287,True,False,True,Unusual Daily Movement Volume
2024-02-13,P018,KOL001,2,535,273,True,False,True,Unusual Daily Movement Volume
2024-02-13,P020,KOL001,3,531,233,True,False,True,Unusual Daily Movement Volume
2024-02-13,P025,PUN001,3,728,296,True,False,True,Unusual Daily Movement Volume
2024-02-14,P019,PUN001,3,569,260,True,False,True,Unusual Daily Movement Volume
2024-02-15,P001,AHM001,4,718,280,True,True,True,High Volume and High Frequency
2024-02-15,P001,DEL001,4,248,217,False,True,True,Unusually High Movement Frequency
2024-02-15,P005,AHM001,5,41,20,False,True,True,Unusually High Movement Frequency
2024-02-15,P008,DEL001,4,227,199,False,True,True,Unusually High Movement Frequency
2024-02-15,P011,AHM001,5,800,272,True,True,True,High Volume and High Frequency
2024-02-15,P020,AHM001,4,454,285,False,True,True,Unusually High Movement Frequency
2024-02-15,P027,AHM001,4,163,137,False,True,True,Unusually High Movement Frequency
2024-02-15,P030,AHM001,5,667,261,True,True,True,High Volume and High Frequency
2024-02-17,P003,HYD001,4,491,249,False,True,True,Unusually High Movement Frequency
2024-02-17,P008,DEL001,3,543,264,True,False,True,Unusual Daily Movement Volume
2024-02-17,P008,HYD001,5,351,196,False,True,True,Unusually High Movement Frequency
2024-02-17,P011,DEL001,5,143,118,False,True,True,Unusually High Movement Frequency
2024-02-20,P002,DEL001,2,580,292,True,False,True,Unusual Daily Movement Volume
2024-02-21,P007,DEL001,4,614,258,True,True,True,High Volume and High Frequency
2024-02-21,P020,DEL001,3,788,296,True,False,True,Unusual Daily Movement Volume
2024-02-22,P002,AHM001,6,696,260,True,True,True,High Volume and High Frequency
2024-02-24,P029,HYD001,4,352,248,False,True,True,Unusually High Movement Frequency
2024-02-25,P005,CHN001,2,535,276,True,False,True,Unusual Daily Movement Volume
2024-02-26,P008,DEL001,4,302,269,False,True,True,Unusually High Movement Frequency
2024-02-26,P010,DEL001,4,448,275,False,True,True,Unusually High Movement Frequency
2024-02-26,P020,DEL001,4,180,137,False,True,True,Unusually High Movement Frequency
2024-02-26,P021,DEL001,5,300,249,False,True,True,Unusually High Movement Frequency
2024-02-27,P015,KOL001,4,601,273,True,True,True,High Volume and High Frequency
2024-02-28,P002,AHM001,4,367,199,False,True,True,Unusually High Movement Frequency
2024-02-28,P020,HYD001,5,715,266,True,True,True,High Volume and High Frequency
2024-02-29,P009,DEL001,2,560,300,True,False,True,Unusual Daily Movement Volume
2024-02-29,P012,DEL001,3,727,294,True,False,True,Unusual Daily Movement Volume
2024-02-29,P018,CHN001,3,556,276,True,False,True,Unusual Daily Movement Volume
2024-03-01,P024,PUN001,2,568,289,True,False,True,Unusual Daily Movement Volume
2024-03-02,P015,DEL001,2,575,299,True,False,True,Unusual Daily Movement Volume
2024-03-02,P019,HYD001,5,502,281,False,True,True,Unusually High Movement Frequency
2024-03-04,P003,DEL001,2,580,293,True,False,True,Unusual Daily Movement Volume
2024-03-04,P007,HYD001,3,617,238,True,False,True,Unusual Daily Movement Volume
2024-03-06,P006,KOL001,2,535,269,True,False,True,Unusual Daily Movement Volume
2024-03-07,P007,CHN001,4,174,123,False,True,True,Unusually High Movement Frequency
2024-03-07,P008,CHN001,4,289,187,False,True,True,Unusually High Movement Frequency
2024-03-07,P011,KOL001,4,395,238,False,True,True,Unusually High Movement Frequency
2024-03-07,P016,KOL001,7,625,192,True,True,True,High Volume and High Frequency
2024-03-07,P018,CHN001,4,377,257,False,True,True,Unusually High Movement Frequency
2024-03-07,P018,DEL001,4,37,14,False,True,True,Unusually High Movement Frequency
2024-03-08,P010,AHM001,7,805,249,True,True,True,High Volume and High Frequency
2024-03-08,P011,PUN001,4,667,240,True,True,True,High Volume and High Frequency
2024-03-08,P016,PUN001,4,374,147,False,True,True,Unusually High Movement Frequency
2024-03-08,P019,AHM001,4,656,262,True,True,True,High Volume and High Frequency
2024-03-08,P026,AHM001,4,628,299,True,True,True,High Volume and High Frequency
2024-03-10,P020,AHM001,4,142,121,False,True,True,Unusually High Movement Frequency
2024-03-13,P008,AHM001,4,172,132,False,True,True,Unusually High Movement Frequency
2024-03-13,P023,HYD001,4,247,165,False,True,True,Unusually High Movement Frequency
2024-03-14,P023,HYD001,4,210,95,False,True,True,Unusually High Movement Frequency
2024-03-14,P029,DEL001,3,555,200,True,False,True,Unusual Daily Movement Volume
2024-03-15,P001,AHM001,2,548,291,True,False,True,Unusual Daily Movement Volume
2024-03-17,P016,AHM001,4,510,256,False,True,True,Unusually High Movement Frequency
2024-03-19,P028,HYD001,4,1002,283,True,True,True,High Volume and High Frequency
2024-03-20,P021,PUN001,3,559,274,True,False,True,Unusual Daily Movement Volume
2024-03-20,P023,CHN001,4,22,11,False,True,True,Unusually High Movement Frequency
2024-03-21,P013,AHM001,3,560,224,True,False,True,Unusual Daily Movement Volume
2024-03-21,P015,CHN001,4,859,286,True,True,True,High Volume and High Frequency
2024-03-21,P017,AHM001,4,449,267,False,True,True,Unusually High Movement Frequency
2024-03-21,P017,CHN001,4,33,19,False,True,True,Unusually High Movement Frequency
2024-03-21,P021,CHN001,4,45,19,False,True,True,Unusually High Movement Frequency
2024-03-21,P021,PUN001,4,569,252,True,True,True,High Volume and High Frequency
2024-03-21,P024,DEL001,4,190,93,False,True,True,Unusually High Movement Frequency
2024-03-21,P026,CHN001,5,324,148,False,True,True,Unusually High Movement Frequency
2024-03-21,P027,CHN001,4,551,268,True,True,True,High Volume and High Frequency
2024-03-22,P008,KOL001,4,762,265,True,True,True,High Volume and High Frequency
2024-03-23,P005,CHN001,4,188,167,False,True,True,Unusually High Movement Frequency
2024-03-23,P024,PUN001,4,478,269,False,True,True,Unusually High Movement Frequency
2024-03-24,P001,DEL001,5,544,266,True,True,True,High Volume and High Frequency
2024-03-24,P008,DEL001,4,473,241,False,True,True,Unusually High Movement Frequency
2024-03-24,P013,KOL001,6,258,172,False,True,True,Unusually High Movement Frequency
2024-03-24,P015,PUN001,3,652,264,True,False,True,Unusual Daily Movement Volume
2024-03-24,P018,DEL001,4,531,206,True,True,True,High Volume and High Frequency
2024-03-24,P025,DEL001,6,851,277,True,True,True,High Volume and High Frequency
2024-03-25,P014,CHN001,2,556,300,True,False,True,Unusual Daily Movement Volume
2024-03-26,P018,KOL001,4,319,288,False,True,True,Unusually High Movement Frequency
2024-03-27,P022,HYD001,2,560,283,True,False,True,Unusual Daily Movement Volume
2024-03-29,P028,HYD001,3,611,299,True,False,True,Unusual Daily Movement Volume
2024-03-30,P009,CHN001,4,271,247,False,True,True,Unusually High Movement Frequency
2024-03-30,P025,AHM001,2,541,283,True,False,True,Unusual Daily Movement Volume
2024-03-31,P022,DEL001,5,966,283,True,True,True,High Volume and High Frequency
2024-03-31,P029,HYD001,3,657,254,True,False,True,Unusual Daily Movement Volume
2024-04-01,P007,AHM001,3,567,256,True,False,True,Unusual Daily Movement Volume
2024-04-01,P022,CHN001,3,552,286,True,False,True,Unusual Daily Movement Volume
2024-04-01,P029,CHN001,3,564,274,True,False,True,Unusual Daily Movement Volume
2024-04-02,P003,HYD001,4,284,205,False,True,True,Unusually High Movement Frequency
2024-04-02,P003,KOL001,4,430,255,False,True,True,Unusually High Movement Frequency
2024-04-02,P017,HYD001,6,354,291,False,True,True,Unusually High Movement Frequency
2024-04-02,P027,KOL001,4,282,268,False,True,True,Unusually High Movement Frequency
2024-04-02,P028,HYD001,4,429,275,False,True,True,Unusually High Movement Frequency
2024-04-03,P012,DEL001,4,588,258,True,True,True,High Volume and High Frequency
2024-04-03,P015,DEL001,3,558,280,True,False,True,Unusual Daily Movement Volume
2024-04-04,P002,HYD001,4,302,226,False,True,True,Unusually High Movement Frequency
2024-04-04,P003,DEL001,3,603,281,True,False,True,Unusual Daily Movement Volume
2024-04-04,P009,CHN001,3,546,192,True,False,True,Unusual Daily Movement Volume
2024-04-04,P017,HYD001,3,542,273,True,False,True,Unusual Daily Movement Volume
2024-04-04,P017,KOL001,4,32,19,False,True,True,Unusually High Movement Frequency
2024-04-04,P018,HYD001,4,19,11,False,True,True,Unusually High Movement Frequency
2024-04-04,P020,AHM001,4,381,184,False,True,True,Unusually High Movement Frequency
2024-04-04,P024,HYD001,4,302,262,False,True,True,Unusually High Movement Frequency
2024-04-04,P025,PUN001,3,614,285,True,False,True,Unusual Daily Movement Volume
2024-04-05,P010,AHM001,3,534,249,True,False,True,Unusual Daily Movement Volume
2024-04-05,P017,AHM001,3,593,284,True,False,True,Unusual Daily Movement Volume
2024-04-07,P011,PUN001,4,403,216,False,True,True,Unusually High Movement Frequency
2024-04-07,P014,KOL001,2,595,298,True,False,True,Unusual Daily Movement Volume
2024-04-08,P029,KOL001,4,38,15,False,True,True,Unusually High Movement Frequency
2024-04-09,P007,DEL001,4,204,188,False,True,True,Unusually High Movement Frequency
2024-04-09,P019,PUN001,3,534,298,True,False,True,Unusual Daily Movement Volume
2024-04-11,P010,AHM001,4,530,214,False,True,True,Unusually High Movement Frequency
2024-04-12,P001,CHN001,3,642,293,True,False,True,Unusual Daily Movement Volume
2024-04-12,P008,PUN001,4,35,10,False,True,True,Unusually High Movement Frequency
2024-04-13,P014,AHM001,4,411,275,False,True,True,Unusually High Movement Frequency
2024-04-14,P013,HYD001,2,550,280,True,False,True,Unusual Daily Movement Volume
2024-04-15,P001,HYD001,2,564,292,True,False,True,Unusual Daily Movement Volume
2024-04-15,P007,HYD001,4,440,187,False,True,True,Unusually High Movement Frequency
2024-04-15,P012,PUN001,4,145,95,False,True,True,Unusually High Movement Frequency
2024-04-15,P013,KOL001,3,578,269,True,False,True,Unusual Daily Movement Volume
2024-04-16,P018,AHM001,3,569,298,True,False,True,Unusual Daily Movement Volume
2024-04-16,P028,AHM001,4,38,15,False,True,True,Unusually High Movement Frequency
2024-04-17,P008,DEL001,2,591,300,True,False,True,Unusual Daily Movement Volume
2024-04-17,P019,HYD001,4,297,274,False,True,True,Unusually High Movement Frequency
2024-04-18,P017,AHM001,5,472,249,False,True,True,Unusually High Movement Frequency
2024-04-18,P022,KOL001,2,557,292,True,False,True,Unusual Daily Movement Volume
2024-04-20,P008,CHN001,4,348,293,False,True,True,Unusually High Movement Frequency
2024-04-20,P011,AHM001,3,673,265,True,False,True,Unusual Daily Movement Volume
2024-04-20,P012,CHN001,4,277,174,False,True,True,Unusually High Movement Frequency
2024-04-20,P014,CHN001,5,186,122,False,True,True,Unusually High Movement Frequency
2024-04-21,P025,AHM001,5,564,295,True,True,True,High Volume and High Frequency
2024-04-21,P026,PUN001,4,450,200,False,True,True,Unusually High Movement Frequency
2024-04-22,P020,AHM001,2,540,276,True,False,True,Unusual Daily Movement Volume
2024-04-22,P024,DEL001,2,553,284,True,False,True,Unusual Daily Movement Volume
2024-04-23,P012,CHN001,3,550,269,True,False,True,Unusual Daily Movement Volume
2024-04-24,P018,KOL001,4,376,276,False,True,True,Unusually High Movement Frequency
2024-04-24,P025,CHN001,3,646,240,True,False,True,Unusual Daily Movement Volume
2024-04-25,P005,AHM001,4,44,20,False,True,True,Unusually High Movement Frequency
2024-04-26,P003,HYD001,4,838,295,True,True,True,High Volume and High Frequency
2024-04-26,P004,HYD001,4,916,277,True,True,True,High Volume and High Frequency
2024-04-26,P011,CHN001,4,334,173,False,True,True,Unusually High Movement Frequency
2024-04-26,P017,HYD001,4,503,255,False,True,True,Unusually High Movement Frequency
2024-04-26,P018,CHN001,4,416,203,False,True,True,Unusually High Movement Frequency
2024-04-26,P022,CHN001,4,321,221,False,True,True,Unusually High Movement Frequency
2024-04-28,P027,CHN001,4,260,182,False,True,True,Unusually High Movement Frequency
2024-04-29,P005,DEL001,2,571,289,True,False,True,Unusual Daily Movement Volume
2024-04-29,P008,DEL001,3,598,299,True,False,True,Unusual Daily Movement Volume
2024-04-29,P017,DEL001,3,758,290,True,False,True,Unusual Daily Movement Volume
2024-04-29,P026,HYD001,4,196,158,False,True,True,Unusually High Movement Frequency
2024-04-29,P028,DEL001,3,624,211,True,False,True,Unusual Daily Movement Volume
2024-04-29,P029,DEL001,3,552,248,True,False,True,Unusual Daily Movement Volume
2024-04-30,P019,AHM001,4,628,269,True,True,True,High Volume and High Frequency
2024-04-30,P025,KOL001,4,649,299,True,True,True,High Volume and High Frequency
2024-05-01,P001,AHM001,3,536,265,True,False,True,Unusual Daily Movement Volume
2024-05-01,P004,AHM001,4,285,101,False,True,True,Unusually High Movement Frequency
2024-05-01,P005,DEL001,3,609,225,True,False,True,Unusual Daily Movement Volume
2024-05-01,P022,DEL001,3,794,295,True,False,True,Unusual Daily Movement Volume
2024-05-02,P030,KOL001,4,188,159,False,True,True,Unusually High Movement Frequency
2024-05-03,P011,DEL001,4,148,123,False,True,True,Unusually High Movement Frequency
2024-05-05,P001,HYD001,3,789,294,True,False,True,Unusual Daily Movement Volume
2024-05-05,P004,CHN001,4,142,98,False,True,True,Unusually High Movement Frequency
2024-05-05,P011,HYD001,3,533,299,True,False,True,Unusual Daily Movement Volume
2024-05-05,P015,PUN001,3,565,244,True,False,True,Unusual Daily Movement Volume
2024-05-05,P019,PUN001,4,572,283,True,True,True,High Volume and High Frequency
2024-05-05,P023,CHN001,4,376,180,False,True,True,Unusually High Movement Frequency
2024-05-06,P016,AHM001,5,819,262,True,True,True,High Volume and High Frequency
2024-05-07,P022,CHN001,3,549,242,True,False,True,Unusual Daily Movement Volume
2024-05-08,P007,PUN001,4,272,201,False,True,True,Unusually High Movement Frequency
2024-05-09,P007,DEL001,3,712,271,True,False,True,Unusual Daily Movement Volume
2024-05-09,P011,CHN001,4,159,71,False,True,True,Unusually High Movement Frequency
2024-05-10,P017,PUN001,4,25,10,False,True,True,Unusually High Movement Frequency
2024-05-10,P021,DEL001,4,152,85,False,True,True,Unusually High Movement Frequency
2024-05-10,P024,DEL001,3,552,272,True,False,True,Unusual Daily Movement Volume
2024-05-10,P024,KOL001,2,540,297,True,False,True,Unusual Daily Movement Volume
2024-05-11,P009,PUN001,4,54,20,False,True,True,Unusually High Movement Frequency
2024-05-11,P022,PUN001,5,49,15,False,True,True,Unusually High Movement Frequency
2024-05-12,P022,PUN001,4,434,205,False,True,True,Unusually High Movement Frequency
2024-05-12,P027,PUN001,3,614,296,True,False,True,Unusual Daily Movement Volume
2024-05-12,P030,KOL001,4,47,18,False,True,True,Unusually High Movement Frequency
2024-05-13,P014,CHN001,2,531,275,True,False,True,Unusual Daily Movement Volume
2024-05-13,P028,DEL001,3,646,297,True,False,True,Unusual Daily Movement Volume
2024-05-14,P012,DEL001,4,221,187,False,True,True,Unusually High Movement Frequency
2024-05-15,P016,HYD001,3,586,295,True,False,True,Unusual Daily Movement Volume
2024-05-15,P019,CHN001,4,147,65,False,True,True,Unusually High Movement Frequency
2024-05-17,P023,PUN001,5,47,14,False,True,True,Unusually High Movement Frequency
2024-05-18,P013,KOL001,4,47,20,False,True,True,Unusually High Movement Frequency
2024-05-19,P029,CHN001,4,363,247,False,True,True,Unusually High Movement Frequency
2024-05-20,P015,KOL001,4,49,18,False,True,True,Unusually High Movement Frequency
2024-05-20,P025,PUN001,3,736,287,True,False,True,Unusual Daily Movement Volume
2024-05-21,P019,DEL001,2,581,297,True,False,True,Unusual Daily Movement Volume
2024-05-21,P025,AHM001,4,264,244,False,True,True,Unusually High Movement Frequency
2024-05-22,P002,PUN001,4,316,278,False,True,True,Unusually High Movement Frequency
2024-05-23,P005,AHM001,3,541,195,True,False,True,Unusual Daily Movement Volume
2024-05-23,P005,CHN001,4,87,70,False,True,True,Unusually High Movement Frequency
2024-05-23,P005,PUN001,4,37,18,False,True,True,Unusually High Movement Frequency
2024-05-23,P010,CHN001,4,60,37,False,True,True,Unusually High Movement Frequency
2024-05-23,P012,AHM001,3,555,275,True,False,True,Unusual Daily Movement Volume
2024-05-23,P014,KOL001,3,551,224,True,False,True,Unusual Daily Movement Volume
2024-05-23,P023,PUN001,4,24,11,False,True,True,Unusually High Movement Frequency
2024-05-24,P002,CHN001,4,230,201,False,True,True,Unusually High Movement Frequency
2024-05-24,P023,HYD001,3,638,243,True,False,True,Unusual Daily Movement Volume
2024-05-25,P015,HYD001,4,503,297,False,True,True,Unusually High Movement Frequency
2024-05-25,P022,AHM001,3,562,278,True,False,True,Unusual Daily Movement Volume
2024-05-26,P004,KOL001,4,740,300,True,True,True,High Volume and High Frequency
2024-05-26,P014,KOL001,3,534,272,True,False,True,Unusual Daily Movement Volume
2024-05-26,P020,KOL001,3,736,261,True,False,True,Unusual Daily Movement Volume
2024-05-27,P002,HYD001,4,374,207,False,True,True,Unusually High Movement Frequency
2024-05-27,P003,AHM001,3,572,226,True,False,True,Unusual Daily Movement Volume
2024-05-27,P011,PUN001,4,237,180,False,True,True,Unusually High Movement Frequency
2024-05-27,P012,PUN001,3,539,252,True,False,True,Unusual Daily Movement Volume
2024-05-29,P002,CHN001,4,26,11,False,True,True,Unusually High Movement Frequency
2024-05-29,P005,PUN001,4,209,158,False,True,True,Unusually High Movement Frequency
2024-05-29,P013,CHN001,4,324,236,False,True,True,Unusually High Movement Frequency
2024-05-29,P017,CHN001,5,98,38,False,True,True,Unusually High Movement Frequency
2024-05-30,P011,KOL001,4,23,14,False,True,True,Unusually High Movement Frequency
2024-05-30,P014,HYD001,4,291,174,False,True,True,Unusually High Movement Frequency
2024-05-30,P018,DEL001,4,398,288,False,True,True,Unusually High Movement Frequency
2024-05-31,P008,CHN001,2,534,285,True,False,True,Unusual Daily Movement Volume
2024-05-31,P021,DEL001,4,353,144,False,True,True,Unusually High Movement Frequency
2024-05-31,P029,DEL001,2,538,298,True,False,True,Unusual Daily Movement Volume
2024-06-01,P002,AHM001,3,761,283,True,False,True,Unusual Daily Movement Volume
2024-06-01,P004,PUN001,2,563,287,True,False,True,Unusual Daily Movement Volume
2024-06-01,P007,HYD001,4,297,247,False,True,True,Unusually High Movement Frequency
2024-06-01,P009,KOL001,4,658,262,True,True,True,High Volume and High Frequency
2024-06-01,P014,HYD001,4,58,23,False,True,True,Unusually High Movement Frequency
2024-06-01,P019,KOL001,5,571,291,True,True,True,High Volume and High Frequency
2024-06-01,P021,DEL001,3,551,280,True,False,True,Unusual Daily Movement Volume
2024-06-01,P025,AHM001,4,677,293,True,True,True,High Volume and High Frequency
2024-06-02,P003,AHM001,3,553,300,True,False,True,Unusual Daily Movement Volume
2024-06-02,P010,PUN001,3,548,272,True,False,True,Unusual Daily Movement Volume
2024-06-02,P022,AHM001,4,237,180,False,True,True,Unusually High Movement Frequency
2024-06-03,P012,PUN001,3,612,280,True,False,True,Unusual Daily Movement Volume
2024-06-04,P012,PUN001,3,609,291,True,False,True,Unusual Daily Movement Volume
2024-06-06,P011,CHN001,4,608,231,True,True,True,High Volume and High Frequency
2024-06-06,P013,CHN001,3,556,228,True,False,True,Unusual Daily Movement Volume
2024-06-08,P011,CHN001,5,105,69,False,True,True,Unusually High Movement Frequency
2024-06-10,P009,PUN001,4,695,266,True,True,True,High Volume and High Frequency
2024-06-10,P021,PUN001,4,218,170,False,True,True,Unusually High Movement Frequency
2024-06-10,P030,PUN001,3,547,284,True,False,True,Unusual Daily Movement Volume
2024-06-12,P006,KOL001,4,502,255,False,True,True,Unusually High Movement Frequency
2024-06-12,P025,CHN001,3,610,266,True,False,True,Unusual Daily Movement Volume
2024-06-12,P030,KOL001,3,562,272,True,False,True,Unusual Daily Movement Volume
2024-06-13,P009,PUN001,3,545,280,True,False,True,Unusual Daily Movement Volume
2024-06-13,P013,AHM001,4,773,238,True,True,True,High Volume and High Frequency
2024-06-13,P026,DEL001,3,809,286,True,False,True,Unusual Daily Movement Volume
2024-06-13,P028,CHN001,4,527,283,False,True,True,Unusually High Movement Frequency
2024-06-15,P023,KOL001,3,699,282,True,False,True,Unusual Daily Movement Volume
2024-06-15,P027,KOL001,4,809,272,True,True,True,High Volume and High Frequency
2024-06-16,P010,KOL001,4,131,108,False,True,True,Unusually High Movement Frequency
2024-06-16,P015,AHM001,3,566,260,True,False,True,Unusual Daily Movement Volume
2024-06-16,P026,AHM001,4,1003,293,True,True,True,High Volume and High Frequency
2024-06-19,P012,AHM001,3,667,267,True,False,True,Unusual Daily Movement Volume
2024-06-19,P024,AHM001,4,629,223,True,True,True,High Volume and High Frequency
2024-06-20,P006,PUN001,4,257,161,False,True,True,Unusually High Movement Frequency
2024-06-20,P020,CHN001,3,569,256,True,False,True,Unusual Daily Movement Volume
2024-06-20,P021,DEL001,3,798,291,True,False,True,Unusual Daily Movement Volume
2024-06-21,P021,AHM001,4,59,19,False,True,True,Unusually High Movement Frequency
2024-06-21,P024,AHM001,4,30,9,False,True,True,Unusually High Movement Frequency
2024-06-22,P013,DEL001,3,611,260,True,False,True,Unusual Daily Movement Volume
2024-06-23,P007,DEL001,5,579,194,True,True,True,High Volume and High Frequency
2024-06-23,P021,AHM001,3,554,254,True,False,True,Unusual Daily Movement Volume
2024-06-23,P022,DEL001,4,236,204,False,True,True,Unusually High Movement Frequency
2024-06-25,P001,DEL001,4,432,241,False,True,True,Unusually High Movement Frequency
2024-06-25,P007,DEL001,3,593,262,True,False,True,Unusual Daily Movement Volume
2024-06-25,P010,PUN001,2,536,270,True,False,True,Unusual Daily Movement Volume
2024-06-25,P029,CHN001,3,718,248,True,False,True,Unusual Daily Movement Volume
2024-06-26,P010,KOL001,4,330,161,False,True,True,Unusually High Movement Frequency
2024-06-28,P025,PUN001,3,604,283,True,False,True,Unusual Daily Movement Volume
2024-06-29,P010,CHN001,4,203,171,False,True,True,Unusually High Movement Frequency
2024-06-29,P016,CHN001,3,532,263,True,False,True,Unusual Daily Movement Volume
2024-06-30,P002,CHN001,4,216,114,False,True,True,Unusually High Movement Frequency
2024-06-30,P020,CHN001,4,372,196,False,True,True,Unusually High Movement Frequency
2024-06-30,P022,CHN001,3,579,298,True,False,True,Unusual Daily Movement Volume
2024-06-30,P027,DEL001,4,304,199,False,True,True,Unusually High Movement Frequency
2024-06-30,P030,DEL001,4,401,260,False,True,True,Unusually High Movement Frequency
2024-07-01,P009,CHN001,4,684,299,True,True,True,High Volume and High Frequency
2024-07-01,P017,HYD001,4,21,11,False,True,True,Unusually High Movement Frequency
2024-07-02,P016,CHN001,2,573,296,True,False,True,Unusual Daily Movement Volume
2024-07-03,P019,PUN001,3,608,278,True,False,True,Unusual Daily Movement Volume
2024-07-03,P024,PUN001,3,661,270,True,False,True,Unusual Daily Movement Volume
2024-07-04,P005,PUN001,4,98,38,False,True,True,Unusually High Movement Frequency
2024-07-04,P012,CHN001,4,291,232,False,True,True,Unusually High Movement Frequency
2024-07-04,P016,CHN001,4,592,241,True,True,True,High Volume and High Frequency
2024-07-05,P004,HYD001,3,545,210,True,False,True,Unusual Daily Movement Volume
2024-07-05,P021,CHN001,3,682,297,True,False,True,Unusual Daily Movement Volume
2024-07-06,P013,KOL001,6,585,227,True,True,True,High Volume and High Frequency
2024-07-06,P015,KOL001,4,485,259,False,True,True,Unusually High Movement Frequency
2024-07-06,P017,HYD001,4,228,185,False,True,True,Unusually High Movement Frequency
2024-07-06,P017,KOL001,3,590,298,True,False,True,Unusual Daily Movement Volume
2024-07-06,P020,KOL001,4,460,231,False,True,True,Unusually High Movement Frequency
2024-07-07,P007,PUN001,6,723,287,True,True,True,High Volume and High Frequency
2024-07-07,P013,PUN001,4,247,163,False,True,True,Unusually High Movement Frequency
2024-07-07,P015,PUN001,4,144,91,False,True,True,Unusually High Movement Frequency
2024-07-07,P026,PUN001,4,437,167,False,True,True,Unusually High Movement Frequency
2024-07-07,P028,PUN001,4,379,256,False,True,True,Unusually High Movement Frequency
2024-07-07,P029,PUN001,5,577,234,True,True,True,High Volume and High Frequency
2024-07-08,P011,KOL001,4,131,92,False,True,True,Unusually High Movement Frequency
2024-07-08,P017,PUN001,3,588,289,True,False,True,Unusual Daily Movement Volume
2024-07-08,P018,CHN001,3,654,277,True,False,True,Unusual Daily Movement Volume
2024-07-08,P023,PUN001,5,520,165,False,True,True,Unusually High Movement Frequency
2024-07-10,P003,CHN001,4,216,193,False,True,True,Unusually High Movement Frequency
2024-07-10,P008,CHN001,4,465,289,False,True,True,Unusually High Movement Frequency
2024-07-10,P009,CHN001,4,100,74,False,True,True,Unusually High Movement Frequency
2024-07-10,P013,CHN001,6,717,236,True,True,True,High Volume and High Frequency
2024-07-10,P016,DEL001,4,533,263,True,True,True,High Volume and High Frequency
2024-07-10,P019,DEL001,4,866,297,True,True,True,High Volume and High Frequency
2024-07-10,P025,AHM001,2,547,284,True,False,True,Unusual Daily Movement Volume
2024-07-11,P002,DEL001,4,38,13,False,True,True,Unusually High Movement Frequency
2024-07-11,P004,DEL001,4,321,180,False,True,True,Unusually High Movement Frequency
2024-07-12,P027,PUN001,4,211,158,False,True,True,Unusually High Movement Frequency
2024-07-12,P030,AHM001,4,334,299,False,True,True,Unusually High Movement Frequency
2024-07-14,P017,DEL001,4,403,266,False,True,True,Unusually High Movement Frequency
2024-07-15,P004,CHN001,4,447,252,False,True,True,Unusually High Movement Frequency
2024-07-15,P016,PUN001,4,366,287,False,True,True,Unusually High Movement Frequency
2024-07-15,P027,DEL001,3,596,246,True,False,True,Unusual Daily Movement Volume
2024-07-15,P030,CHN001,5,542,187,True,True,True,High Volume and High Frequency
2024-07-16,P007,AHM001,4,181,97,False,True,True,Unusually High Movement Frequency
2024-07-16,P024,DEL001,2,553,294,True,False,True,Unusual Daily Movement Volume
2024-07-16,P025,DEL001,3,579,271,True,False,True,Unusual Daily Movement Volume
2024-07-16,P030,PUN001,4,66,19,False,True,True,Unusually High Movement Frequency
2024-07-17,P016,KOL001,4,44,16,False,True,True,Unusually High Movement Frequency
2024-07-19,P004,KOL001,4,83,47,False,True,True,Unusually High Movement Frequency
2024-07-20,P003,AHM001,5,170,119,False,True,True,Unusually High Movement Frequency
2024-07-20,P004,AHM001,4,492,239,False,True,True,Unusually High Movement Frequency
2024-07-20,P019,CHN001,3,592,242,True,False,True,Unusual Daily Movement Volume
2024-07-20,P024,AHM001,4,395,201,False,True,True,Unusually High Movement Frequency
2024-07-21,P011,HYD001,5,59,33,False,True,True,Unusually High Movement Frequency
2024-07-21,P024,HYD001,4,351,228,False,True,True,Unusually High Movement Frequency
2024-07-22,P021,PUN001,4,313,248,False,True,True,Unusually High Movement Frequency
2024-07-23,P016,HYD001,3,580,260,True,False,True,Unusual Daily Movement Volume
2024-07-23,P029,CHN001,2,542,297,True,False,True,Unusual Daily Movement Volume
2024-07-24,P005,DEL001,3,589,207,True,False,True,Unusual Daily Movement Volume
2024-07-25,P026,AHM001,4,348,183,False,True,True,Unusually High Movement Frequency
2024-07-26,P004,HYD001,4,287,208,False,True,True,Unusually High Movement Frequency
2024-07-26,P008,DEL001,2,567,291,True,False,True,Unusual Daily Movement Volume
2024-07-26,P011,HYD001,4,424,265,False,True,True,Unusually High Movement Frequency
2024-07-26,P015,HYD001,4,343,291,False,True,True,Unusually High Movement Frequency
2024-07-26,P018,KOL001,3,604,294,True,False,True,Unusual Daily Movement Volume
2024-07-26,P019,DEL001,4,510,294,False,True,True,Unusually High Movement Frequency
2024-07-26,P023,DEL001,4,389,259,False,True,True,Unusually High Movement Frequency
2024-07-27,P014,KOL001,6,252,132,False,True,True,Unusually High Movement Frequency
2024-07-27,P021,PUN001,2,539,289,True,False,True,Unusual Daily Movement Volume
2024-07-28,P002,CHN001,5,533,183,True,True,True,High Volume and High Frequency
2024-07-28,P023,CHN001,4,517,230,False,True,True,Unusually High Movement Frequency
2024-07-28,P027,CHN001,4,464,176,False,True,True,Unusually High Movement Frequency
2024-07-29,P005,CHN001,4,433,263,False,True,True,Unusually High Movement Frequency
2024-07-29,P016,CHN001,4,241,129,False,True,True,Unusually High Movement Frequency
2024-07-30,P008,AHM001,4,274,230,False,True,True,Unusually High Movement Frequency
2024-07-30,P019,AHM001,2,556,295,True,False,True,Unusual Daily Movement Volume
2024-07-30,P020,AHM001,4,285,236,False,True,True,Unusually High Movement Frequency
2024-07-30,P028,AHM001,4,277,256,False,True,True,Unusually High Movement Frequency
2024-07-31,P001,KOL001,5,395,211,False,True,True,Unusually High Movement Frequency
2024-07-31,P006,PUN001,2,550,288,True,False,True,Unusual Daily Movement Volume
2024-07-31,P007,DEL001,6,647,274,True,True,True,High Volume and High Frequency
2024-07-31,P016,DEL001,4,367,172,False,True,True,Unusually High Movement Frequency
2024-07-31,P021,DEL001,2,561,282,True,False,True,Unusual Daily Movement Volume
2024-07-31,P022,PUN001,3,667,287,True,False,True,Unusual Daily Movement Volume
2024-08-01,P014,DEL001,4,617,235,True,True,True,High Volume and High Frequency
2024-08-02,P004,PUN001,2,532,287,True,False,True,Unusual Daily Movement Volume
2024-08-02,P010,HYD001,5,66,20,False,True,True,Unusually High Movement Frequency
2024-08-03,P018,DEL001,3,633,261,True,False,True,Unusual Daily Movement Volume
2024-08-03,P023,DEL001,4,900,296,True,True,True,High Volume and High Frequency
2024-08-05,P004,DEL001,6,267,218,False,True,True,Unusually High Movement Frequency
2024-08-05,P009,HYD001,4,549,232,True,True,True,High Volume and High Frequency
2024-08-05,P018,KOL001,3,753,265,True,False,True,Unusual Daily Movement Volume
2024-08-05,P023,AHM001,5,583,265,True,True,True,High Volume and High Frequency
2024-08-05,P023,KOL001,3,620,273,True,False,True,Unusual Daily Movement Volume
2024-08-05,P026,KOL001,4,350,144,False,True,True,Unusually High Movement Frequency
2024-08-05,P027,PUN001,3,777,297,True,False,True,Unusual Daily Movement Volume
2024-08-05,P028,KOL001,4,830,273,True,True,True,High Volume and High Frequency
2024-08-06,P008,AHM001,4,329,296,False,True,True,Unusually High Movement Frequency
2024-08-06,P012,HYD001,3,556,269,True,False,True,Unusual Daily Movement Volume
2024-08-06,P027,AHM001,5,384,293,False,True,True,Unusually High Movement Frequency
2024-08-08,P028,DEL001,3,540,261,True,False,True,Unusual Daily Movement Volume
2024-08-09,P023,HYD001,3,560,266,True,False,True,Unusual Daily Movement Volume
2024-08-10,P019,HYD001,3,579,240,True,False,True,Unusual Daily Movement Volume
2024-08-11,P007,HYD001,3,612,238,True,False,True,Unusual Daily Movement Volume
2024-08-11,P009,CHN001,5,244,106,False,True,True,Unusually High Movement Frequency
2024-08-11,P013,PUN001,2,553,295,True,False,True,Unusual Daily Movement Volume
2024-08-11,P022,DEL001,5,582,249,True,True,True,High Volume and High Frequency
2024-08-11,P028,PUN001,2,535,294,True,False,True,Unusual Daily Movement Volume
2024-08-12,P004,CHN001,3,650,273,True,False,True,Unusual Daily Movement Volume
2024-08-12,P008,CHN001,4,867,291,True,True,True,High Volume and High Frequency
2024-08-12,P021,CHN001,3,532,265,True,False,True,Unusual Daily Movement Volume
2024-08-13,P001,DEL001,3,534,300,True,False,True,Unusual Daily Movement Volume
2024-08-13,P004,HYD001,3,561,292,True,False,True,Unusual Daily Movement Volume
2024-08-13,P005,KOL001,3,593,299,True,False,True,Unusual Daily Movement Volume
2024-08-13,P006,KOL001,4,151,123,False,True,True,Unusually High Movement Frequency
2024-08-13,P010,PUN001,4,45,19,False,True,True,Unusually High Movement Frequency
2024-08-13,P014,KOL001,4,136,91,False,True,True,Unusually High Movement Frequency
2024-08-13,P017,PUN001,4,44,15,False,True,True,Unusually High Movement Frequency
2024-08-13,P019,AHM001,5,310,144,False,True,True,Unusually High Movement Frequency
2024-08-13,P025,DEL001,5,658,233,True,True,True,High Volume and High Frequency
2024-08-13,P025,PUN001,4,39,18,False,True,True,Unusually High Movement Frequency
2024-08-13,P027,PUN001,4,54,24,False,True,True,Unusually High Movement Frequency
2024-08-14,P008,HYD001,3,555,287,True,False,True,Unusual Daily Movement Volume
2024-08-14,P028,HYD001,3,536,243,True,False,True,Unusual Daily Movement Volume
2024-08-15,P009,PUN001,4,65,50,False,True,True,Unusually High Movement Frequency
2024-08-16,P016,HYD001,3,710,270,True,False,True,Unusual Daily Movement Volume
2024-08-16,P020,AHM001,4,55,19,False,True,True,Unusually High Movement Frequency
2024-08-16,P029,PUN001,3,800,292,True,False,True,Unusual Daily Movement Volume
2024-08-17,P001,KOL001,4,444,214,False,True,True,Unusually High Movement Frequency
2024-08-17,P003,HYD001,6,1016,257,True,True,True,High Volume and High Frequency
2024-08-17,P009,HYD001,5,518,182,False,True,True,Unusually High Movement Frequency
2024-08-17,P010,HYD001,4,953,291,True,True,True,High Volume and High Frequency
2024-08-17,P011,HYD001,4,312,164,False,True,True,Unusually High Movement Frequency
2024-08-17,P013,AHM001,4,315,202,False,True,True,Unusually High Movement Frequency
2024-08-17,P014,HYD001,5,526,220,False,True,True,Unusually High Movement Frequency
2024-08-17,P019,HYD001,4,612,249,True,True,True,High Volume and High Frequency
2024-08-17,P021,HYD001,4,540,292,True,True,True,High Volume and High Frequency
2024-08-18,P012,CHN001,2,546,299,True,False,True,Unusual Daily Movement Volume
2024-08-19,P001,CHN001,5,643,223,True,True,True,High Volume and High Frequency
2024-08-19,P008,CHN001,4,327,156,False,True,True,Unusually High Movement Frequency
2024-08-20,P020,HYD001,4,182,173,False,True,True,Unusually High Movement Frequency
2024-08-21,P009,DEL001,3,540,279,True,False,True,Unusual Daily Movement Volume
2024-08-22,P007,AHM001,4,454,268,False,True,True,Unusually High Movement Frequency
2024-08-22,P012,HYD001,3,625,273,True,False,True,Unusual Daily Movement Volume
2024-08-22,P017,AHM001,4,407,189,False,True,True,Unusually High Movement Frequency
2024-08-22,P021,AHM001,4,421,192,False,True,True,Unusually High Movement Frequency
2024-08-24,P026,PUN001,5,330,189,False,True,True,Unusually High Movement Frequency
2024-08-25,P008,AHM001,2,540,287,True,False,True,Unusual Daily Movement Volume
2024-08-25,P017,AHM001,3,566,286,True,False,True,Unusual Daily Movement Volume
2024-08-26,P028,CHN001,2,582,294,True,False,True,Unusual Daily Movement Volume
2024-08-27,P002,PUN001,2,590,300,True,False,True,Unusual Daily Movement Volume
2024-08-27,P009,DEL001,4,57,19,False,True,True,Unusually High Movement Frequency
2024-08-27,P022,DEL001,4,441,289,False,True,True,Unusually High Movement Frequency
2024-08-27,P027,DEL001,4,39,22,False,True,True,Unusually High Movement Frequency
2024-08-28,P007,CHN001,2,562,281,True,False,True,Unusual Daily Movement Volume
2024-08-28,P008,AHM001,4,201,143,False,True,True,Unusually High Movement Frequency
2024-08-29,P009,PUN001,4,155,112,False,True,True,Unusually High Movement Frequency
2024-08-29,P021,DEL001,3,547,295,True,False,True,Unusual Daily Movement Volume
2024-08-31,P010,DEL001,4,418,268,False,True,True,Unusually High Movement Frequency
2024-08-31,P016,DEL001,4,42,20,False,True,True,Unusually High Movement Frequency
2024-09-01,P007,KOL001,4,326,171,False,True,True,Unusually High Movement Frequency
2024-09-01,P026,KOL001,3,559,296,True,False,True,Unusual Daily Movement Volume
2024-09-02,P021,PUN001,4,938,296,True,True,True,High Volume and High Frequency
2024-09-02,P030,PUN001,3,683,263,True,False,True,Unusual Daily Movement Volume
2024-09-03,P008,CHN001,4,520,238,False,True,True,Unusually High Movement Frequency
2024-09-03,P009,KOL001,5,401,212,False,True,True,Unusually High Movement Frequency
2024-09-04,P007,HYD001,4,186,157,False,True,True,Unusually High Movement Frequency
2024-09-04,P010,HYD001,3,533,197,True,False,True,Unusual Daily Movement Volume
2024-09-04,P014,HYD001,5,372,224,False,True,True,Unusually High Movement Frequency
2024-09-04,P021,HYD001,7,518,248,False,True,True,Unusually High Movement Frequency
2024-09-04,P026,HYD001,4,499,285,False,True,True,Unusually High Movement Frequency
2024-09-04,P029,HYD001,4,489,252,False,True,True,Unusually High Movement Frequency
2024-09-05,P008,CHN001,3,587,289,True,False,True,Unusual Daily Movement Volume
2024-09-05,P022,DEL001,4,258,172,False,True,True,Unusually High Movement Frequency
2024-09-05,P026,DEL001,5,904,240,True,True,True,High Volume and High Frequency
2024-09-06,P001,HYD001,3,755,300,True,False,True,Unusual Daily Movement Volume
2024-09-06,P014,CHN001,4,42,20,False,True,True,Unusually High Movement Frequency
2024-09-06,P018,DEL001,4,506,227,False,True,True,Unusually High Movement Frequency
2024-09-06,P018,HYD001,4,708,299,True,True,True,High Volume and High Frequency
2024-09-06,P019,CHN001,4,20,8,False,True,True,Unusually High Movement Frequency
2024-09-06,P022,PUN001,4,181,123,False,True,True,Unusually High Movement Frequency
2024-09-07,P007,HYD001,4,34,12,False,True,True,Unusually High Movement Frequency
2024-09-07,P027,HYD001,5,38,18,False,True,True,Unusually High Movement Frequency
2024-09-08,P004,KOL001,4,379,269,False,True,True,Unusually High Movement Frequency
2024-09-08,P024,AHM001,3,613,273,True,False,True,Unusual Daily Movement Volume
2024-09-10,P022,AHM001,4,591,221,True,True,True,High Volume and High Frequency
2024-09-10,P024,HYD001,4,35,16,False,True,True,Unusually High Movement Frequency
2024-09-13,P019,AHM001,6,444,184,False,True,True,Unusually High Movement Frequency
2024-09-13,P030,AHM001,4,490,219,False,True,True,Unusually High Movement Frequency
2024-09-14,P001,CHN001,3,751,285,True,False,True,Unusual Daily Movement Volume
2024-09-15,P004,AHM001,4,410,139,False,True,True,Unusually High Movement Frequency
2024-09-15,P005,DEL001,3,566,279,True,False,True,Unusual Daily Movement Volume
2024-09-15,P028,DEL001,3,578,271,True,False,True,Unusual Daily Movement Volume
2024-09-16,P006,KOL001,6,525,248,False,True,True,Unusually High Movement Frequency
2024-09-16,P011,KOL001,3,614,272,True,False,True,Unusual Daily Movement Volume
2024-09-18,P004,KOL001,4,641,293,True,True,True,High Volume and High Frequency
2024-09-18,P007,KOL001,4,317,275,False,True,True,Unusually High Movement Frequency
2024-09-18,P010,KOL001,5,566,287,True,True,True,High Volume and High Frequency
2024-09-18,P013,KOL001,4,449,229,False,True,True,Unusually High Movement Frequency
2024-09-18,P019,KOL001,5,310,266,False,True,True,Unusually High Movement Frequency
2024-09-18,P020,KOL001,4,375,299,False,True,True,Unusually High Movement Frequency
2024-09-18,P023,KOL001,5,458,298,False,True,True,Unusually High Movement Frequency
2024-09-18,P026,KOL001,4,465,288,False,True,True,Unusually High Movement Frequency
2024-09-18,P028,KOL001,4,191,172,False,True,True,Unusually High Movement Frequency
2024-09-19,P010,KOL001,4,353,107,False,True,True,Unusually High Movement Frequency
2024-09-19,P019,PUN001,4,45,16,False,True,True,Unusually High Movement Frequency
2024-09-21,P008,HYD001,4,541,232,True,True,True,High Volume and High Frequency
2024-09-21,P010,HYD001,5,816,281,True,True,True,High Volume and High Frequency
2024-09-21,P017,HYD001,5,665,237,True,True,True,High Volume and High Frequency
2024-09-22,P003,DEL001,2,568,292,True,False,True,Unusual Daily Movement Volume
2024-09-22,P017,CHN001,3,546,282,True,False,True,Unusual Daily Movement Volume
2024-09-22,P021,AHM001,4,398,233,False,True,True,Unusually High Movement Frequency
2024-09-22,P024,PUN001,4,47,19,False,True,True,Unusually High Movement Frequency
2024-09-22,P026,PUN001,4,242,208,False,True,True,Unusually High Movement Frequency
2024-09-24,P007,HYD001,4,149,94,False,True,True,Unusually High Movement Frequency
2024-09-26,P011,AHM001,3,767,295,True,False,True,Unusual Daily Movement Volume
2024-09-27,P013,AHM001,3,581,291,True,False,True,Unusual Daily Movement Volume
2024-09-28,P001,CHN001,4,74,20,False,True,True,Unusually High Movement Frequency
2024-09-28,P006,CHN001,4,158,119,False,True,True,Unusually High Movement Frequency
2024-09-28,P022,CHN001,5,350,194,False,True,True,Unusually High Movement Frequency
2024-09-29,P007,CHN001,5,429,228,False,True,True,Unusually High Movement Frequency
2024-09-29,P013,HYD001,5,323,285,False,True,True,Unusually High Movement Frequency
2024-09-29,P018,CHN001,4,781,297,True,True,True,High Volume and High Frequency
2024-09-30,P003,CHN001,4,295,255,False,True,True,Unusually High Movement Frequency
2024-09-30,P012,CHN001,3,624,251,True,False,True,Unusual Daily Movement Volume
2024-09-30,P022,CHN001,4,217,178,False,True,True,Unusually High Movement Frequency
2024-10-01,P002,KOL001,5,495,249,False,True,True,Unusually High Movement Frequency
2024-10-01,P017,AHM001,4,375,184,False,True,True,Unusually High Movement Frequency
2024-10-02,P001,PUN001,4,283,172,False,True,True,Unusually High Movement Frequency
2024-10-03,P005,PUN001,4,186,90,False,True,True,Unusually High Movement Frequency
2024-10-03,P009,AHM001,4,22,11,False,True,True,Unusually High Movement Frequency
2024-10-03,P013,PUN001,5,254,165,False,True,True,Unusually High Movement Frequency
2024-10-05,P006,KOL001,4,517,182,False,True,True,Unusually High Movement Frequency
2024-10-05,P007,CHN001,4,459,256,False,True,True,Unusually High Movement Frequency
2024-10-05,P007,KOL001,4,405,148,False,True,True,Unusually High Movement Frequency
2024-10-05,P028,CHN001,4,305,222,False,True,True,Unusually High Movement Frequency
2024-10-07,P010,AHM001,4,487,190,False,True,True,Unusually High Movement Frequency
2024-10-09,P026,HYD001,4,22,10,False,True,True,Unusually High Movement Frequency
2024-10-10,P018,KOL001,4,197,164,False,True,True,Unusually High Movement Frequency
2024-10-11,P003,HYD001,4,42,17,False,True,True,Unusually High Movement Frequency
2024-10-11,P029,KOL001,5,262,239,False,True,True,Unusually High Movement Frequency
2024-10-12,P002,DEL001,4,200,182,False,True,True,Unusually High Movement Frequency
2024-10-12,P013,DEL001,3,533,290,True,False,True,Unusual Daily Movement Volume
2024-10-13,P009,PUN001,5,293,221,False,True,True,Unusually High Movement Frequency
2024-10-14,P002,PUN001,2,572,298,True,False,True,Unusual Daily Movement Volume
2024-10-14,P013,DEL001,4,609,281,True,True,True,High Volume and High Frequency
2024-10-14,P014,PUN001,5,679,215,True,True,True,High Volume and High Frequency
2024-10-14,P015,AHM001,4,55,19,False,True,True,Unusually High Movement Frequency
2024-10-15,P023,DEL001,4,334,230,False,True,True,Unusually High Movement Frequency
2024-10-15,P024,CHN001,4,560,255,True,True,True,High Volume and High Frequency
2024-10-15,P027,CHN001,5,832,214,True,True,True,High Volume and High Frequency
2024-10-17,P025,PUN001,4,38,15,False,True,True,Unusually High Movement Frequency
2024-10-17,P030,HYD001,4,295,143,False,True,True,Unusually High Movement Frequency
2024-10-18,P001,PUN001,4,776,299,True,True,True,High Volume and High Frequency
2024-10-18,P003,HYD001,3,605,209,True,False,True,Unusual Daily Movement Volume
2024-10-18,P015,AHM001,4,238,144,False,True,True,Unusually High Movement Frequency
2024-10-20,P008,DEL001,4,298,153,False,True,True,Unusually High Movement Frequency
2024-10-20,P010,DEL001,4,437,242,False,True,True,Unusually High Movement Frequency
2024-10-20,P011,CHN001,2,539,291,True,False,True,Unusual Daily Movement Volume
2024-10-20,P013,DEL001,5,371,239,False,True,True,Unusually High Movement Frequency
2024-10-20,P024,DEL001,4,655,299,True,True,True,High Volume and High Frequency
2024-10-20,P029,DEL001,3,757,291,True,False,True,Unusual Daily Movement Volume
2024-10-21,P001,CHN001,2,541,280,True,False,True,Unusual Daily Movement Volume
2024-10-21,P020,CHN001,5,665,275,True,True,True,High Volume and High Frequency
2024-10-21,P026,CHN001,4,476,277,False,True,True,Unusually High Movement Frequency
2024-10-23,P016,PUN001,4,752,253,True,True,True,High Volume and High Frequency
2024-10-24,P001,AHM001,3,606,282,True,False,True,Unusual Daily Movement Volume
2024-10-24,P007,AHM001,4,934,297,True,True,True,High Volume and High Frequency
2024-10-24,P022,HYD001,4,211,168,False,True,True,Unusually High Movement Frequency
2024-10-24,P030,AHM001,3,677,277,True,False,True,Unusual Daily Movement Volume
2024-10-25,P013,DEL001,2,558,285,True,False,True,Unusual Daily Movement Volume
2024-10-25,P019,DEL001,4,69,28,False,True,True,Unusually High Movement Frequency
2024-10-26,P020,DEL001,3,704,297,True,False,True,Unusual Daily Movement Volume
2024-10-26,P022,PUN001,4,57,19,False,True,True,Unusually High Movement Frequency
2024-10-26,P023,DEL001,6,319,142,False,True,True,Unusually High Movement Frequency
2024-10-26,P030,DEL001,4,739,291,True,True,True,High Volume and High Frequency
2024-10-28,P003,PUN001,4,579,204,True,True,True,High Volume and High Frequency
2024-10-28,P013,PUN001,4,836,300,True,True,True,High Volume and High Frequency
2024-10-30,P002,PUN001,4,280,249,False,True,True,Unusually High Movement Frequency
2024-10-30,P012,PUN001,4,294,271,False,True,True,Unusually High Movement Frequency
2024-10-30,P017,CHN001,4,53,18,False,True,True,Unusually High Movement Frequency
2024-10-30,P023,PUN001,4,334,290,False,True,True,Unusually High Movement Frequency
2024-10-31,P010,DEL001,3,567,286,True,False,True,Unusual Daily Movement Volume
2024-10-31,P016,AHM001,4,32,15,False,True,True,Unusually High Movement Frequency
2024-11-01,P014,CHN001,4,38,17,False,True,True,Unusually High Movement Frequency
2024-11-02,P009,CHN001,3,574,289,True,False,True,Unusual Daily Movement Volume
2024-11-02,P017,CHN001,3,673,243,True,False,True,Unusual Daily Movement Volume
2024-11-02,P019,CHN001,3,568,200,True,False,True,Unusual Daily Movement Volume
2024-11-03,P001,KOL001,4,322,299,False,True,True,Unusually High Movement Frequency
2024-11-03,P006,HYD001,4,302,214,False,True,True,Unusually High Movement Frequency
2024-11-03,P015,HYD001,5,40,18,False,True,True,Unusually High Movement Frequency
2024-11-04,P005,AHM001,3,611,282,True,False,True,Unusual Daily Movement Volume
2024-11-04,P015,CHN001,5,59,14,False,True,True,Unusually High Movement Frequency
2024-11-05,P004,KOL001,4,496,288,False,True,True,Unusually High Movement Frequency
2024-11-05,P008,KOL001,4,489,257,False,True,True,Unusually High Movement Frequency
2024-11-05,P023,KOL001,4,457,257,False,True,True,Unusually High Movement Frequency
2024-11-06,P009,PUN001,4,738,269,True,True,True,High Volume and High Frequency
2024-11-06,P028,PUN001,2,564,284,True,False,True,Unusual Daily Movement Volume
2024-11-06,P029,AHM001,4,671,195,True,True,True,High Volume and High Frequency
2024-11-07,P004,DEL001,3,600,299,True,False,True,Unusual Daily Movement Volume
2024-11-07,P011,DEL001,4,235,201,False,True,True,Unusually High Movement Frequency
2024-11-07,P018,CHN001,3,617,280,True,False,True,Unusual Daily Movement Volume
2024-11-08,P003,AHM001,4,524,261,False,True,True,Unusually High Movement Frequency
2024-11-08,P006,AHM001,3,573,228,True,False,True,Unusual Daily Movement Volume
2024-11-08,P025,AHM001,4,521,221,False,True,True,Unusually High Movement Frequency
2024-11-08,P025,DEL001,3,544,295,True,False,True,Unusual Daily Movement Volume
2024-11-10,P006,PUN001,4,491,269,False,True,True,Unusually High Movement Frequency
2024-11-11,P026,KOL001,5,486,202,False,True,True,Unusually High Movement Frequency
2024-11-14,P005,PUN001,3,717,278,True,False,True,Unusual Daily Movement Volume
2024-11-14,P009,PUN001,4,29,15,False,True,True,Unusually High Movement Frequency
2024-11-14,P012,PUN001,3,724,270,True,False,True,Unusual Daily Movement Volume
2024-11-14,P015,AHM001,4,456,285,False,True,True,Unusually High Movement Frequency
2024-11-14,P020,PUN001,5,153,60,False,True,True,Unusually High Movement Frequency
2024-11-14,P030,AHM001,3,546,277,True,False,True,Unusual Daily Movement Volume
2024-11-15,P009,CHN001,4,574,247,True,True,True,High Volume and High Frequency
2024-11-15,P012,AHM001,5,42,16,False,True,True,Unusually High Movement Frequency
2024-11-15,P023,CHN001,4,291,248,False,True,True,Unusually High Movement Frequency
2024-11-16,P011,KOL001,5,648,247,True,True,True,High Volume and High Frequency
2024-11-16,P016,DEL001,4,486,284,False,True,True,Unusually High Movement Frequency
2024-11-16,P016,KOL001,4,105,41,False,True,True,Unusually High Movement Frequency
2024-11-16,P017,KOL001,4,332,191,False,True,True,Unusually High Movement Frequency
2024-11-16,P020,KOL001,3,589,266,True,False,True,Unusual Daily Movement Volume
2024-11-16,P030,KOL001,4,459,284,False,True,True,Unusually High Movement Frequency
2024-11-17,P001,DEL001,3,733,269,True,False,True,Unusual Daily Movement Volume
2024-11-17,P014,KOL001,4,324,254,False,True,True,Unusually High Movement Frequency
2024-11-17,P017,DEL001,3,599,291,True,False,True,Unusual Daily Movement Volume
2024-11-17,P019,DEL001,5,531,296,True,True,True,High Volume and High Frequency
2024-11-17,P024,CHN001,4,77,35,False,True,True,Unusually High Movement Frequency
2024-11-17,P026,DEL001,4,479,217,False,True,True,Unusually High Movement Frequency
2024-11-18,P009,HYD001,4,780,297,True,True,True,High Volume and High Frequency
2024-11-18,P015,KOL001,2,568,298,True,False,True,Unusual Daily Movement Volume
2024-11-18,P021,CHN001,5,388,271,False,True,True,Unusually High Movement Frequency
2024-11-19,P013,PUN001,4,600,237,True,True,True,High Volume and High Frequency
2024-11-19,P022,CHN001,2,583,293,True,False,True,Unusual Daily Movement Volume
2024-11-19,P023,PUN001,5,766,262,True,True,True,High Volume and High Frequency
2024-11-19,P027,PUN001,6,683,230,True,True,True,High Volume and High Frequency
2024-11-19,P030,CHN001,4,735,280,True,True,True,High Volume and High Frequency
2024-11-21,P019,CHN001,4,30,14,False,True,True,Unusually High Movement Frequency
2024-11-22,P001,CHN001,3,708,277,True,False,True,Unusual Daily Movement Volume
2024-11-22,P008,PUN001,4,420,275,False,True,True,Unusually High Movement Frequency
2024-11-22,P018,CHN001,4,342,203,False,True,True,Unusually High Movement Frequency
2024-11-23,P026,CHN001,4,493,274,False,True,True,Unusually High Movement Frequency
2024-11-26,P021,AHM001,2,571,290,True,False,True,Unusual Daily Movement Volume
2024-11-27,P001,AHM001,5,79,40,False,True,True,Unusually High Movement Frequency
2024-11-27,P003,AHM001,3,702,283,True,False,True,Unusual Daily Movement Volume
2024-11-27,P013,AHM001,4,225,197,False,True,True,Unusually High Movement Frequency
2024-11-28,P025,CHN001,3,564,289,True,False,True,Unusual Daily Movement Volume
2024-11-29,P002,CHN001,4,39,18,False,True,True,Unusually High Movement Frequency
2024-11-29,P011,HYD001,5,1078,298,True,True,True,High Volume and High Frequency
2024-11-29,P015,CHN001,4,203,151,False,True,True,Unusually High Movement Frequency
2024-11-29,P016,CHN001,4,285,192,False,True,True,Unusually High Movement Frequency
2024-11-29,P017,CHN001,5,189,147,False,True,True,Unusually High Movement Frequency
2024-11-29,P022,CHN001,5,67,36,False,True,True,Unusually High Movement Frequency
2024-11-29,P030,AHM001,2,545,274,True,False,True,Unusual Daily Movement Volume
2024-12-01,P027,PUN001,4,767,285,True,True,True,High Volume and High Frequency
2024-12-02,P023,AHM001,6,948,268,True,True,True,High Volume and High Frequency
2024-12-03,P027,DEL001,3,586,273,True,False,True,Unusual Daily Movement Volume
2024-12-05,P005,HYD001,4,455,237,False,True,True,Unusually High Movement Frequency
2024-12-05,P011,HYD001,4,663,243,True,True,True,High Volume and High Frequency
2024-12-05,P020,HYD001,4,780,296,True,True,True,High Volume and High Frequency
2024-12-05,P030,AHM001,3,688,289,True,False,True,Unusual Daily Movement Volume
2024-12-06,P018,DEL001,4,405,231,False,True,True,Unusually High Movement Frequency
2024-12-07,P021,KOL001,4,369,226,False,True,True,Unusually High Movement Frequency
2024-12-08,P024,HYD001,6,287,158,False,True,True,Unusually High Movement Frequency
2024-12-09,P003,CHN001,2,534,282,True,False,True,Unusual Daily Movement Volume
2024-12-09,P003,KOL001,3,660,297,True,False,True,Unusual Daily Movement Volume
2024-12-09,P007,KOL001,3,559,295,True,False,True,Unusual Daily Movement Volume
2024-12-10,P012,AHM001,2,534,300,True,False,True,Unusual Daily Movement Volume
2024-12-11,P009,HYD001,6,839,253,True,True,True,High Volume and High Frequency
2024-12-11,P011,HYD001,4,295,189,False,True,True,Unusually High Movement Frequency
2024-12-12,P002,DEL001,6,69,18,False,True,True,Unusually High Movement Frequency
2024-12-12,P026,DEL001,4,34,17,False,True,True,Unusually High Movement Frequency
2024-12-13,P001,AHM001,3,541,295,True,False,True,Unusual Daily Movement Volume
2024-12-13,P005,AHM001,3,619,297,True,False,True,Unusual Daily Movement Volume
2024-12-13,P011,AHM001,2,561,292,True,False,True,Unusual Daily Movement Volume
2024-12-13,P015,AHM001,4,509,260,False,True,True,Unusually High Movement Frequency
2024-12-13,P016,AHM001,2,535,297,True,False,True,Unusual Daily Movement Volume
2024-12-13,P022,AHM001,4,513,266,False,True,True,Unusually High Movement Frequency
2024-12-14,P006,CHN001,4,825,295,True,True,True,High Volume and High Frequency
2024-12-14,P016,DEL001,3,649,284,True,False,True,Unusual Daily Movement Volume
2024-12-14,P018,PUN001,4,569,267,True,True,True,High Volume and High Frequency
2024-12-14,P025,PUN001,4,210,121,False,True,True,Unusually High Movement Frequency
2024-12-15,P005,CHN001,2,545,293,True,False,True,Unusual Daily Movement Volume
2024-12-15,P010,CHN001,4,635,186,True,True,True,High Volume and High Frequency
2024-12-16,P029,DEL001,3,632,221,True,False,True,Unusual Daily Movement Volume
2024-12-17,P002,CHN001,5,204,139,False,True,True,Unusually High Movement Frequency
2024-12-17,P008,HYD001,3,532,271,True,False,True,Unusual Daily Movement Volume
2024-12-17,P009,CHN001,5,377,288,False,True,True,Unusually High Movement Frequency
2024-12-17,P012,AHM001,5,609,295,True,True,True,High Volume and High Frequency
2024-12-17,P012,CHN001,4,341,175,False,True,True,Unusually High Movement Frequency
2024-12-17,P014,DEL001,4,702,289,True,True,True,High Volume and High Frequency
2024-12-17,P015,KOL001,5,472,210,False,True,True,Unusually High Movement Frequency
2024-12-17,P018,AHM001,4,138,78,False,True,True,Unusually High Movement Frequency
2024-12-17,P026,CHN001,5,973,291,True,True,True,High Volume and High Frequency
2024-12-17,P028,CHN001,5,627,222,True,True,True,High Volume and High Frequency
2024-12-17,P028,DEL001,5,751,289,True,True,True,High Volume and High Frequency
2024-12-18,P010,KOL001,3,562,287,True,False,True,Unusual Daily Movement Volume
2024-12-18,P027,PUN001,5,625,266,True,True,True,High Volume and High Frequency
2024-12-19,P019,KOL001,3,731,275,True,False,True,Unusual Daily Movement Volume
2024-12-19,P023,AHM001,3,629,262,True,False,True,Unusual Daily Movement Volume
2024-12-20,P017,CHN001,5,33,20,False,True,True,Unusually High Movement Frequency
2024-12-20,P022,DEL001,4,469,204,False,True,True,Unusually High Movement Frequency
2024-12-20,P028,DEL001,3,600,298,True,False,True,Unusual Daily Movement Volume
2024-12-20,P029,CHN001,4,277,152,False,True,True,Unusually High Movement Frequency
2024-12-21,P022,AHM001,3,564,223,True,False,True,Unusual Daily Movement Volume
2024-12-22,P001,KOL001,4,46,19,False,True,True,Unusually High Movement Frequency
2024-12-22,P012,KOL001,5,35,12,False,True,True,Unusually High Movement Frequency
2024-12-24,P002,AHM001,2,546,285,True,False,True,Unusual Daily Movement Volume
2024-12-24,P017,CHN001,2,537,272,True,False,True,Unusual Daily Movement Volume
2024-12-24,P021,CHN001,4,270,156,False,True,True,Unusually High Movement Frequency
2024-12-25,P008,AHM001,4,738,282,True,True,True,High Volume and High Frequency
2024-12-27,P006,DEL001,5,203,170,False,True,True,Unusually High Movement Frequency
2024-12-27,P013,DEL001,4,290,245,False,True,True,Unusually High Movement Frequency
2024-12-27,P030,DEL001,3,595,240,True,False,True,Unusual Daily Movement Volume
2024-12-28,P010,KOL001,2,551,276,True,False,True,Unusual Daily Movement Volume
2024-12-29,P018,KOL001,4,42,20,False,True,True,Unusually High Movement Frequency
2024-12-30,P010,CHN001,3,566,286,True,False,True,Unusual Daily Movement Volume
2024-12-30,P018,CHN001,4,621,298,True,True,True,High Volume and High Frequency
2024-12-30,P025,KOL001,5,207,129,False,True,True,Unusually High Movement Frequency
2024-12-31,P002,AHM001,4,165,142,False,True,True,Unusually High Movement Frequency
2025-01-01,P004,CHN001,4,403,223,False,True,True,Unusually High Movement Frequency
2025-01-01,P018,HYD001,4,615,232,True,True,True,High Volume and High Frequency
2025-01-01,P022,DEL001,3,554,295,True,False,True,Unusual Daily Movement Volume
2025-01-02,P001,AHM001,4,684,274,True,True,True,High Volume and High Frequency
2025-01-02,P009,HYD001,4,266,94,False,True,True,Unusually High Movement Frequency
2025-01-02,P014,KOL001,4,577,289,True,True,True,High Volume and High Frequency
2025-01-04,P022,DEL001,4,577,225,True,True,True,High Volume and High Frequency
2025-01-05,P027,CHN001,4,505,222,False,True,True,Unusually High Movement Frequency
2025-01-06,P014,DEL001,3,636,283,True,False,True,Unusual Daily Movement Volume
2025-01-07,P017,PUN001,3,554,266,True,False,True,Unusual Daily Movement Volume
2025-01-07,P025,KOL001,4,370,255,False,True,True,Unusually High Movement Frequency
2025-01-08,P002,KOL001,4,480,170,False,True,True,Unusually High Movement Frequency
2025-01-08,P009,KOL001,4,540,297,True,True,True,High Volume and High Frequency
2025-01-08,P011,KOL001,5,301,222,False,True,True,Unusually High Movement Frequency
2025-01-08,P013,KOL001,5,483,194,False,True,True,Unusually High Movement Frequency
2025-01-08,P027,KOL001,3,571,292,True,False,True,Unusual Daily Movement Volume
2025-01-08,P028,PUN001,2,571,288,True,False,True,Unusual Daily Movement Volume
2025-01-10,P026,DEL001,4,698,267,True,True,True,High Volume and High Frequency
2025-01-10,P027,KOL001,2,532,289,True,False,True,Unusual Daily Movement Volume
2025-01-11,P004,HYD001,4,794,285,True,True,True,High Volume and High Frequency
2025-01-11,P010,CHN001,3,622,294,True,False,True,Unusual Daily Movement Volume
2025-01-11,P029,HYD001,4,239,121,False,True,True,Unusually High Movement Frequency
2025-01-12,P003,HYD001,3,592,216,True,False,True,Unusual Daily Movement Volume
2025-01-12,P009,HYD001,4,928,291,True,True,True,High Volume and High Frequency
2025-01-12,P019,CHN001,2,569,292,True,False,True,Unusual Daily Movement Volume
2025-01-13,P010,HYD001,2,554,289,True,False,True,Unusual Daily Movement Volume
2025-01-13,P020,PUN001,3,621,263,True,False,True,Unusual Daily Movement Volume
2025-01-13,P025,HYD001,3,606,278,True,False,True,Unusual Daily Movement Volume
2025-01-16,P019,DEL001,3,769,300,True,False,True,Unusual Daily Movement Volume
2025-01-18,P017,KOL001,4,710,213,True,True,True,High Volume and High Frequency
2025-01-18,P018,PUN001,4,450,148,False,True,True,Unusually High Movement Frequency
